#usda 1.0
(
    customLayerData = {
        dictionary cameraSettings = {
            dictionary Front = {
                double3 position = (5, 0, 0)
                double radius = 5
            }
            dictionary Perspective = {
                double3 position = (3.204165803254717, 3.5776183945891415, 4.390330660639277)
                double3 target = (-0.5198725072339898, -0.14641991589956316, 0.6662924390367757)
            }
            dictionary Right = {
                double3 position = (0, -5, 0)
                double radius = 5
            }
            dictionary Top = {
                double3 position = (0, 0, 5)
                double radius = 5
            }
            string boundCamera = "/OmniverseKit_Persp"
        }
        dictionary navmeshSettings = {
            double agentHeight = 180
            double agentRadius = 20
            bool excludeRigidBodies = 1
            int ver = 2
            double voxelCeiling = 460
        }
        dictionary omni_layer = {
            string authoring_layer = "./denso_robot_with_hand1.usda"
            dictionary locked = {
            }
            dictionary muteness = {
            }
        }
        dictionary renderSettings = {
            float3 "rtx:debugView:pixelDebug:textColor" = (0, 1e18, 0)
            float3 "rtx:fog:fogColor" = (0.75, 0.75, 0.75)
            float3 "rtx:index:regionOfInterestMax" = (0, 0, 0)
            float3 "rtx:index:regionOfInterestMin" = (0, 0, 0)
            float3 "rtx:iray:environment_dome_ground_position" = (0, 0, 0)
            float3 "rtx:iray:environment_dome_ground_reflectivity" = (0, 0, 0)
            float3 "rtx:iray:environment_dome_rotation_axis" = (3.4028235e38, 3.4028235e38, 3.4028235e38)
            float3 "rtx:post:backgroundZeroAlpha:backgroundDefaultColor" = (0, 0, 0)
            float3 "rtx:post:colorcorr:contrast" = (1, 1, 1)
            float3 "rtx:post:colorcorr:gain" = (1, 1, 1)
            float3 "rtx:post:colorcorr:gamma" = (1, 1, 1)
            float3 "rtx:post:colorcorr:offset" = (0, 0, 0)
            float3 "rtx:post:colorcorr:saturation" = (1, 1, 1)
            float3 "rtx:post:colorgrad:blackpoint" = (0, 0, 0)
            float3 "rtx:post:colorgrad:contrast" = (1, 1, 1)
            float3 "rtx:post:colorgrad:gain" = (1, 1, 1)
            float3 "rtx:post:colorgrad:gamma" = (1, 1, 1)
            float3 "rtx:post:colorgrad:lift" = (0, 0, 0)
            float3 "rtx:post:colorgrad:multiply" = (1, 1, 1)
            float3 "rtx:post:colorgrad:offset" = (0, 0, 0)
            float3 "rtx:post:colorgrad:whitepoint" = (1, 1, 1)
            float3 "rtx:post:lensDistortion:lensFocalLengthArray" = (10, 30, 50)
            float3 "rtx:post:lensFlares:anisoFlareFalloffX" = (450, 475, 500)
            float3 "rtx:post:lensFlares:anisoFlareFalloffY" = (10, 10, 10)
            float3 "rtx:post:lensFlares:cutoffPoint" = (2, 2, 2)
            float3 "rtx:post:lensFlares:haloFlareFalloff" = (10, 10, 10)
            float3 "rtx:post:lensFlares:haloFlareRadius" = (75, 75, 75)
            float3 "rtx:post:lensFlares:isotropicFlareFalloff" = (50, 50, 50)
            float3 "rtx:post:tonemap:whitepoint" = (1, 1, 1)
            float3 "rtx:raytracing:inscattering:singleScatteringAlbedo" = (0.9, 0.9, 0.9)
            float3 "rtx:raytracing:inscattering:transmittanceColor" = (0.5, 0.5, 0.5)
            float3 "rtx:sceneDb:ambientLightColor" = (0.1, 0.1, 0.1)
            double "rtx:translucency:worldEps" = 0.005
        }
    }
    defaultPrim = "World"
    endTimeCode = 100
    metersPerUnit = 1
    startTimeCode = 0
    timeCodesPerSecond = 60
    upAxis = "Z"
)

over "Render" (
    hide_in_stage_window = true
)
{
}

def Xform "World"
{
    def "denso_robot" (
        prepend payload = @file:/home/ruiqiang/workspaces/isaac_ws/isaac_sim_cloth/OmniIsaacGymEnvs/omniisaacgymenvs/tasks/cloth_manipulation/urdf/denso_robot/denso_robot_with_hand.usd@
    )
    {
        quatd xformOp:orient = (0, 0, 0, 1)
        double3 xformOp:scale = (1, 1, 1)
        double3 xformOp:translate = (0.5, 0, 0)
        uniform token[] xformOpOrder = ["xformOp:translate", "xformOp:orient", "xformOp:scale"]

        over "denso_robot"
        {
            over "root_joint" (
                prepend apiSchemas = ["PhysicsArticulationRootAPI", "PhysxArticulationAPI"]
            )
            {
            }
        }

        over "thumb_fingertip_link"
        {
            over "collisions" (
                prepend apiSchemas = ["PhysxCookedDataAPI:convexHull"]
            )
            {
                uchar[] physxCookedData:convexHull:buffer = [9, 226, 210, 101, 242, 252, 151, 30, 179, 233, 126, 31, 171, 46, 116, 125, 17, 78, 88, 83, 1, 67, 86, 88, 77, 14, 0, 0, 0, 0, 0, 0, 0, 73, 67, 69, 1, 67, 76, 72, 76, 9, 0, 0, 0, 34, 0, 0, 0, 89, 128, 0, 0, 57, 0, 0, 0, 178, 0, 0, 0, 172, 72, 87, 189, 6, 71, 143, 189, 133, 246, 84, 189, 254, 0, 118, 189, 188, 58, 141, 189, 189, 177, 149, 189, 61, 49, 148, 189, 117, 114, 143, 189, 206, 36, 84, 189, 24, 154, 148, 189, 6, 71, 143, 189, 43, 196, 152, 189, 160, 203, 98, 189, 108, 61, 12, 190, 168, 193, 116, 189, 244, 233, 95, 189, 118, 91, 10, 190, 13, 213, 142, 189, 198, 119, 52, 189, 101, 78, 221, 189, 117, 63, 156, 189, 66, 4, 53, 189, 101, 78, 221, 189, 206, 36, 84, 189, 75, 238, 147, 189, 108, 44, 11, 190, 184, 244, 89, 189, 200, 203, 122, 189, 239, 210, 9, 190, 153, 147, 85, 189, 244, 147, 147, 189, 101, 78, 221, 189, 237, 169, 63, 189, 129, 155, 52, 189, 14, 243, 171, 189, 218, 100, 140, 189, 129, 155, 52, 189, 14, 243, 171, 189, 179, 33, 85, 189, 172, 72, 87, 189, 6, 71, 143, 189, 43, 196, 152, 189, 245, 84, 89, 189, 101, 78, 221, 189, 237, 169, 63, 189, 53, 132, 126, 189, 1, 188, 144, 189, 118, 29, 159, 189, 239, 137, 102, 189, 74, 50, 151, 189, 140, 173, 72, 189, 57, 155, 128, 189, 232, 183, 144, 189, 203, 172, 72, 189, 57, 140, 117, 189, 78, 95, 15, 190, 113, 237, 136, 189, 30, 204, 116, 189, 238, 6, 12, 190, 235, 84, 149, 189, 228, 112, 147, 189, 23, 222, 14, 190, 222, 31, 105, 189, 235, 176, 120, 189, 66, 167, 14, 190, 81, 41, 104, 189, 63, 193, 146, 189, 225, 238, 15, 190, 71, 14, 123, 189, 244, 147, 147, 189, 101, 78, 221, 189, 119, 106, 163, 189, 141, 192, 99, 189, 58, 117, 153, 189, 118, 29, 159, 189, 245, 84, 89, 189, 101, 78, 221, 189, 119, 106, 163, 189, 161, 42, 101, 189, 99, 132, 9, 190, 162, 237, 93, 189, 63, 193, 146, 189, 55, 16, 15, 190, 213, 250, 141, 189, 49, 189, 148, 189, 45, 238, 11, 190, 77, 234, 148, 189, 2, 203, 150, 189, 32, 10, 14, 190, 8, 235, 115, 189, 194, 128, 150, 189, 50, 131, 14, 190, 6, 124, 137, 189, 80, 78, 143, 189, 4, 185, 155, 189, 118, 29, 159, 189, 180, 187, 142, 189, 127, 58, 154, 189, 203, 172, 72, 189, 213, 51, 142, 189, 72, 206, 7, 190, 96, 194, 153, 189, 74, 103, 110, 63, 189, 137, 186, 190, 157, 43, 81, 59, 251, 174, 249, 58, 0, 0, 4, 3, 238, 171, 113, 187, 245, 177, 127, 63, 229, 66, 71, 61, 212, 227, 147, 61, 4, 0, 3, 22, 149, 95, 164, 189, 245, 43, 127, 63, 227, 190, 141, 59, 63, 140, 131, 61, 7, 0, 3, 18, 134, 163, 138, 189, 51, 9, 101, 190, 108, 233, 120, 63, 170, 193, 134, 60, 10, 0, 3, 15, 165, 255, 127, 63, 215, 57, 191, 57, 75, 15, 86, 59, 38, 166, 53, 61, 13, 0, 4, 29, 208, 15, 91, 63, 250, 119, 4, 63, 0, 0, 0, 0, 0, 64, 166, 61, 17, 0, 4, 30, 172, 205, 67, 63, 230, 189, 74, 62, 228, 238, 28, 191, 40, 101, 8, 60, 21, 0, 3, 8, 255, 85, 7, 62, 29, 193, 125, 63, 0, 0, 0, 0, 58, 63, 156, 61, 24, 0, 3, 22, 220, 127, 251, 62, 127, 231, 218, 59, 227, 250, 94, 63, 201, 83, 138, 61, 27, 0, 3, 23, 0, 0, 0, 0, 250, 98, 74, 190, 61, 243, 122, 63, 177, 206, 200, 60, 30, 0, 3, 15, 32, 50, 16, 189, 124, 22, 113, 63, 104, 63, 171, 190, 140, 53, 29, 61, 33, 0, 3, 21, 122, 131, 77, 61, 252, 173, 109, 63, 26, 118, 188, 190, 246, 98, 36, 61, 36, 0, 3, 20, 105, 80, 4, 60, 245, 238, 132, 61, 168, 115, 127, 63, 234, 188, 93, 61, 39, 0, 4, 23, 195, 55, 240, 186, 140, 150, 121, 63, 74, 189, 99, 62, 89, 44, 163, 61, 43, 0, 3, 27, 221, 44, 38, 63, 50, 68, 65, 191, 26, 251, 190, 189, 237, 140, 149, 189, 46, 0, 3, 2, 152, 216, 253, 62, 37, 65, 69, 191, 103, 27, 205, 190, 56, 237, 214, 189, 49, 0, 3, 2, 66, 186, 18, 63, 236, 214, 203, 190, 26, 91, 55, 191, 164, 76, 148, 189, 52, 0, 3, 2, 38, 67, 231, 186, 49, 33, 52, 191, 115, 231, 53, 63, 158, 249, 108, 189, 55, 0, 4, 15, 245, 243, 167, 61, 97, 107, 126, 191, 245, 11, 153, 61, 42, 86, 4, 190, 59, 0, 3, 3, 122, 203, 228, 62, 201, 184, 99, 191, 92, 166, 194, 61, 94, 49, 187, 189, 62, 0, 3, 3, 252, 200, 18, 60, 224, 250, 91, 61, 201, 158, 127, 191, 64, 247, 149, 189, 65, 0, 4, 10, 196, 87, 177, 62, 49, 200, 150, 190, 34, 3, 100, 191, 194, 21, 173, 189, 69, 0, 3, 32, 179, 239, 240, 62, 210, 220, 146, 190, 97, 157, 85, 63, 46, 62, 7, 61, 72, 0, 3, 3, 129, 211, 183, 62, 133, 50, 148, 190, 138, 38, 99, 63, 93, 246, 239, 60, 75, 0, 3, 31, 92, 123, 157, 62, 75, 95, 36, 191, 100, 197, 51, 63, 222, 181, 253, 188, 78, 0, 3, 3, 188, 189, 13, 63, 226, 78, 58, 191, 146, 55, 207, 62, 66, 158, 55, 189, 81, 0, 3, 3, 44, 58, 93, 63, 53, 163, 211, 190, 102, 237, 146, 62, 224, 103, 9, 60, 84, 0, 3, 3, 213, 64, 131, 188, 129, 131, 62, 191, 15, 243, 42, 191, 46, 12, 27, 190, 87, 0, 3, 17, 43, 23, 157, 61, 50, 230, 96, 191, 59, 107, 241, 190, 31, 135, 25, 190, 90, 0, 3, 17, 171, 104, 99, 187, 77, 148, 126, 191, 136, 88, 215, 189, 19, 253, 21, 190, 93, 0, 3, 0, 2, 129, 120, 191, 6, 141, 69, 189, 241, 249, 112, 62, 217, 96, 131, 189, 96, 0, 3, 6, 109, 132, 126, 191, 25, 76, 205, 59, 67, 186, 219, 61, 20, 14, 135, 189, 99, 0, 3, 6, 215, 249, 127, 191, 58, 206, 94, 60, 213, 150, 229, 58, 56, 95, 146, 189, 102, 0, 4, 6, 94, 211, 121, 190, 50, 109, 182, 62, 178, 230, 102, 191, 128, 252, 117, 189, 106, 0, 3, 9, 113, 216, 63, 189, 169, 22, 140, 61, 106, 30, 127, 191, 170, 160, 154, 189, 109, 0, 3, 14, 175, 39, 43, 191, 64, 76, 188, 61, 156, 233, 60, 191, 20, 233, 198, 189, 112, 0, 3, 7, 177, 231, 15, 63, 159, 122, 37, 62, 196, 164, 79, 191, 128, 253, 160, 188, 115, 0, 3, 10, 38, 224, 184, 62, 59, 83, 177, 61, 121, 178, 109, 191, 133, 170, 58, 189, 118, 0, 3, 10, 30, 84, 131, 62, 61, 118, 201, 62, 213, 0, 98, 191, 228, 131, 203, 188, 121, 0, 3, 8, 122, 250, 65, 189, 200, 18, 144, 61, 234, 19, 127, 63, 228, 33, 80, 61, 124, 0, 3, 25, 163, 176, 118, 190, 73, 57, 183, 62, 60, 244, 102, 63, 152, 167, 94, 61, 127, 0, 3, 19, 145, 141, 31, 191, 87, 239, 198, 61, 138, 165, 70, 63, 192, 87, 248, 58, 130, 0, 3, 6, 254, 60, 88, 60, 250, 250, 120, 191, 169, 196, 109, 62, 148, 227, 248, 189, 133, 0, 3, 1, 151, 90, 81, 191, 40, 34, 224, 190, 92, 74, 191, 62, 28, 28, 202, 189, 136, 0, 3, 13, 143, 253, 27, 191, 79, 216, 71, 191, 252, 67, 14, 62, 52, 90, 20, 190, 139, 0, 3, 13, 125, 71, 142, 188, 111, 246, 253, 190, 57, 62, 94, 191, 230, 86, 7, 190, 142, 0, 3, 17, 111, 67, 201, 190, 189, 206, 90, 190, 143, 242, 100, 191, 139, 114, 251, 189, 145, 0, 3, 16, 0, 0, 0, 0, 211, 10, 65, 190, 236, 104, 123, 191, 187, 52, 202, 189, 148, 0, 3, 17, 210, 59, 217, 61, 42, 169, 130, 190, 151, 7, 118, 191, 112, 0, 202, 189, 151, 0, 3, 17, 52, 177, 98, 62, 75, 65, 233, 62, 37, 187, 92, 63, 66, 234, 180, 61, 154, 0, 3, 28, 55, 45, 159, 62, 31, 138, 184, 61, 212, 55, 114, 63, 185, 101, 144, 61, 157, 0, 3, 23, 176, 13, 220, 62, 211, 195, 131, 62, 209, 143, 93, 63, 48, 75, 175, 61, 160, 0, 3, 28, 87, 161, 197, 190, 212, 217, 106, 191, 100, 168, 198, 189, 48, 116, 38, 190, 163, 0, 3, 0, 127, 10, 43, 191, 91, 74, 62, 191, 135, 93, 6, 61, 146, 244, 25, 190, 166, 0, 3, 13, 180, 128, 126, 191, 229, 175, 221, 58, 249, 37, 221, 189, 144, 252, 163, 189, 169, 0, 3, 12, 1, 150, 124, 191, 12, 84, 167, 188, 40, 92, 37, 190, 241, 132, 176, 189, 172, 0, 3, 12, 38, 163, 40, 191, 253, 108, 36, 191, 140, 157, 200, 190, 79, 10, 40, 190, 175, 0, 3, 0, 4, 5, 6, 7, 0, 1, 2, 3, 2, 1, 8, 9, 10, 7, 6, 11, 12, 13, 0, 12, 11, 13, 11, 6, 13, 1, 0, 14, 7, 12, 14, 10, 9, 15, 3, 1, 15, 1, 13, 10, 14, 16, 17, 17, 0, 2, 5, 4, 18, 5, 18, 19, 5, 19, 6, 9, 8, 20, 21, 21, 22, 18, 21, 18, 4, 23, 15, 24, 25, 25, 6, 19, 26, 7, 14, 26, 14, 9, 26, 9, 21, 26, 21, 4, 26, 4, 7, 27, 28, 19, 27, 19, 18, 27, 18, 22, 29, 8, 10, 29, 10, 2, 2, 3, 30, 29, 31, 3, 15, 31, 15, 23, 31, 23, 3, 24, 13, 6, 24, 6, 25, 24, 15, 13, 32, 10, 17, 32, 17, 2, 32, 2, 10, 20, 22, 21, 20, 8, 29, 20, 29, 22, 33, 19, 28, 33, 28, 23, 33, 23, 25, 33, 25, 19, 16, 0, 17, 16, 14, 12, 16, 12, 0, 30, 27, 22, 30, 22, 29, 30, 3, 23, 30, 23, 28, 30, 28, 27, 0, 14, 0, 16, 0, 4, 0, 26, 1, 7, 1, 2, 1, 13, 2, 32, 2, 10, 3, 17, 3, 9, 3, 30, 4, 6, 4, 5, 4, 8, 5, 7, 5, 51, 5, 6, 6, 36, 7, 11, 8, 22, 8, 50, 9, 12, 9, 23, 10, 33, 10, 11, 11, 38, 12, 50, 12, 49, 12, 39, 13, 49, 13, 40, 14, 19, 14, 15, 15, 28, 15, 16, 16, 21, 17, 43, 17, 42, 17, 24, 18, 42, 18, 29, 18, 19, 19, 25, 20, 34, 20, 38, 20, 37, 20, 47, 21, 37, 21, 48, 22, 26, 22, 23, 23, 24, 24, 25, 25, 26, 27, 56, 27, 45, 27, 28, 28, 29, 29, 52, 30, 43, 30, 31, 31, 41, 31, 32, 32, 54, 32, 53, 33, 35, 33, 34, 34, 35, 35, 54, 36, 38, 36, 37, 39, 41, 39, 40, 40, 41, 42, 44, 43, 44, 44, 53, 45, 48, 45, 46, 46, 55, 46, 47, 47, 48, 49, 51, 50, 51, 52, 56, 52, 53, 54, 55, 55, 56, 1, 5, 7, 1, 2, 7, 1, 2, 13, 2, 10, 32, 0, 14, 19, 0, 14, 15, 0, 4, 6, 0, 4, 8, 3, 17, 30, 3, 9, 17, 3, 9, 12, 4, 5, 6, 4, 5, 8, 5, 6, 7, 8, 9, 12, 10, 11, 20, 12, 49, 50, 12, 13, 39, 14, 15, 18, 15, 16, 21, 17, 42, 43, 17, 18, 19, 18, 29, 42, 20, 34, 35, 20, 36, 37, 20, 21, 37, 22, 23, 24, 27, 28, 29, 27, 45, 46, 30, 31, 32, 32, 52, 53, 33, 34, 35, 39, 40, 41, 45, 46, 47, 4, 0, 5, 0, 5, 0, 6, 0, 6, 0, 7, 0, 7, 0, 4, 0, 0, 0, 1, 0, 1, 0, 2, 0, 2, 0, 0, 0, 3, 0, 2, 0, 1, 0, 3, 0, 8, 0, 9, 0, 9, 0, 10, 0, 10, 0, 8, 0, 6, 0, 11, 0, 11, 0, 12, 0, 12, 0, 7, 0, 13, 0, 0, 0, 0, 0, 12, 0, 11, 0, 13, 0, 6, 0, 13, 0, 13, 0, 1, 0, 14, 0, 7, 0, 12, 0, 14, 0, 14, 0, 10, 0, 9, 0, 14, 0, 15, 0, 3, 0, 1, 0, 15, 0, 13, 0, 15, 0, 14, 0, 16, 0, 16, 0, 17, 0, 17, 0, 10, 0, 17, 0, 0, 0, 2, 0, 17, 0, 4, 0, 18, 0, 18, 0, 5, 0, 18, 0, 19, 0, 19, 0, 5, 0, 19, 0, 6, 0, 8, 0, 20, 0, 20, 0, 21, 0, 21, 0, 9, 0, 21, 0, 22, 0, 22, 0, 18, 0, 18, 0, 21, 0, 4, 0, 21, 0, 23, 0, 15, 0, 15, 0, 24, 0, 24, 0, 25, 0, 25, 0, 23, 0, 25, 0, 6, 0, 19, 0, 25, 0, 26, 0, 7, 0, 14, 0, 26, 0, 9, 0, 26, 0, 21, 0, 26, 0, 4, 0, 26, 0, 27, 0, 28, 0, 28, 0, 19, 0, 19, 0, 27, 0, 18, 0, 27, 0, 22, 0, 27, 0, 29, 0, 8, 0, 10, 0, 29, 0, 10, 0, 2, 0, 2, 0, 29, 0, 3, 0, 30, 0, 30, 0, 29, 0, 31, 0, 3, 0, 15, 0, 31, 0, 23, 0, 31, 0, 23, 0, 3, 0, 24, 0, 13, 0, 6, 0, 24, 0, 32, 0, 10, 0, 17, 0, 32, 0, 2, 0, 32, 0, 20, 0, 22, 0, 29, 0, 20, 0, 29, 0, 22, 0, 33, 0, 19, 0, 28, 0, 33, 0, 28, 0, 23, 0, 23, 0, 33, 0, 25, 0, 33, 0, 16, 0, 0, 0, 12, 0, 16, 0, 30, 0, 27, 0, 22, 0, 30, 0, 23, 0, 30, 0, 28, 0, 30, 0, 0, 0, 0, 0, 2, 203, 150, 189, 225, 238, 15, 190, 119, 106, 163, 189, 198, 119, 52, 189, 188, 58, 141, 189, 238, 169, 63, 189, 23, 15, 74, 56, 107, 250, 62, 53, 7, 45, 159, 180, 89, 85, 69, 180, 7, 45, 159, 180, 181, 188, 200, 52, 255, 191, 166, 180, 89, 85, 69, 180, 255, 191, 166, 180, 255, 5, 58, 53, 239, 222, 118, 189, 56, 159, 208, 189, 135, 155, 129, 189, 0, 0, 128, 63, 73, 67, 69, 1, 83, 85, 80, 77, 0, 0, 0, 0, 73, 67, 69, 1, 71, 65, 85, 83, 0, 0, 0, 0, 16, 0, 0, 0, 0, 6, 0, 0, 5, 5, 5, 5, 5, 5, 5, 4, 4, 4, 4, 4, 26, 26, 26, 26, 5, 5, 5, 5, 5, 5, 5, 4, 4, 4, 4, 4, 26, 26, 26, 26, 5, 5, 5, 5, 5, 5, 5, 5, 4, 4, 4, 26, 26, 26, 26, 26, 6, 6, 5, 5, 5, 5, 5, 5, 4, 4, 4, 26, 26, 26, 26, 26, 6, 6, 6, 6, 6, 6, 5, 5, 4, 4, 7, 7, 7, 7, 7, 7, 6, 6, 6, 6, 6, 6, 6, 6, 7, 7, 7, 7, 7, 7, 7, 7, 6, 6, 6, 6, 6, 6, 6, 6, 7, 7, 7, 7, 7, 7, 7, 7, 6, 6, 6, 6, 6, 6, 6, 6, 7, 7, 7, 7, 7, 7, 7, 7, 6, 6, 6, 6, 6, 6, 11, 11, 12, 12, 12, 12, 12, 12, 12, 12, 6, 6, 6, 11, 11, 11, 11, 11, 12, 12, 12, 12, 12, 12, 12, 12, 13, 13, 13, 11, 11, 11, 11, 11, 12, 12, 12, 12, 12, 12, 12, 12, 13, 13, 13, 13, 13, 13, 11, 11, 12, 12, 12, 12, 12, 12, 12, 12, 13, 13, 13, 13, 13, 13, 13, 13, 12, 12, 12, 12, 12, 12, 12, 12, 13, 13, 13, 13, 13, 13, 13, 13, 0, 0, 0, 0, 0, 0, 0, 0, 13, 13, 13, 13, 13, 13, 13, 13, 0, 0, 0, 0, 0, 0, 0, 0, 13, 13, 13, 13, 13, 13, 13, 13, 0, 0, 0, 0, 0, 0, 0, 0, 28, 28, 28, 27, 30, 30, 30, 30, 29, 29, 20, 20, 20, 20, 20, 8, 28, 28, 28, 28, 30, 30, 30, 30, 29, 29, 29, 20, 20, 20, 8, 8, 28, 28, 28, 28, 30, 30, 30, 30, 29, 29, 29, 20, 20, 8, 8, 8, 28, 28, 28, 28, 28, 30, 30, 30, 29, 29, 29, 20, 8, 8, 8, 8, 28, 28, 28, 28, 28, 30, 30, 30, 29, 29, 29, 8, 8, 8, 8, 8, 28, 28, 28, 28, 28, 28, 30, 30, 29, 29, 29, 8, 8, 8, 8, 8, 23, 28, 28, 28, 28, 28, 30, 30, 29, 29, 8, 8, 8, 8, 8, 10, 23, 23, 23, 23, 23, 28, 28, 30, 29, 29, 10, 10, 10, 10, 10, 10, 23, 23, 23, 23, 3, 3, 3, 3, 2, 2, 2, 2, 10, 10, 10, 10, 3, 3, 3, 3, 3, 3, 3, 3, 2, 2, 2, 2, 2, 2, 2, 2, 3, 3, 3, 3, 3, 3, 3, 3, 2, 2, 2, 2, 2, 2, 2, 2, 3, 3, 3, 3, 3, 3, 3, 3, 2, 2, 2, 2, 2, 2, 2, 2, 3, 3, 3, 3, 3, 3, 3, 3, 2, 2, 2, 2, 2, 2, 2, 2, 3, 3, 3, 3, 3, 3, 3, 3, 2, 2, 2, 2, 2, 2, 2, 2, 3, 3, 3, 3, 3, 3, 3, 3, 2, 2, 2, 2, 2, 2, 2, 2, 3, 3, 3, 3, 3, 3, 3, 3, 2, 2, 2, 2, 2, 2, 2, 2, 3, 3, 3, 3, 3, 3, 15, 15, 15, 15, 13, 13, 13, 13, 13, 13, 3, 3, 3, 3, 3, 3, 3, 15, 15, 15, 13, 13, 13, 13, 13, 13, 3, 3, 3, 3, 3, 3, 3, 15, 15, 13, 13, 13, 13, 13, 13, 13, 3, 3, 3, 3, 3, 3, 3, 15, 15, 13, 13, 13, 13, 13, 13, 13, 3, 3, 3, 3, 3, 3, 3, 15, 15, 13, 13, 13, 13, 13, 13, 13, 3, 3, 3, 3, 3, 3, 3, 3, 1, 13, 13, 13, 13, 13, 13, 13, 3, 3, 3, 3, 3, 3, 3, 3, 1, 13, 13, 13, 13, 13, 13, 13, 3, 3, 3, 3, 3, 3, 3, 1, 1, 13, 13, 13, 13, 13, 13, 13, 2, 2, 2, 2, 2, 2, 2, 2, 0, 0, 0, 0, 0, 0, 0, 0, 2, 2, 2, 2, 2, 2, 2, 2, 0, 0, 0, 0, 0, 0, 0, 0, 2, 2, 2, 2, 2, 2, 2, 2, 0, 0, 0, 0, 0, 0, 0, 0, 2, 2, 2, 2, 2, 2, 2, 17, 17, 0, 0, 0, 0, 0, 0, 0, 2, 2, 2, 2, 2, 2, 2, 17, 17, 0, 0, 0, 0, 0, 0, 0, 2, 2, 2, 2, 2, 2, 2, 17, 17, 0, 0, 0, 0, 0, 0, 0, 2, 2, 2, 2, 2, 2, 2, 17, 17, 0, 0, 0, 0, 0, 0, 0, 2, 2, 2, 2, 2, 2, 17, 17, 17, 17, 0, 0, 0, 0, 0, 0, 28, 28, 28, 28, 28, 28, 28, 28, 19, 19, 19, 19, 19, 19, 19, 5, 28, 28, 28, 28, 28, 28, 28, 27, 19, 19, 19, 19, 19, 19, 5, 5, 28, 28, 28, 28, 27, 27, 27, 27, 19, 19, 19, 19, 19, 19, 5, 5, 27, 27, 27, 27, 27, 27, 27, 27, 27, 19, 19, 19, 19, 5, 5, 5, 30, 30, 27, 27, 27, 27, 27, 27, 27, 18, 18, 18, 18, 5, 5, 5, 30, 30, 30, 27, 27, 27, 27, 27, 18, 18, 18, 18, 18, 18, 5, 5, 30, 30, 30, 30, 27, 27, 27, 27, 18, 18, 18, 18, 18, 18, 5, 5, 30, 30, 30, 30, 22, 22, 22, 22, 18, 18, 18, 18, 18, 18, 4, 4, 29, 22, 22, 22, 22, 22, 22, 22, 22, 18, 18, 18, 4, 4, 4, 4, 29, 29, 20, 20, 22, 22, 22, 22, 21, 21, 21, 21, 4, 4, 4, 4, 20, 20, 20, 20, 20, 20, 20, 20, 21, 21, 21, 21, 21, 4, 4, 4, 20, 20, 20, 20, 20, 20, 20, 20, 21, 21, 21, 21, 21, 4, 4, 4, 20, 20, 20, 20, 20, 20, 20, 20, 21, 21, 21, 21, 21, 21, 26, 26, 20, 20, 20, 20, 20, 20, 20, 20, 21, 21, 21, 21, 21, 26, 26, 26, 20, 20, 20, 20, 20, 20, 20, 20, 21, 21, 21, 21, 26, 26, 26, 26, 8, 8, 8, 8, 8, 8, 8, 8, 21, 21, 21, 21, 26, 26, 26, 26, 8, 8, 8, 8, 8, 8, 10, 10, 10, 2, 2, 2, 2, 2, 2, 2, 8, 8, 8, 8, 8, 8, 10, 10, 10, 2, 2, 2, 2, 2, 2, 2, 8, 8, 8, 8, 8, 8, 10, 10, 10, 2, 2, 2, 2, 2, 2, 2, 8, 8, 8, 8, 8, 8, 10, 10, 10, 32, 2, 2, 2, 2, 2, 2, 8, 8, 8, 8, 8, 8, 10, 10, 10, 32, 2, 2, 2, 2, 2, 2, 8, 8, 8, 8, 8, 8, 10, 10, 10, 32, 32, 2, 2, 2, 2, 2, 8, 8, 8, 8, 8, 8, 10, 10, 10, 32, 17, 17, 17, 17, 17, 17, 8, 8, 8, 8, 8, 8, 10, 10, 10, 17, 17, 17, 17, 17, 17, 17, 21, 9, 9, 9, 9, 9, 14, 14, 14, 17, 17, 17, 17, 17, 17, 17, 21, 9, 9, 9, 9, 9, 14, 14, 14, 16, 16, 17, 17, 17, 17, 17, 21, 9, 9, 9, 9, 9, 14, 14, 14, 16, 16, 0, 0, 0, 0, 0, 21, 26, 26, 26, 26, 26, 14, 14, 12, 12, 0, 0, 0, 0, 0, 0, 26, 26, 26, 26, 26, 7, 7, 7, 12, 12, 12, 0, 0, 0, 0, 0, 26, 26, 26, 26, 26, 7, 7, 7, 12, 12, 12, 0, 0, 0, 0, 0, 26, 26, 26, 26, 7, 7, 7, 7, 12, 12, 12, 12, 0, 0, 0, 0, 26, 26, 26, 26, 7, 7, 7, 7, 12, 12, 12, 12, 12, 0, 0, 0, 28, 28, 28, 28, 28, 28, 23, 23, 23, 3, 3, 3, 3, 3, 3, 3, 28, 28, 28, 28, 28, 28, 23, 23, 23, 3, 3, 3, 3, 3, 3, 3, 28, 28, 28, 28, 28, 28, 23, 23, 23, 3, 3, 3, 3, 3, 3, 3, 28, 28, 28, 28, 28, 28, 23, 23, 23, 31, 3, 3, 3, 3, 3, 3, 28, 28, 28, 28, 28, 28, 23, 23, 23, 31, 3, 3, 3, 3, 3, 3, 28, 28, 28, 28, 28, 28, 23, 23, 23, 31, 31, 3, 3, 3, 3, 3, 28, 28, 28, 28, 28, 33, 23, 23, 23, 31, 15, 15, 15, 15, 15, 15, 28, 28, 28, 28, 33, 33, 33, 23, 23, 15, 15, 15, 15, 15, 15, 15, 19, 19, 19, 19, 19, 33, 25, 25, 25, 15, 15, 15, 15, 15, 15, 15, 19, 19, 19, 19, 19, 19, 25, 25, 25, 24, 15, 15, 15, 15, 15, 15, 19, 19, 19, 19, 19, 19, 25, 25, 25, 24, 24, 13, 13, 13, 13, 13, 19, 19, 19, 19, 19, 6, 6, 6, 6, 24, 24, 13, 13, 13, 13, 13, 19, 19, 19, 19, 19, 6, 6, 6, 6, 24, 13, 13, 13, 13, 13, 13, 19, 19, 19, 19, 6, 6, 6, 6, 6, 6, 13, 13, 13, 13, 13, 13, 19, 19, 5, 5, 6, 6, 6, 6, 6, 6, 13, 13, 13, 13, 13, 13, 5, 5, 5, 6, 6, 6, 6, 6, 6, 6, 13, 13, 13, 13, 13, 13, 2, 2, 2, 2, 2, 2, 2, 2, 3, 3, 3, 3, 3, 3, 3, 3, 2, 2, 2, 2, 2, 2, 2, 2, 3, 3, 3, 3, 3, 3, 3, 3, 2, 2, 2, 2, 2, 2, 2, 2, 3, 3, 3, 3, 3, 3, 3, 3, 2, 2, 2, 2, 2, 2, 2, 2, 3, 3, 3, 3, 3, 3, 3, 3, 2, 2, 2, 2, 2, 2, 2, 2, 3, 3, 3, 3, 3, 3, 3, 3, 2, 2, 2, 2, 2, 2, 2, 2, 3, 3, 3, 3, 3, 3, 3, 3, 2, 2, 2, 2, 2, 2, 2, 2, 3, 3, 3, 3, 3, 3, 3, 3, 10, 10, 10, 10, 2, 2, 2, 2, 3, 3, 3, 3, 23, 23, 23, 23, 10, 10, 10, 10, 10, 10, 29, 29, 30, 28, 28, 23, 23, 23, 23, 23, 10, 8, 8, 8, 8, 8, 29, 29, 30, 30, 28, 28, 28, 28, 28, 23, 8, 8, 8, 8, 8, 29, 29, 29, 30, 30, 28, 28, 28, 28, 28, 28, 8, 8, 8, 8, 8, 29, 29, 29, 30, 30, 30, 28, 28, 28, 28, 28, 8, 8, 8, 8, 20, 29, 29, 29, 30, 30, 30, 28, 28, 28, 28, 28, 8, 8, 8, 20, 20, 29, 29, 29, 30, 30, 30, 30, 28, 28, 28, 28, 8, 8, 20, 20, 20, 29, 29, 29, 30, 30, 30, 30, 28, 28, 28, 28, 8, 20, 20, 20, 20, 20, 29, 29, 30, 30, 30, 30, 27, 28, 28, 28, 0, 0, 0, 0, 0, 0, 0, 0, 13, 13, 13, 13, 13, 13, 13, 13, 0, 0, 0, 0, 0, 0, 0, 0, 13, 13, 13, 13, 13, 13, 13, 13, 0, 0, 0, 0, 0, 0, 0, 0, 13, 13, 13, 13, 13, 13, 13, 13, 12, 12, 12, 12, 12, 12, 12, 12, 13, 13, 13, 13, 13, 13, 13, 13, 12, 12, 12, 12, 12, 12, 12, 12, 11, 11, 13, 13, 13, 13, 13, 13, 12, 12, 12, 12, 12, 12, 12, 12, 11, 11, 11, 11, 11, 13, 13, 13, 12, 12, 12, 12, 12, 12, 12, 12, 11, 11, 11, 11, 11, 6, 6, 6, 12, 12, 12, 12, 12, 12, 12, 12, 11, 11, 6, 6, 6, 6, 6, 6, 7, 7, 7, 7, 7, 7, 7, 7, 6, 6, 6, 6, 6, 6, 6, 6, 7, 7, 7, 7, 7, 7, 7, 7, 6, 6, 6, 6, 6, 6, 6, 6, 7, 7, 7, 7, 7, 7, 7, 7, 6, 6, 6, 6, 6, 6, 6, 6, 7, 7, 7, 7, 7, 7, 4, 4, 5, 5, 6, 6, 6, 6, 6, 6, 26, 26, 26, 26, 26, 4, 4, 4, 5, 5, 5, 5, 5, 5, 6, 6, 26, 26, 26, 26, 26, 4, 4, 4, 5, 5, 5, 5, 5, 5, 5, 5, 26, 26, 26, 26, 4, 4, 4, 4, 4, 5, 5, 5, 5, 5, 5, 5, 26, 26, 26, 26, 4, 4, 4, 4, 4, 5, 5, 5, 5, 5, 5, 5, 26, 26, 26, 26, 21, 21, 21, 21, 8, 8, 8, 8, 8, 8, 8, 8, 26, 26, 26, 26, 21, 21, 21, 21, 20, 20, 20, 20, 20, 20, 20, 20, 26, 26, 26, 21, 21, 21, 21, 21, 20, 20, 20, 20, 20, 20, 20, 20, 26, 26, 21, 21, 21, 21, 21, 21, 20, 20, 20, 20, 20, 20, 20, 20, 4, 4, 4, 21, 21, 21, 21, 21, 20, 20, 20, 20, 20, 20, 20, 20, 4, 4, 4, 21, 21, 21, 21, 21, 20, 20, 20, 20, 20, 20, 20, 20, 4, 4, 4, 4, 21, 21, 21, 21, 22, 22, 22, 22, 20, 20, 29, 29, 4, 4, 4, 4, 18, 18, 18, 22, 22, 22, 22, 22, 22, 22, 22, 29, 4, 4, 18, 18, 18, 18, 18, 18, 22, 22, 22, 22, 30, 30, 30, 30, 5, 5, 18, 18, 18, 18, 18, 18, 27, 27, 27, 27, 30, 30, 30, 30, 5, 5, 18, 18, 18, 18, 18, 18, 27, 27, 27, 27, 27, 30, 30, 30, 5, 5, 5, 18, 18, 18, 18, 27, 27, 27, 27, 27, 27, 27, 30, 30, 5, 5, 5, 19, 19, 19, 19, 27, 27, 27, 27, 27, 27, 27, 27, 27, 5, 5, 19, 19, 19, 19, 19, 19, 27, 27, 27, 27, 28, 28, 28, 28, 5, 5, 19, 19, 19, 19, 19, 19, 27, 28, 28, 28, 28, 28, 28, 28, 5, 19, 19, 19, 19, 19, 19, 19, 28, 28, 28, 28, 28, 28, 28, 28, 0, 0, 0, 0, 0, 0, 17, 17, 17, 17, 2, 2, 2, 2, 2, 2, 0, 0, 0, 0, 0, 0, 0, 17, 17, 2, 2, 2, 2, 2, 2, 2, 0, 0, 0, 0, 0, 0, 0, 17, 17, 2, 2, 2, 2, 2, 2, 2, 0, 0, 0, 0, 0, 0, 0, 17, 17, 2, 2, 2, 2, 2, 2, 2, 0, 0, 0, 0, 0, 0, 0, 17, 17, 2, 2, 2, 2, 2, 2, 2, 0, 0, 0, 0, 0, 0, 0, 0, 2, 2, 2, 2, 2, 2, 2, 2, 0, 0, 0, 0, 0, 0, 0, 0, 2, 2, 2, 2, 2, 2, 2, 2, 0, 0, 0, 0, 0, 0, 0, 0, 2, 2, 2, 2, 2, 2, 2, 2, 13, 13, 13, 13, 13, 13, 13, 1, 1, 3, 3, 3, 3, 3, 3, 3, 13, 13, 13, 13, 13, 13, 13, 1, 3, 3, 3, 3, 3, 3, 3, 3, 13, 13, 13, 13, 13, 13, 13, 1, 3, 3, 3, 3, 3, 3, 3, 3, 13, 13, 13, 13, 13, 13, 13, 15, 15, 3, 3, 3, 3, 3, 3, 3, 13, 13, 13, 13, 13, 13, 13, 15, 15, 3, 3, 3, 3, 3, 3, 3, 13, 13, 13, 13, 13, 13, 13, 15, 15, 3, 3, 3, 3, 3, 3, 3, 13, 13, 13, 13, 13, 13, 15, 15, 15, 3, 3, 3, 3, 3, 3, 3, 13, 13, 13, 13, 13, 13, 15, 15, 15, 15, 3, 3, 3, 3, 3, 3, 13, 13, 13, 13, 13, 13, 6, 6, 6, 6, 6, 6, 6, 5, 5, 5, 13, 13, 13, 13, 13, 13, 6, 6, 6, 6, 6, 6, 5, 5, 19, 19, 13, 13, 13, 13, 13, 13, 6, 6, 6, 6, 6, 6, 19, 19, 19, 19, 13, 13, 13, 13, 13, 13, 24, 6, 6, 6, 6, 19, 19, 19, 19, 19, 13, 13, 13, 13, 13, 24, 24, 6, 6, 6, 6, 19, 19, 19, 19, 19, 13, 13, 13, 13, 13, 24, 24, 25, 25, 25, 19, 19, 19, 19, 19, 19, 15, 15, 15, 15, 15, 15, 24, 25, 25, 25, 19, 19, 19, 19, 19, 19, 15, 15, 15, 15, 15, 15, 15, 25, 25, 25, 33, 19, 19, 19, 19, 19, 15, 15, 15, 15, 15, 15, 15, 23, 23, 33, 33, 33, 28, 28, 28, 28, 15, 15, 15, 15, 15, 15, 31, 23, 23, 23, 33, 28, 28, 28, 28, 28, 3, 3, 3, 3, 3, 31, 31, 23, 23, 23, 28, 28, 28, 28, 28, 28, 3, 3, 3, 3, 3, 3, 31, 23, 23, 23, 28, 28, 28, 28, 28, 28, 3, 3, 3, 3, 3, 3, 31, 23, 23, 23, 28, 28, 28, 28, 28, 28, 3, 3, 3, 3, 3, 3, 3, 23, 23, 23, 28, 28, 28, 28, 28, 28, 3, 3, 3, 3, 3, 3, 3, 23, 23, 23, 28, 28, 28, 28, 28, 28, 3, 3, 3, 3, 3, 3, 3, 23, 23, 23, 28, 28, 28, 28, 28, 28, 0, 0, 0, 12, 12, 12, 12, 12, 7, 7, 7, 7, 26, 26, 26, 26, 0, 0, 0, 0, 12, 12, 12, 12, 7, 7, 7, 7, 26, 26, 26, 26, 0, 0, 0, 0, 0, 12, 12, 12, 7, 7, 7, 26, 26, 26, 26, 26, 0, 0, 0, 0, 0, 12, 12, 12, 7, 7, 7, 26, 26, 26, 26, 26, 0, 0, 0, 0, 0, 0, 12, 12, 14, 14, 26, 26, 26, 26, 26, 21, 0, 0, 0, 0, 0, 16, 16, 14, 14, 14, 9, 9, 9, 9, 9, 21, 17, 17, 17, 17, 17, 16, 16, 14, 14, 14, 9, 9, 9, 9, 9, 21, 17, 17, 17, 17, 17, 17, 17, 14, 14, 14, 9, 9, 9, 9, 9, 21, 17, 17, 17, 17, 17, 17, 17, 10, 10, 10, 8, 8, 8, 8, 8, 8, 17, 17, 17, 17, 17, 17, 32, 10, 10, 10, 8, 8, 8, 8, 8, 8, 2, 2, 2, 2, 2, 32, 32, 10, 10, 10, 8, 8, 8, 8, 8, 8, 2, 2, 2, 2, 2, 2, 32, 10, 10, 10, 8, 8, 8, 8, 8, 8, 2, 2, 2, 2, 2, 2, 32, 10, 10, 10, 8, 8, 8, 8, 8, 8, 2, 2, 2, 2, 2, 2, 2, 10, 10, 10, 8, 8, 8, 8, 8, 8, 2, 2, 2, 2, 2, 2, 2, 10, 10, 10, 8, 8, 8, 8, 8, 8, 2, 2, 2, 2, 2, 2, 2, 10, 10, 10, 8, 8, 8, 8, 8, 8, 73, 67, 69, 1, 86, 65, 76, 69, 2, 0, 0, 0, 34, 0, 0, 0, 178, 0, 0, 0, 7, 0, 0, 0, 6, 5, 7, 6, 5, 4, 7, 5, 4, 5, 7, 3, 5, 6, 6, 6, 4, 5, 6, 7, 4, 6, 6, 7, 4, 5, 5, 5, 5, 6, 6, 3, 3, 4, 1, 13, 12, 16, 17, 2, 2, 3, 15, 13, 0, 0, 17, 32, 10, 29, 3, 1, 2, 30, 23, 31, 15, 1, 5, 18, 21, 26, 7, 6, 19, 18, 4, 7, 11, 13, 24, 25, 19, 5, 4, 26, 14, 12, 6, 9, 20, 29, 10, 10, 14, 26, 21, 8, 8, 29, 2, 32, 17, 14, 9, 12, 13, 6, 7, 14, 16, 0, 11, 0, 1, 15, 24, 6, 11, 7, 26, 9, 10, 16, 12, 3, 31, 23, 24, 13, 1, 17, 0, 12, 14, 10, 32, 2, 0, 16, 5, 19, 27, 22, 21, 4, 5, 6, 25, 33, 28, 27, 18, 21, 22, 29, 8, 9, 26, 4, 18, 22, 20, 18, 27, 30, 29, 20, 21, 15, 31, 3, 30, 28, 33, 25, 25, 6, 13, 15, 23, 33, 19, 6, 24, 7, 4, 21, 9, 14, 28, 30, 22, 18, 19, 19, 33, 23, 30, 27, 8, 20, 22, 30, 2, 10, 29, 22, 27, 28, 23, 3, 3, 23, 15, 10, 2, 17, 19, 25, 23, 28, 0, 0, 128, 191, 252, 24, 80, 60, 88, 74, 240, 59, 63, 39, 224, 60, 88, 74, 240, 59]
            }
        }

        over "mcp_link_4"
        {
            over "collisions" (
                prepend apiSchemas = ["PhysxCookedDataAPI:convexHull"]
            )
            {
                uchar[] physxCookedData:convexHull:buffer = [9, 119, 42, 98, 11, 19, 12, 65, 43, 45, 166, 183, 60, 189, 0, 16, 22, 78, 88, 83, 1, 67, 86, 88, 77, 14, 0, 0, 0, 0, 0, 0, 0, 73, 67, 69, 1, 67, 76, 72, 76, 9, 0, 0, 0, 25, 0, 0, 0, 56, 128, 0, 0, 33, 0, 0, 0, 112, 0, 0, 0, 18, 185, 176, 188, 129, 88, 189, 59, 69, 216, 112, 188, 177, 153, 81, 187, 100, 161, 148, 188, 215, 52, 111, 188, 149, 165, 186, 188, 139, 210, 156, 188, 237, 13, 62, 188, 188, 214, 194, 188, 100, 161, 148, 188, 237, 13, 62, 188, 188, 214, 194, 188, 100, 161, 148, 188, 88, 57, 52, 60, 149, 165, 186, 188, 139, 210, 156, 188, 88, 57, 52, 60, 63, 214, 233, 186, 146, 11, 137, 188, 66, 96, 101, 60, 55, 122, 108, 188, 194, 112, 176, 59, 197, 234, 113, 60, 225, 198, 176, 188, 62, 132, 184, 59, 66, 96, 101, 60, 188, 214, 194, 188, 243, 6, 99, 60, 88, 57, 52, 60, 202, 166, 130, 188, 227, 137, 82, 60, 66, 96, 101, 60, 87, 116, 54, 187, 64, 105, 115, 60, 137, 210, 94, 188, 215, 48, 124, 188, 199, 207, 84, 60, 69, 216, 112, 188, 149, 165, 186, 188, 64, 105, 115, 60, 237, 13, 62, 188, 87, 116, 54, 187, 64, 105, 115, 60, 244, 253, 84, 60, 162, 135, 77, 186, 165, 164, 82, 60, 244, 253, 84, 60, 162, 135, 77, 186, 165, 164, 82, 60, 137, 210, 94, 188, 87, 116, 54, 187, 139, 210, 156, 188, 137, 210, 94, 188, 162, 135, 77, 186, 61, 112, 140, 188, 137, 210, 94, 188, 162, 135, 77, 186, 61, 112, 140, 188, 244, 253, 84, 60, 107, 68, 123, 187, 139, 210, 156, 188, 244, 253, 84, 60, 188, 214, 194, 188, 243, 6, 99, 60, 237, 13, 62, 188, 149, 165, 186, 188, 64, 105, 115, 60, 88, 57, 52, 60, 63, 214, 233, 186, 78, 219, 75, 60, 215, 52, 111, 188, 63, 214, 233, 186, 78, 219, 75, 60, 66, 96, 101, 60, 56, 135, 0, 190, 176, 247, 216, 189, 243, 133, 124, 63, 201, 123, 129, 188, 0, 0, 5, 23, 116, 104, 19, 190, 67, 221, 234, 189, 117, 160, 123, 191, 100, 96, 138, 188, 5, 0, 4, 24, 6, 72, 78, 191, 0, 0, 0, 0, 212, 154, 23, 63, 6, 93, 210, 188, 9, 0, 3, 16, 142, 3, 163, 190, 156, 71, 126, 62, 54, 52, 106, 63, 90, 169, 172, 188, 12, 0, 3, 1, 129, 201, 211, 189, 1, 46, 165, 61, 251, 201, 125, 63, 227, 178, 135, 188, 15, 0, 3, 1, 124, 163, 125, 189, 251, 98, 72, 63, 43, 134, 30, 191, 19, 171, 165, 188, 18, 0, 3, 20, 242, 4, 53, 63, 244, 4, 53, 63, 0, 0, 0, 0, 46, 221, 11, 188, 21, 0, 4, 2, 1, 0, 0, 63, 254, 255, 255, 190, 242, 4, 53, 191, 148, 201, 145, 188, 25, 0, 3, 9, 147, 59, 209, 62, 56, 138, 31, 191, 39, 179, 42, 63, 116, 232, 155, 188, 28, 0, 3, 13, 182, 88, 12, 63, 70, 7, 86, 191, 164, 71, 177, 60, 197, 100, 104, 188, 31, 0, 3, 13, 246, 4, 53, 63, 242, 4, 53, 191, 0, 0, 0, 0, 213, 134, 61, 188, 34, 0, 3, 9, 0, 0, 128, 63, 0, 0, 0, 0, 0, 0, 0, 0, 162, 135, 77, 58, 37, 0, 4, 3, 25, 170, 159, 190, 157, 216, 136, 62, 112, 105, 105, 191, 27, 143, 177, 188, 41, 0, 4, 6, 59, 104, 80, 191, 0, 0, 0, 0, 64, 171, 20, 191, 100, 205, 213, 188, 45, 0, 3, 15, 0, 0, 128, 191, 0, 0, 0, 0, 0, 0, 0, 0, 188, 214, 194, 188, 48, 0, 4, 15, 72, 130, 141, 189, 134, 54, 56, 191, 216, 226, 48, 191, 62, 103, 191, 188, 52, 0, 3, 14, 159, 159, 156, 190, 169, 159, 156, 62, 217, 205, 102, 63, 216, 145, 175, 188, 55, 0, 3, 1, 242, 203, 133, 189, 245, 23, 65, 63, 238, 62, 39, 63, 4, 221, 162, 188, 58, 0, 3, 17, 0, 0, 0, 0, 0, 0, 128, 63, 0, 0, 0, 0, 64, 105, 115, 188, 61, 0, 4, 2, 238, 4, 53, 191, 249, 4, 53, 63, 0, 0, 0, 0, 189, 9, 218, 188, 65, 0, 4, 17, 244, 4, 53, 191, 244, 4, 53, 191, 0, 0, 0, 0, 148, 222, 242, 188, 69, 0, 4, 11, 0, 0, 0, 0, 0, 0, 128, 191, 0, 0, 0, 0, 139, 210, 156, 188, 73, 0, 4, 11, 109, 143, 204, 189, 122, 72, 157, 190, 170, 70, 114, 63, 78, 25, 152, 188, 77, 0, 3, 23, 180, 231, 197, 59, 25, 105, 146, 185, 205, 254, 127, 191, 244, 247, 110, 188, 80, 0, 4, 7, 58, 227, 183, 60, 213, 240, 199, 62, 112, 154, 107, 191, 188, 140, 149, 188, 84, 0, 3, 20, 254, 255, 255, 62, 1, 0, 0, 63, 244, 4, 53, 191, 160, 58, 128, 188, 87, 0, 3, 4, 245, 4, 53, 63, 0, 0, 0, 0, 242, 4, 53, 191, 219, 121, 20, 188, 90, 0, 3, 8, 61, 39, 199, 62, 126, 85, 147, 188, 135, 203, 107, 191, 129, 74, 77, 188, 93, 0, 3, 8, 252, 255, 255, 62, 0, 0, 0, 63, 244, 4, 53, 63, 194, 129, 121, 188, 96, 0, 3, 2, 118, 94, 54, 60, 89, 239, 197, 62, 61, 20, 108, 63, 98, 1, 145, 188, 99, 0, 3, 1, 234, 146, 65, 59, 172, 24, 210, 61, 244, 165, 126, 63, 203, 253, 120, 188, 102, 0, 3, 1, 255, 103, 119, 61, 0, 0, 0, 0, 86, 136, 127, 63, 17, 49, 99, 188, 105, 0, 3, 0, 245, 4, 53, 63, 0, 0, 0, 0, 242, 4, 53, 63, 92, 134, 13, 188, 108, 0, 4, 0, 4, 5, 6, 7, 8, 0, 1, 2, 3, 8, 9, 4, 10, 9, 8, 10, 8, 7, 11, 12, 13, 14, 15, 16, 11, 17, 1, 18, 19, 6, 20, 19, 20, 17, 19, 17, 18, 19, 18, 16, 15, 21, 13, 12, 0, 21, 0, 3, 21, 3, 4, 9, 2, 1, 17, 22, 9, 10, 22, 10, 14, 22, 14, 11, 13, 22, 13, 21, 9, 5, 4, 3, 2, 5, 2, 17, 20, 5, 20, 6, 23, 1, 0, 12, 23, 12, 11, 23, 11, 16, 23, 16, 18, 23, 18, 1, 24, 15, 14, 24, 14, 10, 24, 10, 7, 24, 7, 6, 24, 6, 19, 15, 0, 20, 0, 22, 0, 31, 0, 4, 0, 2, 1, 23, 1, 15, 1, 20, 1, 13, 2, 3, 2, 14, 3, 16, 3, 4, 4, 30, 5, 24, 5, 12, 5, 18, 6, 28, 6, 11, 6, 25, 6, 18, 7, 15, 7, 27, 7, 10, 8, 32, 8, 22, 8, 9, 9, 21, 9, 10, 10, 11, 11, 26, 11, 32, 12, 19, 12, 23, 12, 13, 13, 14, 14, 20, 14, 19, 15, 21, 16, 19, 16, 17, 17, 29, 17, 18, 18, 19, 20, 21, 21, 22, 23, 27, 23, 24, 24, 25, 25, 26, 26, 27, 28, 32, 28, 29, 29, 30, 30, 31, 31, 32, 1, 12, 13, 1, 7, 15, 1, 15, 20, 1, 13, 14, 0, 2, 14, 0, 20, 21, 0, 8, 22, 0, 4, 30, 0, 2, 3, 2, 3, 14, 3, 4, 16, 5, 6, 18, 5, 12, 23, 5, 12, 18, 6, 17, 18, 6, 11, 28, 6, 11, 25, 7, 9, 10, 7, 10, 11, 8, 9, 10, 8, 9, 21, 12, 13, 14, 16, 17, 18, 23, 24, 25, 28, 29, 30, 4, 0, 5, 0, 5, 0, 6, 0, 6, 0, 7, 0, 7, 0, 8, 0, 8, 0, 4, 0, 0, 0, 1, 0, 1, 0, 2, 0, 2, 0, 3, 0, 3, 0, 0, 0, 8, 0, 9, 0, 9, 0, 4, 0, 10, 0, 9, 0, 8, 0, 10, 0, 7, 0, 10, 0, 11, 0, 12, 0, 12, 0, 13, 0, 13, 0, 11, 0, 14, 0, 15, 0, 15, 0, 16, 0, 16, 0, 11, 0, 11, 0, 14, 0, 17, 0, 1, 0, 1, 0, 18, 0, 18, 0, 17, 0, 19, 0, 6, 0, 6, 0, 20, 0, 20, 0, 19, 0, 20, 0, 17, 0, 17, 0, 19, 0, 18, 0, 19, 0, 18, 0, 16, 0, 15, 0, 19, 0, 21, 0, 13, 0, 12, 0, 0, 0, 0, 0, 21, 0, 3, 0, 21, 0, 3, 0, 4, 0, 9, 0, 21, 0, 17, 0, 2, 0, 22, 0, 9, 0, 10, 0, 22, 0, 10, 0, 14, 0, 14, 0, 22, 0, 13, 0, 22, 0, 2, 0, 5, 0, 20, 0, 5, 0, 23, 0, 1, 0, 12, 0, 23, 0, 11, 0, 23, 0, 16, 0, 23, 0, 18, 0, 23, 0, 24, 0, 15, 0, 14, 0, 24, 0, 10, 0, 24, 0, 7, 0, 24, 0, 6, 0, 24, 0, 0, 0, 0, 0, 188, 214, 194, 188, 140, 210, 156, 188, 69, 216, 112, 188, 160, 135, 77, 186, 65, 105, 115, 60, 197, 234, 113, 60, 191, 111, 179, 55, 214, 36, 108, 49, 170, 140, 4, 176, 55, 15, 169, 174, 170, 140, 4, 176, 253, 213, 185, 49, 210, 225, 194, 173, 55, 15, 169, 174, 210, 225, 194, 173, 234, 219, 209, 49, 77, 36, 70, 188, 97, 171, 251, 186, 42, 202, 148, 185, 0, 0, 128, 191, 0, 0, 128, 191, 211, 75, 57, 60, 75, 47, 21, 60, 86, 111, 137, 60, 75, 47, 21, 60]
            }
        }

        over "fingertip_link_2"
        {
            over "collisions" (
                prepend apiSchemas = ["PhysxCookedDataAPI:convexHull"]
            )
            {
                uchar[] physxCookedData:convexHull:buffer = [9, 150, 38, 16, 174, 234, 166, 23, 20, 43, 177, 222, 14, 185, 33, 193, 116, 78, 88, 83, 1, 67, 86, 88, 77, 14, 0, 0, 0, 0, 0, 0, 0, 73, 67, 69, 1, 67, 76, 72, 76, 9, 0, 0, 0, 34, 0, 0, 0, 88, 128, 0, 0, 56, 0, 0, 0, 176, 0, 0, 0, 133, 138, 194, 188, 23, 72, 34, 61, 95, 50, 18, 60, 100, 82, 198, 188, 97, 136, 33, 61, 48, 96, 5, 188, 44, 195, 190, 188, 166, 116, 142, 59, 150, 67, 139, 60, 233, 17, 190, 188, 40, 234, 96, 59, 150, 67, 139, 188, 90, 116, 159, 188, 136, 113, 55, 188, 150, 67, 139, 60, 134, 61, 168, 188, 82, 143, 27, 188, 150, 67, 139, 188, 26, 241, 45, 188, 96, 35, 26, 61, 215, 2, 51, 60, 54, 10, 107, 187, 192, 62, 37, 60, 187, 184, 141, 60, 5, 9, 163, 187, 214, 41, 23, 61, 73, 155, 219, 59, 105, 251, 189, 188, 35, 3, 49, 61, 111, 18, 3, 187, 242, 17, 192, 187, 200, 202, 19, 188, 150, 67, 139, 60, 136, 31, 40, 188, 125, 48, 88, 188, 187, 184, 141, 60, 93, 9, 137, 187, 50, 203, 17, 61, 205, 197, 178, 187, 12, 97, 87, 187, 141, 53, 35, 60, 150, 67, 139, 188, 214, 84, 5, 188, 216, 46, 28, 61, 87, 36, 30, 188, 213, 178, 1, 188, 183, 182, 41, 61, 204, 46, 131, 187, 200, 51, 21, 188, 80, 78, 41, 61, 254, 224, 218, 59, 116, 224, 97, 188, 69, 181, 49, 61, 111, 18, 3, 59, 71, 132, 69, 188, 197, 214, 43, 61, 129, 206, 232, 187, 89, 30, 186, 188, 31, 114, 45, 61, 127, 252, 208, 187, 89, 30, 186, 188, 85, 177, 48, 61, 252, 188, 133, 59, 6, 78, 188, 188, 192, 62, 37, 60, 187, 184, 141, 60, 52, 49, 38, 188, 157, 181, 92, 188, 150, 67, 139, 188, 28, 199, 197, 187, 82, 143, 27, 188, 150, 67, 139, 188, 253, 41, 106, 188, 38, 53, 102, 188, 184, 64, 130, 60, 253, 41, 106, 188, 38, 53, 102, 188, 184, 64, 130, 188, 6, 78, 188, 188, 192, 62, 37, 60, 187, 184, 141, 188, 239, 87, 174, 188, 2, 207, 22, 61, 140, 42, 58, 60, 137, 159, 133, 188, 125, 48, 88, 188, 187, 184, 141, 188, 32, 235, 92, 187, 40, 234, 96, 59, 150, 67, 139, 60, 1, 50, 170, 188, 79, 145, 21, 61, 43, 92, 60, 188, 157, 66, 41, 188, 54, 203, 17, 61, 85, 39, 62, 188, 232, 172, 186, 188, 28, 209, 34, 61, 31, 244, 28, 188, 60, 68, 132, 188, 121, 248, 88, 188, 187, 184, 141, 60, 38, 154, 121, 191, 126, 120, 99, 190, 210, 34, 105, 59, 62, 148, 178, 188, 0, 0, 4, 12, 94, 230, 127, 191, 214, 239, 224, 187, 243, 20, 222, 60, 252, 55, 194, 188, 4, 0, 3, 13, 11, 231, 127, 191, 33, 150, 225, 188, 11, 138, 228, 186, 89, 119, 189, 188, 7, 0, 3, 13, 14, 250, 23, 63, 239, 240, 164, 62, 135, 199, 60, 63, 243, 93, 99, 188, 10, 0, 3, 5, 21, 114, 121, 191, 92, 235, 100, 62, 105, 69, 196, 60, 60, 239, 3, 189, 13, 0, 3, 23, 202, 234, 190, 61, 164, 244, 218, 188, 27, 203, 126, 63, 64, 27, 136, 188, 16, 0, 3, 26, 28, 225, 126, 63, 111, 185, 151, 61, 9, 107, 105, 61, 134, 221, 240, 58, 19, 0, 3, 3, 94, 252, 70, 63, 142, 188, 143, 62, 44, 35, 16, 191, 132, 201, 32, 188, 22, 0, 3, 4, 148, 149, 87, 63, 173, 13, 10, 63, 214, 47, 81, 187, 112, 137, 128, 188, 25, 0, 3, 4, 202, 60, 62, 63, 129, 132, 16, 63, 229, 245, 183, 190, 10, 53, 155, 188, 28, 0, 3, 4, 23, 199, 86, 60, 205, 84, 64, 63, 29, 235, 40, 63, 58, 195, 16, 189, 31, 0, 3, 28, 102, 204, 13, 63, 103, 22, 5, 63, 231, 123, 38, 63, 164, 76, 170, 188, 34, 0, 3, 5, 234, 111, 58, 63, 177, 255, 45, 63, 202, 43, 179, 61, 38, 155, 180, 188, 37, 0, 3, 5, 97, 39, 184, 62, 153, 138, 110, 63, 201, 187, 71, 61, 127, 173, 17, 189, 40, 0, 3, 25, 237, 92, 205, 60, 147, 111, 124, 63, 210, 84, 40, 190, 14, 254, 44, 189, 43, 0, 4, 24, 135, 225, 83, 62, 21, 196, 120, 63, 58, 164, 232, 189, 78, 18, 32, 189, 47, 0, 3, 24, 4, 145, 227, 62, 29, 252, 67, 63, 102, 39, 238, 190, 21, 73, 246, 188, 50, 0, 3, 33, 193, 41, 199, 188, 137, 229, 127, 63, 35, 253, 112, 60, 52, 33, 51, 189, 53, 0, 3, 25, 255, 125, 108, 191, 79, 22, 192, 62, 135, 148, 156, 61, 49, 137, 25, 189, 56, 0, 3, 23, 152, 135, 158, 187, 26, 56, 79, 63, 186, 80, 22, 63, 59, 74, 25, 189, 59, 0, 3, 22, 231, 195, 102, 61, 217, 20, 111, 63, 40, 193, 180, 62, 162, 172, 37, 189, 62, 0, 3, 25, 189, 178, 48, 190, 72, 199, 45, 189, 5, 237, 123, 63, 61, 116, 168, 188, 65, 0, 3, 13, 141, 42, 121, 191, 248, 253, 31, 61, 209, 151, 103, 62, 207, 142, 218, 188, 68, 0, 3, 13, 115, 12, 50, 63, 68, 239, 55, 191, 225, 138, 211, 59, 255, 197, 36, 187, 71, 0, 3, 9, 174, 69, 48, 63, 30, 162, 57, 191, 18, 82, 6, 60, 140, 77, 45, 187, 74, 0, 3, 9, 4, 178, 81, 62, 176, 144, 122, 191, 130, 130, 12, 60, 43, 154, 51, 188, 77, 0, 3, 9, 195, 182, 13, 62, 98, 137, 125, 191, 0, 0, 0, 0, 254, 149, 67, 188, 80, 0, 3, 9, 24, 155, 122, 191, 228, 188, 184, 60, 141, 210, 79, 190, 125, 246, 214, 188, 83, 0, 3, 29, 136, 12, 62, 190, 5, 182, 28, 189, 146, 92, 123, 191, 232, 240, 170, 188, 86, 0, 3, 7, 168, 221, 81, 191, 91, 206, 9, 63, 180, 18, 72, 190, 125, 194, 46, 189, 89, 0, 3, 10, 64, 166, 13, 191, 114, 51, 91, 62, 29, 20, 78, 63, 201, 246, 235, 188, 92, 0, 3, 23, 203, 5, 3, 60, 22, 212, 104, 62, 86, 73, 121, 63, 90, 142, 156, 188, 95, 0, 4, 28, 142, 191, 148, 188, 90, 196, 37, 63, 6, 7, 67, 63, 47, 177, 6, 189, 99, 0, 3, 22, 224, 51, 193, 189, 167, 147, 221, 188, 166, 195, 126, 191, 30, 145, 156, 188, 102, 0, 3, 7, 25, 158, 121, 60, 50, 111, 183, 58, 84, 248, 127, 191, 164, 243, 138, 188, 105, 0, 4, 21, 193, 0, 62, 61, 187, 72, 68, 189, 20, 110, 127, 191, 59, 99, 140, 188, 109, 0, 3, 21, 222, 222, 99, 188, 41, 171, 92, 191, 181, 185, 1, 191, 196, 217, 166, 188, 112, 0, 3, 20, 235, 205, 40, 191, 149, 105, 64, 191, 54, 207, 137, 188, 70, 189, 171, 188, 115, 0, 3, 15, 45, 228, 66, 62, 255, 234, 27, 189, 181, 33, 123, 63, 41, 74, 130, 188, 118, 0, 3, 26, 23, 7, 123, 63, 21, 212, 72, 190, 151, 255, 21, 187, 227, 164, 131, 59, 121, 0, 3, 1, 5, 104, 125, 63, 85, 59, 15, 190, 227, 229, 199, 188, 194, 169, 138, 59, 124, 0, 3, 1, 160, 221, 127, 63, 220, 93, 255, 60, 61, 233, 15, 60, 121, 90, 76, 59, 127, 0, 4, 3, 173, 105, 94, 60, 173, 124, 90, 62, 172, 20, 122, 191, 112, 132, 153, 188, 131, 0, 4, 33, 222, 171, 215, 62, 127, 161, 151, 62, 229, 115, 91, 191, 142, 53, 132, 188, 135, 0, 3, 4, 8, 237, 31, 191, 220, 242, 28, 63, 100, 154, 247, 190, 200, 26, 49, 189, 138, 0, 3, 10, 0, 162, 106, 188, 85, 231, 70, 63, 235, 30, 33, 191, 44, 137, 24, 189, 141, 0, 3, 11, 89, 3, 126, 61, 204, 197, 24, 63, 178, 205, 76, 191, 157, 136, 245, 188, 144, 0, 3, 33, 4, 109, 116, 61, 130, 134, 19, 63, 227, 168, 80, 191, 109, 122, 240, 188, 147, 0, 3, 33, 44, 209, 25, 61, 145, 209, 6, 63, 52, 105, 89, 191, 148, 32, 231, 188, 150, 0, 3, 33, 35, 13, 233, 190, 131, 145, 104, 62, 11, 103, 92, 191, 253, 125, 226, 188, 153, 0, 3, 10, 132, 23, 56, 191, 58, 215, 55, 62, 169, 218, 43, 191, 42, 98, 245, 188, 156, 0, 3, 10, 86, 97, 6, 191, 229, 228, 89, 191, 247, 146, 175, 58, 234, 244, 161, 188, 159, 0, 3, 15, 202, 18, 202, 190, 216, 55, 107, 191, 171, 71, 35, 58, 21, 248, 151, 188, 162, 0, 4, 15, 235, 227, 228, 59, 177, 176, 92, 191, 172, 185, 1, 63, 0, 106, 164, 188, 166, 0, 3, 19, 0, 0, 0, 0, 0, 0, 0, 0, 0, 0, 128, 63, 187, 184, 141, 188, 169, 0, 4, 26, 156, 128, 224, 189, 50, 169, 3, 189, 252, 82, 126, 63, 180, 199, 158, 188, 173, 0, 3, 13, 4, 2, 3, 5, 0, 1, 2, 3, 2, 1, 6, 7, 8, 9, 1, 0, 10, 7, 11, 12, 8, 7, 12, 13, 14, 15, 8, 12, 15, 12, 14, 16, 0, 6, 16, 6, 8, 16, 8, 15, 16, 15, 17, 18, 19, 9, 17, 18, 17, 15, 18, 15, 14, 20, 17, 9, 20, 9, 0, 20, 0, 16, 20, 16, 17, 21, 2, 4, 21, 0, 2, 22, 23, 10, 22, 10, 11, 22, 11, 24, 22, 24, 25, 26, 3, 1, 26, 5, 3, 19, 1, 9, 27, 0, 21, 21, 7, 6, 27, 27, 6, 0, 28, 5, 26, 26, 13, 23, 28, 28, 23, 22, 28, 22, 25, 28, 4, 5, 29, 7, 10, 29, 10, 23, 29, 23, 13, 13, 12, 7, 29, 13, 26, 30, 31, 31, 14, 13, 32, 1, 19, 32, 19, 18, 32, 18, 14, 32, 14, 31, 32, 31, 30, 32, 30, 26, 32, 26, 1, 33, 4, 28, 33, 28, 25, 24, 33, 24, 11, 33, 11, 7, 21, 33, 21, 4, 0, 21, 0, 2, 0, 28, 0, 37, 1, 4, 1, 2, 1, 22, 2, 27, 3, 31, 3, 6, 3, 11, 4, 29, 4, 18, 5, 38, 5, 54, 5, 24, 6, 8, 6, 41, 7, 41, 7, 43, 7, 9, 8, 12, 8, 9, 9, 16, 10, 19, 10, 32, 10, 11, 11, 12, 12, 13, 13, 15, 13, 20, 14, 45, 14, 29, 14, 17, 14, 15, 15, 16, 16, 46, 17, 20, 17, 18, 18, 19, 19, 20, 21, 22, 21, 55, 22, 30, 23, 35, 23, 39, 23, 24, 24, 25, 25, 53, 25, 26, 26, 52, 26, 36, 27, 28, 27, 50, 28, 33, 29, 44, 30, 32, 30, 31, 31, 54, 31, 32, 33, 37, 33, 34, 34, 42, 34, 40, 34, 35, 35, 36, 36, 52, 37, 51, 38, 41, 38, 39, 39, 40, 40, 41, 42, 49, 42, 48, 42, 43, 43, 47, 44, 50, 44, 45, 45, 46, 46, 47, 47, 48, 48, 49, 49, 50, 51, 55, 51, 52, 52, 53, 53, 54, 54, 55, 1, 4, 10, 1, 2, 4, 0, 1, 2, 0, 2, 27, 0, 21, 37, 0, 28, 33, 3, 10, 11, 3, 5, 6, 3, 6, 8, 4, 14, 17, 5, 23, 24, 5, 24, 25, 6, 7, 8, 7, 34, 40, 7, 9, 16, 8, 9, 12, 10, 11, 12, 13, 14, 15, 14, 15, 16, 14, 29, 44, 17, 18, 19, 21, 22, 30, 23, 24, 25, 23, 34, 35, 25, 26, 52, 26, 36, 52, 27, 28, 33, 30, 31, 32, 33, 34, 35, 38, 39, 40, 42, 48, 49, 42, 43, 47, 44, 45, 46, 51, 52, 53, 4, 0, 2, 0, 2, 0, 3, 0, 3, 0, 5, 0, 5, 0, 4, 0, 0, 0, 1, 0, 1, 0, 2, 0, 2, 0, 0, 0, 1, 0, 3, 0, 6, 0, 7, 0, 7, 0, 8, 0, 8, 0, 6, 0, 9, 0, 1, 0, 0, 0, 9, 0, 10, 0, 7, 0, 7, 0, 11, 0, 11, 0, 10, 0, 12, 0, 8, 0, 7, 0, 12, 0, 12, 0, 13, 0, 13, 0, 14, 0, 14, 0, 12, 0, 15, 0, 8, 0, 12, 0, 15, 0, 14, 0, 15, 0, 16, 0, 0, 0, 0, 0, 6, 0, 6, 0, 16, 0, 8, 0, 16, 0, 15, 0, 16, 0, 15, 0, 17, 0, 17, 0, 16, 0, 18, 0, 19, 0, 19, 0, 9, 0, 9, 0, 17, 0, 17, 0, 18, 0, 15, 0, 18, 0, 14, 0, 18, 0, 20, 0, 17, 0, 9, 0, 20, 0, 0, 0, 20, 0, 16, 0, 20, 0, 21, 0, 2, 0, 4, 0, 21, 0, 21, 0, 0, 0, 22, 0, 23, 0, 23, 0, 10, 0, 10, 0, 22, 0, 11, 0, 22, 0, 11, 0, 24, 0, 24, 0, 22, 0, 24, 0, 25, 0, 25, 0, 22, 0, 26, 0, 3, 0, 1, 0, 26, 0, 26, 0, 5, 0, 19, 0, 1, 0, 27, 0, 0, 0, 21, 0, 27, 0, 21, 0, 7, 0, 6, 0, 27, 0, 28, 0, 5, 0, 26, 0, 28, 0, 26, 0, 13, 0, 13, 0, 23, 0, 23, 0, 28, 0, 22, 0, 28, 0, 25, 0, 28, 0, 28, 0, 4, 0, 29, 0, 7, 0, 10, 0, 29, 0, 23, 0, 29, 0, 13, 0, 29, 0, 26, 0, 30, 0, 30, 0, 31, 0, 31, 0, 13, 0, 31, 0, 14, 0, 32, 0, 1, 0, 19, 0, 32, 0, 18, 0, 32, 0, 14, 0, 32, 0, 31, 0, 32, 0, 30, 0, 32, 0, 26, 0, 32, 0, 33, 0, 4, 0, 28, 0, 33, 0, 24, 0, 33, 0, 11, 0, 33, 0, 21, 0, 33, 0, 0, 0, 0, 0, 100, 82, 198, 188, 37, 53, 102, 188, 187, 184, 141, 188, 16, 97, 87, 187, 69, 181, 49, 61, 187, 184, 141, 60, 142, 106, 250, 55, 241, 179, 107, 50, 26, 159, 191, 49, 221, 134, 58, 173, 26, 159, 191, 49, 27, 178, 24, 50, 200, 237, 225, 45, 221, 134, 58, 173, 200, 237, 225, 45, 147, 52, 153, 50, 199, 65, 97, 188, 36, 73, 85, 60, 64, 31, 89, 54, 0, 0, 128, 63, 73, 67, 69, 1, 83, 85, 80, 77, 0, 0, 0, 0, 73, 67, 69, 1, 71, 65, 85, 83, 0, 0, 0, 0, 16, 0, 0, 0, 0, 6, 0, 0, 23, 23, 23, 23, 23, 23, 23, 23, 10, 10, 10, 10, 10, 10, 11, 11, 23, 23, 23, 23, 23, 23, 23, 23, 10, 10, 10, 10, 10, 10, 10, 10, 23, 23, 23, 23, 23, 23, 23, 23, 10, 10, 10, 10, 10, 10, 10, 10, 23, 23, 23, 23, 23, 23, 23, 23, 10, 10, 10, 10, 10, 10, 10, 10, 23, 23, 23, 23, 23, 23, 23, 23, 10, 10, 10, 10, 10, 10, 10, 10, 23, 23, 23, 23, 23, 23, 23, 23, 10, 10, 10, 10, 10, 10, 10, 10, 23, 23, 23, 23, 23, 23, 23, 23, 29, 29, 29, 29, 29, 29, 29, 29, 13, 13, 13, 13, 13, 13, 13, 13, 29, 29, 29, 29, 29, 29, 29, 29, 13, 13, 13, 13, 13, 13, 13, 12, 7, 7, 7, 7, 7, 7, 7, 7, 13, 13, 13, 13, 13, 12, 12, 12, 8, 8, 8, 7, 7, 7, 7, 7, 13, 13, 13, 12, 12, 12, 12, 12, 8, 8, 8, 8, 8, 7, 7, 7, 14, 14, 14, 12, 12, 12, 12, 12, 8, 8, 8, 8, 8, 8, 8, 8, 14, 14, 14, 14, 12, 12, 12, 12, 8, 8, 8, 8, 8, 8, 8, 8, 14, 14, 14, 14, 12, 15, 15, 15, 8, 8, 8, 8, 8, 8, 8, 8, 14, 14, 14, 14, 15, 15, 15, 15, 15, 8, 8, 8, 8, 8, 8, 8, 14, 14, 14, 15, 15, 15, 15, 15, 15, 16, 16, 16, 16, 16, 16, 16, 5, 5, 5, 5, 5, 5, 5, 5, 4, 4, 4, 4, 4, 4, 4, 4, 5, 5, 5, 5, 5, 5, 5, 5, 4, 4, 4, 4, 4, 4, 4, 4, 5, 5, 5, 5, 5, 5, 5, 5, 4, 4, 4, 4, 4, 4, 4, 4, 5, 5, 5, 5, 5, 5, 5, 5, 4, 4, 4, 4, 4, 4, 4, 4, 5, 5, 5, 5, 5, 5, 5, 5, 4, 4, 4, 4, 4, 4, 4, 4, 5, 5, 5, 5, 5, 5, 5, 5, 4, 4, 4, 4, 4, 4, 4, 4, 3, 3, 3, 3, 3, 3, 3, 3, 2, 2, 2, 2, 2, 2, 2, 2, 3, 3, 3, 3, 3, 3, 3, 3, 2, 2, 2, 2, 2, 2, 2, 2, 26, 26, 26, 26, 26, 1, 1, 1, 0, 0, 21, 21, 21, 21, 21, 21, 26, 26, 1, 1, 1, 1, 1, 1, 0, 0, 0, 0, 0, 0, 21, 21, 32, 1, 1, 1, 1, 1, 1, 1, 0, 0, 0, 0, 0, 0, 0, 0, 32, 1, 1, 1, 1, 1, 1, 9, 9, 0, 0, 0, 0, 0, 0, 0, 32, 32, 1, 1, 1, 1, 9, 9, 9, 20, 0, 0, 0, 0, 0, 0, 32, 32, 1, 1, 1, 19, 9, 9, 9, 20, 0, 0, 0, 0, 0, 0, 32, 32, 1, 1, 19, 19, 9, 9, 9, 20, 20, 0, 0, 0, 0, 0, 32, 32, 19, 19, 19, 19, 9, 9, 9, 20, 20, 20, 0, 0, 0, 0, 32, 32, 32, 32, 32, 32, 32, 32, 18, 18, 14, 14, 14, 14, 14, 14, 32, 32, 32, 32, 32, 32, 32, 32, 18, 18, 18, 14, 14, 14, 14, 14, 19, 19, 19, 19, 19, 19, 19, 19, 18, 18, 18, 18, 14, 14, 14, 14, 19, 19, 19, 19, 19, 19, 19, 19, 18, 18, 18, 18, 15, 15, 15, 15, 19, 19, 19, 19, 19, 19, 19, 19, 18, 18, 18, 18, 15, 15, 15, 15, 19, 19, 19, 19, 19, 19, 19, 19, 18, 18, 18, 15, 15, 15, 15, 15, 9, 9, 9, 9, 9, 9, 9, 9, 18, 18, 15, 15, 15, 15, 15, 15, 9, 9, 9, 9, 9, 9, 9, 9, 17, 17, 15, 15, 15, 15, 15, 15, 9, 9, 9, 20, 20, 20, 20, 20, 17, 17, 17, 16, 15, 15, 15, 15, 20, 20, 20, 20, 20, 20, 20, 20, 17, 17, 16, 16, 16, 16, 16, 16, 20, 20, 20, 20, 20, 20, 20, 20, 17, 16, 16, 16, 16, 16, 16, 16, 20, 20, 20, 20, 20, 20, 20, 20, 16, 16, 16, 16, 16, 16, 16, 16, 0, 0, 0, 0, 20, 20, 20, 20, 16, 16, 16, 16, 16, 16, 16, 16, 0, 0, 0, 0, 0, 0, 0, 0, 16, 16, 16, 16, 16, 16, 16, 16, 0, 0, 0, 0, 0, 0, 0, 0, 16, 16, 16, 16, 16, 16, 16, 16, 0, 0, 0, 0, 0, 0, 0, 0, 6, 6, 6, 16, 16, 16, 16, 16, 5, 28, 28, 28, 28, 28, 28, 28, 22, 22, 22, 22, 22, 22, 22, 23, 5, 28, 28, 28, 28, 28, 28, 28, 22, 22, 22, 22, 22, 22, 22, 23, 5, 28, 28, 28, 28, 28, 28, 28, 22, 22, 22, 22, 22, 22, 22, 23, 5, 28, 28, 28, 28, 28, 28, 28, 22, 22, 22, 22, 22, 22, 22, 23, 5, 28, 28, 28, 28, 28, 28, 25, 22, 22, 22, 22, 22, 22, 22, 23, 5, 28, 28, 28, 28, 28, 28, 25, 22, 22, 22, 22, 22, 22, 22, 23, 5, 28, 28, 28, 28, 28, 25, 25, 25, 22, 22, 22, 22, 22, 22, 23, 5, 28, 28, 28, 28, 25, 25, 25, 25, 22, 22, 22, 22, 22, 22, 23, 4, 4, 4, 33, 33, 24, 24, 24, 24, 11, 11, 11, 11, 11, 11, 10, 4, 4, 4, 33, 33, 33, 24, 24, 24, 11, 11, 11, 11, 11, 11, 10, 4, 4, 4, 33, 33, 33, 33, 24, 24, 11, 11, 11, 11, 11, 11, 10, 4, 4, 4, 33, 33, 33, 33, 24, 11, 11, 11, 11, 11, 11, 11, 10, 4, 4, 4, 33, 33, 33, 33, 33, 11, 11, 11, 11, 11, 11, 11, 10, 4, 4, 4, 33, 33, 33, 33, 33, 11, 11, 11, 11, 11, 11, 11, 10, 4, 4, 4, 33, 33, 33, 33, 33, 11, 11, 11, 11, 11, 11, 11, 11, 4, 4, 4, 33, 33, 33, 33, 33, 11, 11, 11, 11, 11, 11, 11, 11, 4, 4, 4, 4, 4, 4, 2, 2, 21, 21, 0, 0, 0, 0, 0, 0, 4, 4, 4, 4, 4, 4, 2, 2, 21, 21, 0, 0, 0, 0, 0, 0, 4, 4, 4, 4, 4, 4, 4, 2, 21, 21, 0, 0, 0, 0, 0, 0, 33, 33, 4, 4, 4, 4, 4, 2, 21, 21, 27, 0, 0, 0, 0, 0, 33, 33, 33, 4, 4, 4, 4, 2, 21, 21, 27, 0, 0, 0, 0, 0, 33, 33, 33, 33, 33, 4, 4, 2, 21, 21, 27, 27, 0, 0, 0, 0, 33, 33, 33, 33, 33, 33, 33, 4, 21, 21, 27, 27, 27, 0, 0, 0, 33, 33, 33, 33, 33, 33, 33, 33, 21, 21, 27, 27, 27, 27, 0, 0, 11, 11, 11, 11, 11, 11, 11, 11, 7, 7, 6, 6, 6, 6, 6, 6, 11, 11, 11, 11, 11, 11, 11, 10, 7, 7, 6, 6, 6, 6, 6, 6, 11, 11, 11, 11, 11, 11, 10, 29, 7, 7, 6, 6, 6, 6, 6, 6, 11, 11, 11, 11, 11, 10, 10, 29, 7, 7, 7, 6, 6, 6, 6, 16, 11, 11, 11, 11, 10, 10, 10, 29, 7, 7, 7, 6, 6, 6, 6, 16, 11, 11, 11, 10, 10, 10, 10, 29, 7, 7, 7, 6, 6, 6, 16, 16, 11, 11, 10, 10, 10, 10, 10, 29, 7, 7, 7, 8, 8, 8, 16, 16, 11, 10, 10, 10, 10, 10, 29, 29, 7, 7, 7, 8, 8, 8, 8, 16, 5, 5, 5, 5, 5, 5, 3, 3, 26, 26, 32, 32, 32, 32, 32, 32, 28, 5, 5, 5, 5, 5, 5, 3, 26, 26, 32, 32, 32, 32, 32, 32, 28, 28, 5, 5, 5, 5, 5, 3, 26, 26, 32, 32, 32, 32, 32, 32, 28, 28, 28, 5, 5, 5, 5, 3, 26, 26, 32, 32, 32, 32, 32, 32, 28, 28, 28, 28, 28, 5, 5, 3, 26, 26, 32, 32, 32, 32, 32, 32, 28, 28, 28, 28, 28, 28, 5, 3, 26, 26, 30, 32, 32, 32, 32, 32, 28, 28, 28, 28, 28, 28, 28, 5, 26, 26, 30, 30, 32, 32, 32, 32, 28, 28, 28, 28, 28, 28, 28, 28, 26, 26, 30, 30, 32, 32, 32, 32, 22, 22, 22, 22, 22, 22, 22, 23, 13, 13, 31, 31, 31, 32, 18, 18, 22, 22, 22, 22, 22, 22, 23, 23, 13, 13, 31, 31, 14, 14, 14, 18, 22, 22, 22, 22, 22, 23, 23, 23, 13, 13, 31, 31, 14, 14, 14, 14, 22, 22, 22, 22, 23, 23, 23, 23, 13, 13, 13, 14, 14, 14, 14, 14, 22, 22, 22, 23, 23, 23, 23, 13, 13, 13, 13, 14, 14, 14, 14, 14, 22, 22, 23, 23, 23, 23, 23, 13, 13, 13, 13, 14, 14, 14, 14, 14, 22, 23, 23, 23, 23, 23, 23, 13, 13, 13, 13, 14, 14, 14, 14, 14, 23, 23, 23, 23, 23, 23, 23, 13, 13, 13, 13, 14, 14, 14, 14, 14, 0, 0, 0, 0, 20, 20, 20, 9, 9, 9, 19, 19, 19, 19, 32, 32, 0, 0, 0, 0, 0, 20, 20, 9, 9, 9, 19, 19, 1, 1, 32, 32, 0, 0, 0, 0, 0, 0, 20, 9, 9, 9, 19, 1, 1, 1, 32, 32, 0, 0, 0, 0, 0, 0, 20, 9, 9, 9, 1, 1, 1, 1, 32, 32, 0, 0, 0, 0, 0, 0, 0, 9, 9, 1, 1, 1, 1, 1, 1, 32, 0, 0, 0, 0, 0, 0, 0, 0, 1, 1, 1, 1, 1, 1, 1, 32, 21, 21, 0, 0, 0, 0, 0, 0, 1, 1, 1, 1, 1, 1, 26, 26, 21, 21, 21, 21, 21, 21, 0, 0, 1, 1, 1, 26, 26, 26, 26, 26, 2, 2, 2, 2, 2, 2, 2, 2, 3, 3, 3, 3, 3, 3, 3, 3, 2, 2, 2, 2, 2, 2, 2, 2, 3, 3, 3, 3, 3, 3, 3, 3, 4, 4, 4, 4, 4, 4, 4, 4, 5, 5, 5, 5, 5, 5, 5, 5, 4, 4, 4, 4, 4, 4, 4, 4, 5, 5, 5, 5, 5, 5, 5, 5, 4, 4, 4, 4, 4, 4, 4, 4, 5, 5, 5, 5, 5, 5, 5, 5, 4, 4, 4, 4, 4, 4, 4, 4, 5, 5, 5, 5, 5, 5, 5, 5, 4, 4, 4, 4, 4, 4, 4, 4, 5, 5, 5, 5, 5, 5, 5, 5, 4, 4, 4, 4, 4, 4, 4, 4, 5, 5, 5, 5, 5, 5, 5, 5, 16, 16, 16, 16, 16, 16, 16, 15, 15, 15, 15, 15, 15, 14, 14, 14, 8, 8, 8, 8, 8, 8, 8, 15, 15, 15, 15, 15, 14, 14, 14, 14, 8, 8, 8, 8, 8, 8, 8, 8, 15, 15, 15, 12, 14, 14, 14, 14, 8, 8, 8, 8, 8, 8, 8, 8, 12, 12, 12, 12, 14, 14, 14, 14, 8, 8, 8, 8, 8, 8, 8, 8, 12, 12, 12, 12, 12, 14, 14, 14, 7, 7, 7, 8, 8, 8, 8, 8, 12, 12, 12, 12, 12, 13, 13, 13, 7, 7, 7, 7, 7, 8, 8, 8, 12, 12, 12, 13, 13, 13, 13, 13, 7, 7, 7, 7, 7, 7, 7, 7, 12, 13, 13, 13, 13, 13, 13, 13, 29, 29, 29, 29, 29, 29, 29, 29, 13, 13, 13, 13, 13, 13, 13, 13, 29, 29, 29, 29, 29, 29, 29, 29, 23, 23, 23, 23, 23, 23, 23, 23, 10, 10, 10, 10, 10, 10, 10, 10, 23, 23, 23, 23, 23, 23, 23, 23, 10, 10, 10, 10, 10, 10, 10, 10, 23, 23, 23, 23, 23, 23, 23, 23, 10, 10, 10, 10, 10, 10, 10, 10, 23, 23, 23, 23, 23, 23, 23, 23, 10, 10, 10, 10, 10, 10, 10, 10, 23, 23, 23, 23, 23, 23, 23, 23, 10, 10, 10, 10, 10, 10, 10, 10, 23, 23, 23, 23, 23, 23, 23, 23, 11, 11, 10, 10, 10, 10, 10, 10, 23, 23, 23, 23, 23, 23, 23, 23, 11, 11, 11, 11, 11, 11, 11, 11, 33, 33, 33, 33, 33, 4, 4, 4, 11, 11, 11, 11, 11, 11, 11, 11, 33, 33, 33, 33, 33, 4, 4, 4, 10, 11, 11, 11, 11, 11, 11, 11, 33, 33, 33, 33, 33, 4, 4, 4, 10, 11, 11, 11, 11, 11, 11, 11, 33, 33, 33, 33, 33, 4, 4, 4, 10, 11, 11, 11, 11, 11, 11, 11, 24, 33, 33, 33, 33, 4, 4, 4, 10, 11, 11, 11, 11, 11, 11, 24, 24, 33, 33, 33, 33, 4, 4, 4, 10, 11, 11, 11, 11, 11, 11, 24, 24, 24, 33, 33, 33, 4, 4, 4, 10, 11, 11, 11, 11, 11, 11, 24, 24, 24, 24, 33, 33, 4, 4, 4, 23, 22, 22, 22, 22, 22, 22, 25, 25, 25, 25, 28, 28, 28, 28, 5, 23, 22, 22, 22, 22, 22, 22, 25, 25, 25, 28, 28, 28, 28, 28, 5, 23, 22, 22, 22, 22, 22, 22, 22, 25, 28, 28, 28, 28, 28, 28, 5, 23, 22, 22, 22, 22, 22, 22, 22, 25, 28, 28, 28, 28, 28, 28, 5, 23, 22, 22, 22, 22, 22, 22, 22, 28, 28, 28, 28, 28, 28, 28, 5, 23, 22, 22, 22, 22, 22, 22, 22, 28, 28, 28, 28, 28, 28, 28, 5, 23, 22, 22, 22, 22, 22, 22, 22, 28, 28, 28, 28, 28, 28, 28, 5, 23, 22, 22, 22, 22, 22, 22, 22, 28, 28, 28, 28, 28, 28, 28, 5, 16, 16, 16, 16, 16, 6, 6, 6, 0, 0, 0, 0, 0, 0, 0, 0, 16, 16, 16, 16, 16, 16, 16, 16, 0, 0, 0, 0, 0, 0, 0, 0, 16, 16, 16, 16, 16, 16, 16, 16, 0, 0, 0, 0, 0, 0, 0, 0, 16, 16, 16, 16, 16, 16, 16, 16, 20, 20, 20, 20, 0, 0, 0, 0, 16, 16, 16, 16, 16, 16, 16, 16, 20, 20, 20, 20, 20, 20, 20, 20, 16, 16, 16, 16, 16, 16, 16, 17, 20, 20, 20, 20, 20, 20, 20, 20, 16, 16, 16, 16, 16, 16, 17, 17, 20, 20, 20, 20, 20, 20, 20, 20, 15, 15, 15, 15, 16, 17, 17, 17, 20, 20, 20, 20, 20, 9, 9, 9, 15, 15, 15, 15, 15, 15, 17, 17, 9, 9, 9, 9, 9, 9, 9, 9, 15, 15, 15, 15, 15, 15, 18, 18, 9, 9, 9, 9, 9, 9, 9, 9, 15, 15, 15, 15, 15, 18, 18, 18, 19, 19, 19, 19, 19, 19, 19, 19, 15, 15, 15, 15, 18, 18, 18, 18, 19, 19, 19, 19, 19, 19, 19, 19, 15, 15, 15, 15, 18, 18, 18, 18, 19, 19, 19, 19, 19, 19, 19, 19, 14, 14, 14, 14, 18, 18, 18, 18, 19, 19, 19, 19, 19, 19, 19, 19, 14, 14, 14, 14, 14, 18, 18, 18, 32, 32, 32, 32, 32, 32, 32, 32, 14, 14, 14, 14, 14, 14, 18, 18, 32, 32, 32, 32, 32, 32, 32, 32, 14, 14, 14, 14, 14, 13, 13, 13, 13, 23, 23, 23, 23, 23, 23, 23, 14, 14, 14, 14, 14, 13, 13, 13, 13, 23, 23, 23, 23, 23, 23, 22, 14, 14, 14, 14, 14, 13, 13, 13, 13, 23, 23, 23, 23, 23, 22, 22, 14, 14, 14, 14, 14, 13, 13, 13, 13, 23, 23, 23, 23, 22, 22, 22, 14, 14, 14, 14, 14, 13, 13, 13, 23, 23, 23, 23, 22, 22, 22, 22, 14, 14, 14, 14, 31, 31, 13, 13, 23, 23, 23, 22, 22, 22, 22, 22, 18, 14, 14, 14, 31, 31, 13, 13, 23, 23, 22, 22, 22, 22, 22, 22, 18, 18, 32, 31, 31, 31, 13, 13, 23, 22, 22, 22, 22, 22, 22, 22, 32, 32, 32, 32, 30, 30, 26, 26, 28, 28, 28, 28, 28, 28, 28, 28, 32, 32, 32, 32, 30, 30, 26, 26, 5, 28, 28, 28, 28, 28, 28, 28, 32, 32, 32, 32, 32, 30, 26, 26, 3, 5, 28, 28, 28, 28, 28, 28, 32, 32, 32, 32, 32, 32, 26, 26, 3, 5, 5, 28, 28, 28, 28, 28, 32, 32, 32, 32, 32, 32, 26, 26, 3, 5, 5, 5, 5, 28, 28, 28, 32, 32, 32, 32, 32, 32, 26, 26, 3, 5, 5, 5, 5, 5, 28, 28, 32, 32, 32, 32, 32, 32, 26, 26, 3, 5, 5, 5, 5, 5, 5, 28, 32, 32, 32, 32, 32, 32, 26, 26, 3, 3, 5, 5, 5, 5, 5, 5, 16, 8, 8, 8, 8, 7, 7, 7, 29, 29, 10, 10, 10, 10, 10, 11, 16, 16, 8, 8, 8, 7, 7, 7, 29, 10, 10, 10, 10, 10, 11, 11, 16, 16, 6, 6, 6, 7, 7, 7, 29, 10, 10, 10, 10, 11, 11, 11, 16, 6, 6, 6, 6, 7, 7, 7, 29, 10, 10, 10, 11, 11, 11, 11, 16, 6, 6, 6, 6, 7, 7, 7, 29, 10, 10, 11, 11, 11, 11, 11, 6, 6, 6, 6, 6, 6, 7, 7, 29, 10, 11, 11, 11, 11, 11, 11, 6, 6, 6, 6, 6, 6, 7, 7, 10, 11, 11, 11, 11, 11, 11, 11, 6, 6, 6, 6, 6, 6, 7, 7, 11, 11, 11, 11, 11, 11, 11, 11, 0, 0, 27, 27, 27, 27, 21, 21, 33, 33, 33, 33, 33, 33, 33, 33, 0, 0, 0, 27, 27, 27, 21, 21, 4, 33, 33, 33, 33, 33, 33, 33, 0, 0, 0, 0, 27, 27, 21, 21, 2, 4, 4, 33, 33, 33, 33, 33, 0, 0, 0, 0, 0, 27, 21, 21, 2, 4, 4, 4, 4, 33, 33, 33, 0, 0, 0, 0, 0, 27, 21, 21, 2, 4, 4, 4, 4, 4, 33, 33, 0, 0, 0, 0, 0, 0, 21, 21, 2, 4, 4, 4, 4, 4, 4, 4, 0, 0, 0, 0, 0, 0, 21, 21, 2, 2, 4, 4, 4, 4, 4, 4, 0, 0, 0, 0, 0, 0, 21, 21, 2, 2, 4, 4, 4, 4, 4, 4, 73, 67, 69, 1, 86, 65, 76, 69, 2, 0, 0, 0, 34, 0, 0, 0, 176, 0, 0, 0, 8, 0, 0, 0, 8, 7, 5, 4, 5, 4, 5, 7, 5, 5, 5, 5, 5, 6, 6, 6, 6, 5, 5, 4, 4, 6, 6, 5, 4, 3, 7, 3, 7, 4, 3, 4, 7, 5, 1, 9, 20, 16, 6, 27, 21, 2, 2, 3, 26, 32, 19, 9, 0, 3, 1, 0, 21, 4, 5, 26, 1, 2, 2, 21, 33, 28, 5, 4, 28, 26, 3, 7, 27, 0, 16, 8, 8, 12, 29, 10, 11, 21, 6, 6, 16, 15, 12, 7, 1, 19, 17, 20, 0, 7, 29, 23, 22, 11, 10, 22, 24, 33, 7, 8, 15, 14, 13, 7, 14, 31, 26, 23, 29, 12, 12, 15, 18, 32, 31, 13, 8, 16, 17, 18, 14, 12, 0, 20, 17, 15, 8, 6, 16, 20, 9, 18, 15, 19, 32, 14, 15, 17, 9, 1, 32, 18, 17, 16, 0, 9, 2, 0, 27, 7, 33, 4, 23, 28, 25, 24, 11, 10, 10, 29, 13, 28, 22, 22, 25, 33, 11, 22, 28, 24, 3, 5, 28, 13, 30, 32, 1, 0, 6, 21, 5, 4, 33, 25, 22, 23, 26, 7, 13, 23, 10, 31, 32, 26, 13, 14, 32, 30, 1, 26, 30, 31, 14, 18, 19, 4, 21, 11, 24, 28, 0, 0, 128, 191, 122, 162, 31, 60, 145, 84, 184, 59, 121, 222, 194, 60, 145, 84, 184, 59]
            }
        }

        over "dip_link_3"
        {
            over "collisions" (
                prepend apiSchemas = ["PhysxCookedDataAPI:convexHull"]
            )
            {
                uchar[] physxCookedData:convexHull:buffer = [9, 149, 79, 51, 168, 212, 129, 87, 209, 64, 203, 196, 78, 123, 98, 82, 74, 78, 88, 83, 1, 67, 86, 88, 77, 14, 0, 0, 0, 0, 0, 0, 0, 73, 67, 69, 1, 67, 76, 72, 76, 9, 0, 0, 0, 32, 0, 0, 0, 76, 128, 0, 0, 46, 0, 0, 0, 152, 0, 0, 0, 186, 133, 232, 188, 55, 137, 65, 188, 101, 71, 73, 60, 29, 90, 254, 188, 36, 5, 146, 58, 101, 71, 73, 60, 29, 90, 254, 188, 36, 5, 146, 58, 121, 227, 177, 188, 5, 243, 233, 188, 174, 196, 57, 188, 121, 227, 177, 188, 231, 222, 198, 188, 193, 87, 129, 188, 121, 227, 177, 188, 112, 140, 196, 188, 95, 242, 126, 188, 176, 49, 78, 60, 50, 93, 181, 188, 134, 23, 134, 188, 162, 81, 32, 60, 245, 82, 59, 188, 181, 137, 254, 59, 158, 88, 180, 188, 69, 179, 149, 188, 95, 242, 126, 188, 158, 88, 180, 188, 58, 150, 252, 188, 181, 137, 254, 59, 158, 88, 180, 188, 105, 171, 169, 188, 206, 58, 17, 61, 224, 150, 156, 188, 79, 6, 117, 188, 110, 107, 93, 188, 121, 227, 177, 188, 247, 162, 92, 59, 20, 139, 136, 60, 2, 148, 147, 188, 247, 162, 92, 59, 20, 139, 136, 60, 120, 168, 12, 60, 79, 6, 117, 188, 110, 107, 93, 188, 101, 71, 73, 60, 243, 80, 149, 188, 154, 230, 129, 188, 101, 71, 73, 60, 43, 167, 226, 188, 81, 198, 2, 61, 224, 150, 156, 188, 204, 242, 250, 188, 15, 49, 22, 61, 180, 49, 131, 188, 165, 193, 242, 188, 163, 73, 26, 61, 185, 199, 215, 59, 94, 79, 249, 188, 49, 218, 21, 61, 114, 85, 222, 59, 76, 13, 230, 188, 223, 172, 255, 60, 198, 10, 29, 60, 104, 183, 165, 188, 158, 15, 17, 61, 198, 10, 29, 60, 192, 25, 27, 59, 163, 73, 26, 61, 185, 199, 215, 59, 58, 150, 252, 188, 181, 137, 254, 59, 176, 49, 78, 60, 245, 82, 59, 188, 181, 137, 254, 59, 176, 49, 78, 60, 165, 193, 242, 188, 163, 73, 26, 61, 180, 49, 131, 188, 247, 162, 92, 59, 15, 49, 22, 61, 185, 199, 215, 59, 247, 162, 92, 59, 15, 49, 22, 61, 180, 49, 131, 188, 192, 25, 27, 59, 163, 73, 26, 61, 180, 49, 131, 188, 192, 25, 27, 59, 23, 37, 145, 60, 41, 197, 155, 188, 192, 25, 27, 59, 23, 37, 145, 60, 198, 10, 29, 60, 131, 226, 164, 188, 134, 23, 134, 188, 155, 224, 168, 188, 40, 86, 133, 188, 105, 100, 156, 59, 147, 246, 127, 191, 254, 37, 182, 188, 0, 0, 5, 24, 88, 224, 122, 191, 101, 216, 75, 190, 0, 0, 0, 0, 208, 113, 247, 188, 5, 0, 4, 26, 79, 121, 56, 191, 178, 125, 49, 191, 172, 211, 195, 187, 200, 11, 234, 188, 9, 0, 3, 26, 149, 75, 38, 191, 74, 157, 66, 191, 46, 210, 42, 60, 109, 168, 225, 188, 12, 0, 3, 28, 197, 123, 198, 190, 16, 248, 107, 191, 218, 246, 24, 60, 255, 167, 194, 188, 15, 0, 3, 28, 0, 0, 0, 0, 66, 85, 213, 61, 122, 155, 126, 191, 96, 254, 185, 188, 18, 0, 3, 5, 249, 213, 90, 63, 112, 215, 4, 191, 0, 0, 0, 0, 227, 28, 189, 59, 21, 0, 4, 17, 159, 128, 224, 61, 53, 169, 3, 189, 252, 82, 126, 191, 84, 218, 166, 188, 25, 0, 3, 23, 247, 32, 21, 189, 65, 97, 119, 191, 111, 107, 130, 62, 60, 153, 156, 188, 28, 0, 3, 28, 32, 125, 6, 63, 78, 209, 89, 191, 164, 49, 4, 188, 151, 43, 122, 187, 31, 0, 3, 18, 172, 7, 21, 63, 45, 38, 80, 191, 0, 0, 0, 0, 36, 145, 21, 187, 34, 0, 3, 18, 76, 60, 132, 189, 110, 82, 2, 62, 54, 97, 125, 191, 110, 232, 202, 188, 37, 0, 3, 15, 239, 106, 17, 191, 162, 43, 47, 62, 78, 22, 78, 191, 44, 198, 21, 189, 40, 0, 3, 30, 222, 135, 131, 190, 29, 38, 182, 62, 27, 9, 102, 63, 145, 157, 220, 188, 43, 0, 3, 8, 123, 127, 76, 190, 240, 247, 190, 62, 139, 245, 103, 63, 237, 115, 212, 188, 46, 0, 3, 8, 0, 0, 0, 0, 4, 183, 76, 63, 162, 182, 25, 63, 4, 147, 11, 189, 49, 0, 3, 4, 94, 175, 77, 191, 4, 101, 24, 63, 4, 233, 22, 60, 227, 157, 61, 189, 52, 0, 3, 11, 24, 245, 127, 191, 2, 160, 146, 60, 191, 110, 104, 59, 120, 212, 254, 188, 55, 0, 4, 12, 202, 156, 126, 191, 129, 213, 226, 60, 214, 63, 205, 189, 232, 134, 7, 189, 59, 0, 3, 13, 45, 228, 66, 190, 250, 234, 27, 189, 181, 33, 123, 191, 68, 145, 222, 188, 62, 0, 3, 30, 172, 12, 62, 190, 35, 182, 28, 189, 143, 92, 123, 63, 94, 172, 145, 188, 65, 0, 3, 7, 224, 200, 185, 189, 201, 232, 217, 188, 128, 218, 126, 63, 82, 182, 119, 188, 68, 0, 3, 7, 252, 142, 141, 60, 47, 9, 166, 59, 96, 245, 127, 63, 123, 19, 70, 188, 71, 0, 5, 9, 0, 0, 0, 0, 34, 238, 220, 61, 142, 129, 126, 63, 89, 184, 90, 188, 76, 0, 3, 8, 173, 248, 147, 189, 130, 46, 10, 62, 179, 251, 124, 63, 14, 184, 128, 188, 79, 0, 3, 8, 87, 214, 17, 191, 209, 212, 45, 62, 132, 220, 77, 63, 177, 153, 237, 188, 82, 0, 3, 29, 160, 44, 127, 191, 214, 199, 236, 60, 251, 82, 153, 61, 56, 170, 2, 189, 85, 0, 3, 12, 253, 107, 84, 190, 18, 89, 209, 62, 164, 129, 99, 191, 128, 143, 18, 189, 88, 0, 3, 15, 118, 5, 179, 190, 97, 5, 179, 62, 35, 131, 94, 191, 42, 103, 25, 189, 91, 0, 3, 14, 253, 4, 53, 191, 231, 4, 53, 63, 0, 0, 0, 0, 214, 236, 66, 189, 94, 0, 3, 11, 0, 0, 128, 63, 0, 0, 0, 0, 0, 0, 0, 0, 247, 162, 92, 187, 97, 0, 4, 1, 0, 0, 0, 0, 60, 104, 80, 63, 64, 171, 20, 191, 231, 178, 35, 189, 101, 0, 3, 15, 0, 0, 0, 0, 0, 0, 128, 63, 0, 0, 0, 0, 163, 73, 26, 189, 104, 0, 4, 6, 255, 4, 53, 63, 230, 4, 53, 63, 0, 0, 0, 0, 143, 231, 231, 188, 108, 0, 4, 0, 177, 42, 13, 63, 76, 91, 114, 190, 247, 200, 76, 191, 35, 228, 73, 188, 112, 0, 3, 19, 194, 200, 127, 62, 18, 32, 97, 189, 54, 124, 119, 191, 85, 116, 147, 188, 115, 0, 3, 23, 23, 235, 239, 61, 141, 156, 17, 62, 31, 158, 123, 191, 218, 85, 175, 188, 118, 0, 5, 5, 16, 99, 61, 63, 219, 28, 137, 61, 15, 100, 43, 191, 253, 88, 128, 188, 123, 0, 3, 1, 16, 99, 61, 63, 217, 28, 137, 61, 15, 100, 43, 63, 99, 66, 25, 188, 126, 0, 3, 2, 101, 40, 236, 61, 84, 200, 18, 62, 118, 161, 123, 63, 58, 81, 71, 188, 129, 0, 5, 4, 194, 200, 127, 62, 25, 32, 97, 189, 54, 124, 119, 63, 162, 140, 17, 188, 134, 0, 3, 9, 166, 42, 13, 63, 59, 91, 114, 190, 0, 201, 76, 63, 128, 154, 156, 187, 137, 0, 3, 17, 129, 79, 11, 190, 255, 155, 125, 191, 189, 126, 19, 188, 181, 202, 156, 188, 140, 0, 3, 22, 100, 53, 12, 60, 236, 246, 94, 191, 20, 138, 251, 190, 43, 88, 198, 188, 143, 0, 3, 18, 192, 207, 201, 62, 173, 67, 107, 191, 250, 230, 10, 188, 243, 174, 238, 187, 146, 0, 3, 18, 199, 244, 254, 61, 242, 255, 125, 191, 169, 247, 6, 60, 191, 64, 94, 188, 149, 0, 3, 25, 7, 8, 4, 3, 9, 0, 1, 2, 3, 4, 0, 3, 5, 0, 4, 5, 4, 6, 7, 9, 10, 11, 12, 13, 14, 11, 8, 7, 15, 5, 6, 15, 8, 11, 15, 11, 14, 16, 10, 9, 16, 9, 17, 18, 19, 20, 18, 20, 21, 18, 21, 22, 18, 17, 19, 2, 1, 19, 17, 2, 17, 9, 2, 9, 3, 23, 1, 0, 23, 0, 5, 23, 5, 15, 14, 24, 23, 24, 21, 23, 21, 20, 23, 20, 19, 23, 19, 1, 25, 10, 16, 25, 16, 17, 25, 17, 18, 26, 13, 12, 27, 28, 10, 25, 28, 25, 18, 22, 28, 22, 26, 27, 29, 12, 11, 29, 11, 7, 7, 10, 28, 27, 29, 29, 27, 12, 30, 13, 26, 26, 22, 21, 24, 30, 30, 24, 14, 30, 14, 13, 31, 6, 4, 31, 4, 8, 31, 8, 15, 31, 15, 6, 0, 7, 0, 43, 0, 2, 0, 19, 0, 5, 1, 20, 1, 17, 1, 19, 1, 2, 2, 3, 3, 21, 3, 4, 4, 42, 4, 8, 5, 11, 5, 36, 6, 34, 6, 30, 6, 41, 6, 10, 7, 9, 7, 35, 8, 22, 8, 45, 9, 44, 9, 10, 10, 22, 11, 27, 11, 12, 12, 18, 12, 28, 13, 16, 13, 25, 13, 14, 14, 24, 14, 15, 15, 39, 15, 32, 16, 29, 16, 17, 17, 26, 17, 18, 18, 19, 20, 26, 20, 21, 21, 22, 22, 40, 22, 23, 23, 39, 23, 24, 24, 25, 25, 26, 27, 31, 27, 28, 28, 29, 29, 32, 30, 38, 30, 37, 30, 33, 31, 36, 31, 32, 32, 33, 33, 39, 33, 36, 34, 37, 34, 35, 35, 36, 36, 37, 38, 41, 38, 39, 39, 40, 40, 41, 42, 45, 42, 43, 43, 44, 44, 45, 1, 2, 3, 1, 17, 20, 1, 17, 18, 0, 1, 2, 0, 2, 3, 3, 4, 8, 4, 8, 42, 0, 5, 7, 0, 7, 9, 0, 5, 11, 5, 11, 27, 6, 7, 9, 6, 30, 34, 6, 30, 38, 6, 10, 22, 8, 9, 10, 11, 12, 27, 12, 16, 17, 13, 14, 15, 13, 16, 17, 13, 14, 24, 14, 15, 23, 15, 32, 33, 20, 21, 22, 22, 23, 39, 27, 28, 29, 30, 33, 38, 30, 33, 36, 31, 32, 33, 34, 35, 36, 38, 39, 40, 42, 43, 44, 7, 0, 8, 0, 8, 0, 4, 0, 4, 0, 3, 0, 3, 0, 9, 0, 9, 0, 7, 0, 0, 0, 1, 0, 1, 0, 2, 0, 2, 0, 3, 0, 3, 0, 0, 0, 4, 0, 0, 0, 5, 0, 0, 0, 4, 0, 5, 0, 4, 0, 6, 0, 6, 0, 5, 0, 9, 0, 10, 0, 10, 0, 7, 0, 11, 0, 12, 0, 12, 0, 13, 0, 13, 0, 14, 0, 14, 0, 11, 0, 11, 0, 8, 0, 7, 0, 11, 0, 15, 0, 5, 0, 6, 0, 15, 0, 15, 0, 8, 0, 11, 0, 15, 0, 14, 0, 15, 0, 16, 0, 10, 0, 9, 0, 16, 0, 9, 0, 17, 0, 17, 0, 16, 0, 18, 0, 19, 0, 19, 0, 20, 0, 20, 0, 18, 0, 20, 0, 21, 0, 21, 0, 18, 0, 21, 0, 22, 0, 22, 0, 18, 0, 18, 0, 17, 0, 17, 0, 19, 0, 1, 0, 19, 0, 17, 0, 2, 0, 9, 0, 2, 0, 23, 0, 1, 0, 0, 0, 23, 0, 5, 0, 23, 0, 14, 0, 24, 0, 24, 0, 23, 0, 24, 0, 21, 0, 21, 0, 23, 0, 20, 0, 23, 0, 19, 0, 23, 0, 25, 0, 10, 0, 16, 0, 25, 0, 17, 0, 25, 0, 18, 0, 25, 0, 26, 0, 13, 0, 12, 0, 27, 0, 27, 0, 26, 0, 28, 0, 10, 0, 25, 0, 28, 0, 22, 0, 28, 0, 22, 0, 26, 0, 27, 0, 28, 0, 29, 0, 12, 0, 11, 0, 29, 0, 7, 0, 29, 0, 27, 0, 29, 0, 30, 0, 13, 0, 26, 0, 30, 0, 24, 0, 30, 0, 14, 0, 30, 0, 31, 0, 6, 0, 4, 0, 31, 0, 8, 0, 31, 0, 15, 0, 31, 0, 0, 0, 0, 0, 29, 90, 254, 188, 134, 23, 134, 188, 158, 88, 180, 188, 248, 162, 92, 59, 163, 73, 26, 61, 176, 49, 78, 60, 9, 2, 64, 56, 161, 114, 191, 50, 161, 244, 18, 50, 150, 22, 112, 177, 161, 244, 18, 50, 0, 136, 174, 50, 62, 205, 74, 49, 150, 22, 112, 177, 62, 205, 74, 49, 182, 131, 13, 51, 29, 6, 132, 188, 236, 169, 94, 60, 126, 254, 154, 187, 0, 0, 128, 191, 0, 0, 128, 191, 18, 242, 113, 60, 247, 175, 11, 60, 202, 78, 117, 60, 247, 175, 11, 60]
            }
        }

        over "link1"
        {
            over "collisions" (
                prepend apiSchemas = ["PhysxCookedDataAPI:convexHull"]
            )
            {
                uchar[] physxCookedData:convexHull:buffer = [9, 101, 150, 130, 151, 92, 42, 87, 178, 15, 176, 176, 20, 166, 77, 215, 226, 78, 88, 83, 1, 67, 86, 88, 77, 14, 0, 0, 0, 0, 0, 0, 0, 73, 67, 69, 1, 67, 76, 72, 76, 9, 0, 0, 0, 34, 0, 0, 0, 96, 128, 0, 0, 64, 0, 0, 0, 192, 0, 0, 0, 125, 142, 52, 60, 229, 157, 227, 189, 88, 0, 131, 62, 225, 252, 92, 189, 246, 226, 197, 189, 39, 189, 63, 62, 207, 208, 41, 189, 107, 17, 209, 189, 208, 151, 3, 59, 127, 171, 144, 189, 105, 8, 173, 61, 186, 12, 3, 59, 202, 84, 225, 189, 169, 123, 174, 52, 68, 18, 3, 59, 30, 83, 215, 189, 78, 35, 18, 61, 204, 25, 144, 61, 251, 171, 172, 61, 184, 30, 133, 189, 234, 147, 132, 62, 250, 88, 11, 61, 141, 243, 162, 61, 252, 165, 141, 62, 129, 181, 197, 60, 154, 34, 133, 189, 26, 80, 143, 62, 79, 214, 30, 189, 182, 60, 133, 189, 95, 38, 122, 62, 6, 2, 158, 61, 51, 166, 160, 61, 68, 18, 3, 59, 61, 105, 188, 61, 86, 101, 223, 61, 102, 192, 105, 62, 43, 218, 220, 61, 173, 233, 176, 60, 68, 18, 3, 59, 72, 220, 35, 61, 9, 101, 210, 55, 213, 120, 233, 188, 57, 253, 15, 59, 137, 122, 225, 61, 129, 54, 3, 59, 15, 244, 155, 61, 18, 219, 221, 189, 134, 175, 127, 62, 15, 228, 202, 61, 228, 20, 221, 189, 214, 199, 67, 62, 112, 40, 183, 189, 76, 180, 138, 189, 127, 166, 30, 61, 161, 188, 207, 61, 224, 149, 46, 189, 68, 18, 3, 59, 1, 64, 127, 61, 220, 167, 185, 189, 203, 22, 3, 59, 198, 133, 227, 61, 134, 27, 133, 61, 55, 82, 86, 62, 188, 203, 133, 189, 69, 232, 193, 61, 52, 161, 9, 62, 250, 247, 116, 189, 54, 40, 133, 61, 248, 169, 90, 62, 209, 199, 225, 188, 164, 15, 199, 61, 222, 231, 120, 62, 104, 91, 205, 189, 140, 6, 58, 189, 68, 18, 3, 59, 6, 227, 22, 189, 62, 166, 127, 188, 213, 120, 233, 188, 251, 171, 172, 61, 184, 30, 133, 61, 234, 147, 132, 62, 248, 234, 217, 60, 222, 115, 224, 61, 53, 125, 134, 62, 235, 141, 218, 189, 107, 66, 255, 188, 53, 67, 138, 61, 43, 220, 81, 187, 184, 30, 133, 61, 176, 142, 139, 62, 88, 66, 16, 59, 157, 102, 225, 189, 185, 62, 3, 59, 226, 143, 226, 61, 184, 30, 133, 189, 23, 212, 87, 62, 90, 69, 127, 188, 50, 237, 22, 61, 213, 120, 233, 188, 3, 196, 174, 188, 224, 47, 230, 61, 160, 111, 91, 62, 140, 184, 108, 190, 11, 11, 121, 191, 89, 85, 86, 60, 153, 17, 223, 189, 0, 0, 3, 11, 173, 67, 101, 191, 196, 191, 213, 62, 229, 144, 29, 190, 36, 43, 201, 189, 3, 0, 3, 16, 5, 117, 168, 62, 140, 154, 165, 186, 37, 191, 113, 63, 249, 112, 139, 190, 6, 0, 3, 25, 0, 95, 38, 191, 123, 21, 20, 191, 47, 105, 252, 62, 229, 169, 59, 190, 9, 0, 3, 10, 132, 156, 240, 190, 61, 55, 153, 190, 153, 150, 84, 63, 177, 83, 118, 190, 12, 0, 3, 10, 113, 157, 95, 63, 107, 106, 241, 62, 236, 30, 248, 189, 135, 69, 213, 189, 15, 0, 3, 28, 113, 26, 180, 62, 184, 112, 66, 62, 30, 168, 106, 191, 201, 169, 36, 189, 18, 0, 3, 8, 175, 250, 196, 62, 203, 54, 105, 63, 124, 40, 24, 190, 252, 135, 206, 189, 21, 0, 3, 1, 195, 232, 162, 62, 119, 123, 130, 190, 28, 195, 105, 63, 31, 71, 143, 190, 24, 0, 3, 3, 161, 103, 211, 61, 169, 30, 247, 190, 8, 165, 94, 63, 237, 250, 141, 190, 27, 0, 3, 14, 93, 240, 52, 61, 43, 188, 127, 191, 251, 201, 49, 60, 121, 16, 234, 189, 30, 0, 3, 33, 251, 26, 23, 191, 84, 155, 78, 191, 192, 64, 131, 188, 8, 200, 218, 189, 33, 0, 3, 11, 123, 82, 66, 63, 37, 68, 30, 191, 2, 223, 80, 190, 123, 209, 210, 189, 36, 0, 3, 21, 182, 76, 150, 62, 40, 212, 116, 190, 132, 241, 108, 191, 160, 31, 28, 189, 39, 0, 3, 29, 110, 114, 215, 62, 104, 224, 43, 189, 186, 251, 103, 191, 83, 187, 46, 189, 42, 0, 3, 29, 212, 52, 101, 63, 41, 166, 221, 62, 118, 107, 214, 189, 134, 116, 216, 189, 45, 0, 3, 28, 187, 133, 169, 190, 159, 21, 113, 63, 189, 142, 114, 189, 215, 155, 210, 189, 48, 0, 3, 16, 200, 210, 82, 191, 95, 50, 17, 63, 138, 70, 46, 188, 117, 60, 217, 189, 51, 0, 3, 16, 97, 119, 102, 191, 92, 59, 196, 62, 24, 116, 83, 62, 250, 155, 251, 189, 54, 0, 3, 18, 255, 148, 74, 191, 48, 98, 13, 63, 129, 69, 134, 62, 215, 147, 14, 190, 57, 0, 3, 18, 91, 0, 45, 191, 62, 143, 51, 191, 215, 7, 104, 190, 203, 22, 203, 189, 60, 0, 3, 11, 49, 42, 204, 190, 145, 95, 175, 189, 145, 189, 105, 191, 226, 57, 44, 189, 63, 0, 3, 26, 151, 248, 149, 190, 221, 182, 155, 190, 35, 15, 104, 191, 4, 116, 41, 189, 66, 0, 3, 7, 203, 28, 170, 62, 0, 0, 0, 0, 248, 116, 113, 63, 135, 99, 139, 190, 69, 0, 3, 25, 80, 220, 93, 63, 124, 93, 50, 62, 222, 96, 239, 62, 202, 98, 82, 190, 72, 0, 3, 4, 234, 218, 211, 62, 208, 191, 240, 62, 17, 144, 71, 63, 85, 220, 136, 190, 75, 0, 3, 2, 177, 110, 210, 62, 163, 190, 238, 62, 238, 137, 72, 63, 172, 29, 137, 190, 78, 0, 3, 2, 252, 121, 127, 191, 237, 202, 171, 60, 29, 83, 119, 61, 38, 30, 225, 189, 81, 0, 3, 12, 189, 249, 121, 191, 72, 185, 86, 190, 103, 129, 78, 189, 101, 210, 219, 189, 84, 0, 3, 20, 116, 16, 103, 191, 172, 101, 220, 190, 46, 106, 160, 59, 178, 105, 225, 189, 87, 0, 3, 11, 235, 199, 92, 191, 19, 252, 252, 190, 114, 16, 225, 61, 121, 54, 235, 189, 90, 0, 3, 11, 49, 173, 110, 191, 243, 147, 23, 190, 156, 235, 168, 62, 218, 105, 1, 190, 93, 0, 3, 12, 189, 129, 111, 191, 240, 32, 142, 189, 39, 71, 177, 62, 57, 99, 0, 190, 96, 0, 3, 12, 158, 49, 116, 191, 76, 22, 31, 60, 204, 156, 153, 62, 110, 86, 249, 189, 99, 0, 3, 12, 7, 116, 247, 189, 228, 117, 250, 60, 254, 0, 126, 63, 79, 175, 139, 190, 102, 0, 3, 13, 211, 180, 117, 190, 132, 139, 184, 62, 170, 193, 102, 63, 79, 47, 138, 190, 105, 0, 3, 19, 87, 54, 201, 190, 161, 33, 226, 62, 193, 120, 78, 63, 216, 204, 127, 190, 108, 0, 3, 19, 192, 16, 56, 191, 247, 177, 179, 61, 96, 127, 48, 63, 179, 161, 72, 190, 111, 0, 3, 18, 158, 147, 56, 191, 146, 246, 63, 61, 9, 252, 48, 63, 203, 114, 70, 190, 114, 0, 3, 12, 110, 223, 251, 190, 74, 226, 94, 189, 9, 114, 94, 63, 145, 133, 112, 190, 117, 0, 3, 12, 3, 199, 118, 189, 55, 142, 168, 190, 185, 60, 113, 191, 172, 34, 12, 189, 120, 0, 3, 7, 90, 111, 109, 61, 53, 237, 145, 190, 213, 238, 116, 191, 69, 81, 242, 188, 123, 0, 3, 7, 198, 183, 195, 61, 101, 160, 151, 190, 35, 74, 115, 191, 88, 35, 253, 188, 126, 0, 3, 7, 252, 159, 155, 62, 136, 10, 113, 191, 83, 157, 20, 190, 70, 1, 213, 189, 129, 0, 3, 33, 176, 45, 4, 61, 235, 220, 127, 191, 21, 83, 176, 187, 82, 103, 225, 189, 132, 0, 3, 33, 239, 255, 55, 190, 47, 213, 123, 191, 0, 81, 6, 59, 24, 238, 220, 189, 135, 0, 3, 11, 19, 130, 120, 63, 74, 5, 108, 190, 190, 32, 138, 189, 75, 128, 221, 189, 138, 0, 3, 5, 27, 92, 126, 63, 129, 235, 202, 189, 12, 176, 94, 189, 18, 213, 214, 189, 141, 0, 3, 5, 60, 248, 127, 63, 234, 124, 119, 187, 196, 111, 116, 188, 16, 153, 220, 189, 144, 0, 3, 4, 78, 77, 97, 63, 67, 68, 16, 59, 60, 26, 243, 62, 38, 7, 74, 190, 147, 0, 3, 4, 110, 170, 96, 63, 0, 0, 0, 0, 246, 114, 245, 62, 209, 225, 74, 190, 150, 0, 3, 4, 146, 6, 89, 63, 194, 98, 132, 190, 45, 26, 237, 62, 102, 49, 85, 190, 153, 0, 3, 4, 110, 74, 92, 63, 231, 169, 196, 190, 135, 85, 171, 62, 30, 69, 67, 190, 156, 0, 3, 4, 0, 0, 0, 0, 0, 0, 0, 0, 0, 0, 128, 191, 214, 120, 233, 188, 159, 0, 3, 8, 72, 120, 181, 190, 64, 23, 19, 62, 29, 138, 108, 191, 38, 41, 24, 189, 162, 0, 3, 6, 178, 74, 185, 190, 182, 191, 44, 62, 30, 181, 106, 191, 93, 149, 27, 189, 165, 0, 3, 6, 213, 148, 19, 190, 196, 236, 209, 62, 50, 143, 102, 191, 198, 54, 48, 189, 168, 0, 3, 8, 192, 26, 23, 62, 77, 238, 178, 62, 96, 221, 108, 191, 146, 86, 23, 189, 171, 0, 3, 8, 228, 61, 61, 62, 22, 214, 142, 62, 172, 61, 113, 191, 37, 81, 12, 189, 174, 0, 3, 8, 86, 67, 206, 60, 200, 199, 127, 63, 245, 170, 6, 61, 147, 81, 243, 189, 177, 0, 3, 30, 202, 34, 247, 60, 87, 224, 127, 63, 251, 29, 245, 187, 142, 121, 225, 189, 180, 0, 3, 0, 71, 94, 155, 190, 74, 171, 115, 63, 243, 253, 51, 189, 128, 18, 213, 189, 183, 0, 3, 16, 241, 135, 46, 191, 145, 140, 50, 63, 60, 26, 98, 62, 90, 158, 15, 190, 186, 0, 3, 19, 99, 187, 171, 190, 144, 111, 92, 63, 245, 169, 195, 62, 99, 74, 62, 190, 189, 0, 3, 19, 0, 1, 2, 3, 4, 5, 6, 7, 8, 9, 1, 0, 9, 0, 8, 10, 11, 12, 10, 12, 13, 10, 14, 11, 15, 6, 8, 15, 8, 0, 15, 0, 16, 17, 2, 1, 18, 16, 19, 18, 19, 13, 18, 13, 12, 20, 12, 11, 21, 14, 3, 21, 3, 5, 21, 5, 22, 21, 22, 23, 24, 2, 17, 24, 4, 25, 24, 25, 2, 26, 7, 6, 26, 20, 11, 26, 11, 27, 26, 27, 7, 28, 5, 4, 28, 4, 24, 28, 24, 17, 28, 17, 1, 28, 1, 9, 28, 9, 22, 28, 22, 5, 29, 8, 7, 29, 7, 27, 29, 27, 23, 29, 23, 22, 29, 22, 9, 29, 9, 8, 30, 2, 25, 30, 25, 13, 30, 13, 19, 30, 19, 16, 30, 16, 0, 30, 0, 2, 31, 16, 18, 31, 18, 12, 31, 12, 20, 31, 20, 26, 31, 26, 6, 31, 6, 15, 31, 15, 16, 32, 13, 25, 32, 25, 4, 32, 4, 3, 32, 3, 14, 32, 14, 10, 32, 10, 13, 33, 27, 11, 33, 11, 14, 33, 14, 21, 33, 21, 23, 33, 23, 27, 0, 3, 0, 11, 0, 45, 1, 55, 1, 27, 1, 17, 2, 23, 2, 34, 2, 8, 3, 31, 3, 4, 4, 9, 4, 39, 5, 7, 5, 15, 5, 6, 6, 14, 6, 58, 7, 57, 7, 60, 8, 51, 8, 9, 9, 10, 10, 44, 10, 52, 11, 20, 11, 30, 12, 46, 12, 43, 12, 13, 13, 42, 13, 14, 14, 47, 15, 48, 15, 24, 16, 61, 16, 56, 16, 17, 17, 18, 18, 33, 18, 19, 19, 37, 19, 62, 20, 22, 20, 29, 21, 28, 21, 54, 21, 22, 22, 40, 23, 26, 23, 50, 24, 49, 24, 25, 25, 59, 25, 26, 26, 35, 27, 33, 27, 28, 28, 29, 29, 30, 30, 31, 31, 32, 32, 38, 32, 33, 34, 39, 34, 35, 35, 36, 36, 63, 36, 37, 37, 38, 38, 39, 40, 45, 40, 41, 41, 53, 41, 42, 42, 43, 43, 44, 44, 45, 46, 52, 46, 47, 47, 48, 48, 49, 49, 50, 50, 51, 51, 52, 53, 58, 53, 54, 54, 55, 55, 56, 56, 57, 57, 58, 59, 63, 59, 60, 60, 61, 61, 62, 62, 63, 0, 3, 4, 0, 3, 11, 0, 11, 20, 1, 16, 17, 1, 21, 27, 1, 17, 18, 2, 8, 23, 2, 23, 26, 2, 4, 8, 3, 4, 31, 5, 6, 7, 5, 7, 15, 5, 6, 14, 6, 13, 14, 7, 16, 56, 8, 9, 10, 10, 12, 43, 11, 20, 29, 12, 13, 14, 12, 13, 42, 15, 24, 48, 16, 17, 18, 18, 19, 32, 19, 36, 37, 20, 21, 22, 21, 22, 40, 23, 24, 25, 25, 26, 35, 27, 28, 29, 34, 35, 36, 40, 41, 42, 46, 47, 48, 53, 54, 55, 59, 60, 61, 0, 0, 1, 0, 1, 0, 2, 0, 2, 0, 0, 0, 3, 0, 4, 0, 4, 0, 5, 0, 5, 0, 3, 0, 6, 0, 7, 0, 7, 0, 8, 0, 8, 0, 6, 0, 9, 0, 1, 0, 0, 0, 9, 0, 0, 0, 8, 0, 8, 0, 9, 0, 10, 0, 11, 0, 11, 0, 12, 0, 12, 0, 10, 0, 12, 0, 13, 0, 13, 0, 10, 0, 10, 0, 14, 0, 14, 0, 11, 0, 15, 0, 6, 0, 8, 0, 15, 0, 0, 0, 15, 0, 0, 0, 16, 0, 16, 0, 15, 0, 17, 0, 2, 0, 1, 0, 17, 0, 18, 0, 16, 0, 16, 0, 19, 0, 19, 0, 18, 0, 19, 0, 13, 0, 13, 0, 18, 0, 12, 0, 18, 0, 20, 0, 12, 0, 11, 0, 20, 0, 21, 0, 14, 0, 14, 0, 3, 0, 3, 0, 21, 0, 5, 0, 21, 0, 5, 0, 22, 0, 22, 0, 21, 0, 22, 0, 23, 0, 23, 0, 21, 0, 24, 0, 2, 0, 17, 0, 24, 0, 24, 0, 4, 0, 4, 0, 25, 0, 25, 0, 24, 0, 25, 0, 2, 0, 26, 0, 7, 0, 6, 0, 26, 0, 26, 0, 20, 0, 11, 0, 26, 0, 11, 0, 27, 0, 27, 0, 26, 0, 27, 0, 7, 0, 28, 0, 5, 0, 4, 0, 28, 0, 24, 0, 28, 0, 17, 0, 28, 0, 1, 0, 28, 0, 9, 0, 28, 0, 9, 0, 22, 0, 22, 0, 28, 0, 29, 0, 8, 0, 7, 0, 29, 0, 27, 0, 29, 0, 27, 0, 23, 0, 23, 0, 29, 0, 22, 0, 29, 0, 9, 0, 29, 0, 30, 0, 2, 0, 25, 0, 30, 0, 25, 0, 13, 0, 13, 0, 30, 0, 19, 0, 30, 0, 16, 0, 30, 0, 0, 0, 30, 0, 31, 0, 16, 0, 18, 0, 31, 0, 12, 0, 31, 0, 20, 0, 31, 0, 26, 0, 31, 0, 6, 0, 31, 0, 15, 0, 31, 0, 32, 0, 13, 0, 25, 0, 32, 0, 4, 0, 32, 0, 3, 0, 32, 0, 14, 0, 32, 0, 10, 0, 32, 0, 33, 0, 27, 0, 11, 0, 33, 0, 14, 0, 33, 0, 21, 0, 33, 0, 23, 0, 33, 0, 0, 0, 0, 0, 202, 84, 225, 189, 228, 157, 227, 189, 208, 120, 233, 188, 198, 133, 227, 61, 224, 47, 230, 61, 26, 80, 143, 62, 229, 58, 34, 60, 39, 31, 119, 57, 132, 131, 20, 53, 124, 108, 196, 183, 132, 131, 20, 53, 124, 13, 114, 57, 204, 113, 230, 180, 124, 108, 196, 183, 204, 113, 230, 180, 25, 210, 123, 56, 178, 225, 85, 60, 224, 199, 91, 184, 65, 81, 247, 61, 0, 0, 128, 63, 73, 67, 69, 1, 83, 85, 80, 77, 0, 0, 0, 0, 73, 67, 69, 1, 71, 65, 85, 83, 0, 0, 0, 0, 16, 0, 0, 0, 0, 6, 0, 0, 19, 19, 19, 19, 19, 19, 16, 16, 16, 16, 16, 15, 15, 15, 15, 15, 19, 19, 19, 19, 19, 19, 16, 16, 16, 16, 16, 15, 15, 15, 15, 15, 18, 18, 18, 18, 18, 18, 16, 16, 16, 16, 16, 15, 15, 15, 15, 15, 18, 18, 18, 18, 18, 18, 18, 16, 16, 16, 16, 15, 15, 15, 15, 15, 18, 18, 18, 18, 18, 18, 18, 16, 16, 16, 16, 15, 15, 15, 15, 15, 18, 18, 18, 18, 18, 18, 18, 16, 16, 31, 31, 31, 15, 6, 6, 6, 18, 18, 18, 18, 18, 18, 18, 18, 31, 31, 31, 31, 6, 6, 6, 6, 12, 12, 12, 12, 12, 12, 12, 12, 31, 31, 31, 31, 6, 6, 6, 6, 12, 12, 12, 12, 12, 12, 12, 12, 20, 20, 20, 20, 26, 26, 26, 26, 12, 12, 12, 12, 12, 12, 12, 12, 20, 20, 20, 20, 26, 26, 26, 26, 12, 12, 12, 12, 12, 12, 12, 20, 20, 20, 11, 11, 11, 26, 26, 26, 12, 12, 12, 12, 12, 12, 12, 11, 11, 11, 11, 11, 11, 11, 11, 26, 10, 10, 10, 10, 10, 10, 10, 11, 11, 11, 11, 11, 11, 11, 11, 11, 10, 10, 10, 10, 10, 10, 10, 11, 11, 11, 11, 11, 11, 11, 11, 11, 10, 10, 10, 10, 10, 10, 10, 11, 11, 11, 11, 11, 11, 11, 11, 11, 10, 10, 10, 10, 10, 10, 11, 11, 11, 11, 11, 11, 11, 11, 11, 11, 24, 24, 24, 24, 24, 24, 17, 17, 1, 1, 1, 1, 1, 1, 0, 0, 24, 24, 24, 24, 24, 24, 17, 17, 17, 1, 1, 1, 1, 1, 0, 0, 24, 24, 24, 24, 24, 24, 24, 17, 17, 1, 1, 1, 1, 9, 9, 9, 24, 24, 24, 24, 24, 24, 24, 17, 17, 1, 1, 1, 9, 9, 9, 9, 24, 24, 24, 24, 24, 24, 24, 24, 28, 1, 1, 1, 9, 9, 9, 9, 24, 24, 24, 24, 24, 24, 24, 24, 28, 28, 1, 9, 9, 9, 9, 9, 4, 4, 4, 4, 4, 4, 4, 4, 28, 28, 1, 9, 9, 9, 9, 9, 4, 4, 4, 4, 4, 4, 4, 4, 28, 28, 28, 9, 9, 9, 9, 9, 4, 4, 4, 4, 4, 4, 4, 4, 5, 5, 22, 22, 22, 22, 22, 29, 4, 4, 4, 4, 4, 4, 4, 4, 5, 5, 22, 22, 22, 22, 22, 23, 4, 4, 4, 4, 4, 4, 4, 5, 5, 5, 22, 22, 22, 23, 23, 23, 3, 3, 3, 3, 3, 3, 3, 5, 5, 21, 22, 22, 23, 23, 23, 23, 3, 3, 3, 3, 3, 3, 3, 5, 5, 21, 22, 23, 23, 23, 23, 23, 3, 3, 3, 3, 3, 3, 3, 3, 21, 21, 23, 23, 23, 23, 23, 23, 3, 3, 3, 3, 3, 3, 3, 3, 21, 21, 23, 23, 23, 23, 23, 23, 3, 3, 3, 3, 3, 3, 3, 3, 21, 21, 23, 23, 23, 23, 23, 23, 3, 3, 3, 3, 3, 14, 14, 14, 14, 14, 14, 10, 10, 10, 10, 10, 3, 3, 3, 3, 3, 14, 14, 14, 14, 14, 14, 10, 10, 10, 10, 10, 3, 3, 3, 3, 3, 14, 14, 14, 14, 14, 14, 10, 10, 10, 10, 10, 3, 3, 3, 3, 3, 14, 14, 14, 14, 14, 14, 10, 10, 10, 10, 10, 3, 3, 3, 3, 3, 14, 14, 14, 14, 14, 14, 10, 10, 10, 10, 10, 3, 3, 3, 3, 3, 14, 14, 14, 14, 14, 14, 10, 10, 10, 10, 10, 3, 3, 3, 3, 3, 14, 14, 14, 14, 14, 14, 10, 10, 10, 10, 11, 3, 3, 3, 3, 3, 14, 14, 14, 14, 11, 11, 11, 11, 11, 11, 11, 21, 21, 21, 21, 33, 33, 33, 33, 11, 11, 11, 11, 11, 11, 11, 11, 21, 21, 33, 33, 33, 33, 33, 27, 27, 11, 11, 11, 11, 11, 11, 11, 23, 33, 33, 33, 33, 33, 27, 27, 27, 11, 11, 11, 11, 11, 11, 11, 23, 23, 23, 23, 23, 27, 27, 27, 27, 27, 11, 11, 11, 11, 11, 11, 23, 23, 23, 23, 23, 27, 27, 27, 27, 27, 11, 11, 11, 11, 11, 11, 23, 23, 23, 23, 27, 27, 27, 27, 27, 27, 27, 11, 11, 11, 11, 11, 23, 23, 23, 23, 27, 27, 27, 27, 27, 27, 27, 11, 11, 11, 11, 11, 23, 23, 23, 23, 27, 27, 27, 27, 27, 27, 27, 27, 11, 11, 11, 11, 24, 2, 2, 2, 2, 2, 2, 30, 30, 30, 19, 19, 19, 19, 19, 19, 24, 2, 2, 2, 2, 2, 2, 30, 30, 30, 19, 19, 19, 19, 19, 19, 24, 2, 2, 2, 2, 2, 2, 30, 30, 30, 19, 19, 19, 19, 19, 19, 24, 2, 2, 2, 2, 2, 2, 30, 30, 30, 19, 19, 19, 19, 19, 19, 24, 2, 2, 2, 2, 2, 2, 30, 30, 30, 19, 19, 19, 19, 19, 19, 24, 2, 2, 2, 2, 2, 2, 30, 30, 30, 19, 19, 19, 19, 19, 19, 17, 2, 2, 2, 2, 2, 2, 30, 30, 30, 19, 19, 16, 16, 16, 16, 17, 17, 2, 2, 2, 2, 2, 30, 30, 16, 16, 16, 16, 16, 16, 16, 1, 1, 1, 1, 1, 1, 0, 0, 15, 16, 16, 16, 16, 16, 16, 16, 1, 1, 1, 1, 1, 0, 0, 0, 15, 15, 15, 15, 16, 16, 16, 16, 1, 1, 1, 1, 0, 0, 0, 0, 0, 15, 15, 15, 15, 15, 15, 16, 1, 1, 1, 0, 0, 0, 0, 0, 0, 15, 15, 15, 15, 15, 15, 15, 1, 1, 0, 0, 0, 0, 0, 0, 0, 15, 15, 15, 15, 15, 15, 15, 1, 0, 0, 0, 0, 0, 0, 0, 0, 15, 15, 15, 15, 15, 15, 15, 0, 0, 0, 0, 0, 0, 0, 0, 0, 15, 15, 15, 15, 15, 15, 15, 0, 0, 0, 0, 0, 0, 0, 0, 0, 15, 15, 15, 15, 15, 15, 15, 0, 0, 9, 9, 9, 9, 9, 9, 29, 23, 23, 23, 23, 23, 23, 23, 0, 0, 0, 9, 9, 9, 9, 9, 29, 29, 23, 23, 23, 23, 23, 23, 0, 0, 0, 0, 9, 9, 9, 9, 29, 29, 29, 23, 23, 23, 23, 23, 0, 0, 0, 0, 0, 9, 9, 9, 29, 29, 29, 23, 23, 23, 23, 23, 0, 0, 0, 0, 0, 8, 8, 8, 29, 29, 29, 29, 27, 27, 27, 27, 0, 0, 0, 0, 0, 8, 8, 8, 29, 29, 29, 27, 27, 27, 27, 27, 0, 0, 0, 0, 0, 8, 8, 8, 29, 29, 7, 27, 27, 27, 27, 27, 0, 0, 0, 0, 8, 8, 8, 8, 7, 7, 7, 27, 27, 27, 27, 27, 0, 0, 0, 0, 8, 8, 8, 8, 7, 7, 7, 7, 27, 27, 27, 27, 15, 15, 15, 15, 15, 8, 8, 8, 7, 7, 7, 7, 27, 27, 27, 27, 15, 15, 15, 15, 15, 15, 8, 8, 7, 7, 7, 7, 27, 27, 27, 27, 15, 15, 15, 15, 15, 15, 6, 6, 26, 26, 26, 7, 27, 27, 27, 27, 15, 15, 15, 15, 15, 15, 6, 6, 26, 26, 26, 26, 11, 11, 11, 11, 15, 15, 15, 15, 15, 6, 6, 6, 26, 26, 26, 26, 11, 11, 11, 11, 15, 15, 15, 15, 15, 6, 6, 6, 26, 26, 26, 26, 11, 11, 11, 11, 15, 15, 15, 15, 15, 6, 6, 6, 26, 26, 26, 26, 11, 11, 11, 11, 24, 24, 24, 24, 24, 24, 4, 4, 4, 4, 4, 3, 3, 3, 3, 3, 2, 24, 24, 24, 24, 24, 24, 4, 4, 4, 4, 3, 3, 3, 3, 3, 2, 2, 24, 24, 24, 24, 24, 4, 4, 4, 4, 3, 3, 3, 3, 3, 2, 2, 2, 24, 24, 24, 24, 4, 4, 4, 3, 3, 3, 3, 3, 3, 2, 2, 2, 2, 24, 24, 24, 4, 4, 4, 3, 3, 3, 3, 3, 3, 2, 2, 2, 2, 2, 24, 25, 25, 25, 32, 3, 3, 3, 3, 3, 14, 2, 2, 2, 2, 2, 25, 25, 25, 25, 32, 32, 3, 14, 14, 14, 14, 30, 30, 30, 30, 30, 25, 25, 25, 32, 32, 32, 14, 14, 14, 14, 14, 30, 30, 30, 30, 30, 30, 13, 13, 13, 32, 32, 14, 14, 14, 14, 14, 30, 30, 30, 19, 19, 19, 13, 13, 13, 13, 10, 10, 14, 14, 14, 14, 19, 19, 19, 19, 19, 19, 13, 13, 13, 13, 10, 10, 10, 10, 14, 14, 19, 19, 19, 19, 19, 18, 18, 18, 12, 12, 10, 10, 10, 10, 10, 10, 19, 19, 19, 19, 18, 18, 18, 18, 12, 12, 10, 10, 10, 10, 10, 10, 19, 19, 19, 19, 18, 18, 18, 12, 12, 12, 12, 10, 10, 10, 10, 10, 19, 19, 19, 18, 18, 18, 18, 12, 12, 12, 12, 12, 10, 10, 10, 10, 19, 19, 18, 18, 18, 18, 18, 12, 12, 12, 12, 12, 10, 10, 10, 10, 23, 23, 23, 23, 23, 23, 21, 21, 3, 3, 3, 3, 3, 3, 3, 3, 23, 23, 23, 23, 23, 23, 21, 21, 3, 3, 3, 3, 3, 3, 3, 3, 23, 23, 23, 23, 23, 23, 21, 21, 3, 3, 3, 3, 3, 3, 3, 3, 23, 23, 23, 23, 23, 22, 21, 5, 5, 3, 3, 3, 3, 3, 3, 3, 23, 23, 23, 23, 22, 22, 21, 5, 5, 3, 3, 3, 3, 3, 3, 3, 23, 23, 23, 22, 22, 22, 5, 5, 5, 4, 4, 4, 4, 4, 4, 4, 23, 22, 22, 22, 22, 22, 5, 5, 4, 4, 4, 4, 4, 4, 4, 4, 29, 22, 22, 22, 22, 22, 5, 5, 4, 4, 4, 4, 4, 4, 4, 4, 9, 9, 9, 9, 9, 28, 28, 28, 4, 4, 4, 4, 4, 4, 4, 4, 9, 9, 9, 9, 9, 1, 28, 28, 4, 4, 4, 4, 4, 4, 4, 4, 9, 9, 9, 9, 9, 1, 28, 28, 24, 24, 24, 24, 24, 24, 24, 24, 9, 9, 9, 9, 1, 1, 1, 28, 24, 24, 24, 24, 24, 24, 24, 24, 9, 9, 9, 9, 1, 1, 1, 17, 17, 24, 24, 24, 24, 24, 24, 24, 9, 9, 9, 1, 1, 1, 1, 17, 17, 24, 24, 24, 24, 24, 24, 24, 0, 0, 1, 1, 1, 1, 1, 17, 17, 17, 24, 24, 24, 24, 24, 24, 0, 0, 1, 1, 1, 1, 1, 1, 17, 17, 24, 24, 24, 24, 24, 24, 11, 11, 11, 11, 11, 11, 11, 11, 11, 11, 10, 10, 10, 10, 10, 10, 11, 11, 11, 11, 11, 11, 11, 11, 11, 10, 10, 10, 10, 10, 10, 10, 11, 11, 11, 11, 11, 11, 11, 11, 11, 10, 10, 10, 10, 10, 10, 10, 11, 11, 11, 11, 11, 11, 11, 11, 11, 10, 10, 10, 10, 10, 10, 10, 26, 11, 11, 11, 11, 11, 11, 11, 11, 12, 12, 12, 12, 12, 12, 12, 26, 26, 26, 11, 11, 11, 20, 20, 20, 12, 12, 12, 12, 12, 12, 12, 26, 26, 26, 26, 20, 20, 20, 20, 12, 12, 12, 12, 12, 12, 12, 12, 26, 26, 26, 26, 20, 20, 20, 20, 12, 12, 12, 12, 12, 12, 12, 12, 6, 6, 6, 6, 31, 31, 31, 31, 12, 12, 12, 12, 12, 12, 12, 12, 6, 6, 6, 6, 31, 31, 31, 31, 18, 18, 18, 18, 18, 18, 18, 18, 6, 6, 6, 15, 31, 31, 31, 16, 16, 18, 18, 18, 18, 18, 18, 18, 15, 15, 15, 15, 15, 16, 16, 16, 16, 18, 18, 18, 18, 18, 18, 18, 15, 15, 15, 15, 15, 16, 16, 16, 16, 18, 18, 18, 18, 18, 18, 18, 15, 15, 15, 15, 15, 16, 16, 16, 16, 16, 18, 18, 18, 18, 18, 18, 15, 15, 15, 15, 15, 16, 16, 16, 16, 16, 19, 19, 19, 19, 19, 19, 15, 15, 15, 15, 15, 16, 16, 16, 16, 16, 19, 19, 19, 19, 19, 19, 15, 15, 15, 15, 15, 15, 15, 0, 0, 0, 0, 0, 0, 0, 0, 0, 15, 15, 15, 15, 15, 15, 15, 0, 0, 0, 0, 0, 0, 0, 0, 0, 15, 15, 15, 15, 15, 15, 15, 0, 0, 0, 0, 0, 0, 0, 0, 1, 15, 15, 15, 15, 15, 15, 15, 0, 0, 0, 0, 0, 0, 0, 1, 1, 15, 15, 15, 15, 15, 15, 15, 0, 0, 0, 0, 0, 0, 1, 1, 1, 16, 15, 15, 15, 15, 15, 15, 0, 0, 0, 0, 0, 1, 1, 1, 1, 16, 16, 16, 16, 15, 15, 15, 15, 0, 0, 0, 1, 1, 1, 1, 1, 16, 16, 16, 16, 16, 16, 16, 15, 0, 0, 1, 1, 1, 1, 1, 1, 16, 16, 16, 16, 16, 16, 16, 30, 30, 2, 2, 2, 2, 2, 17, 17, 16, 16, 16, 16, 19, 19, 30, 30, 30, 2, 2, 2, 2, 2, 2, 17, 19, 19, 19, 19, 19, 19, 30, 30, 30, 2, 2, 2, 2, 2, 2, 24, 19, 19, 19, 19, 19, 19, 30, 30, 30, 2, 2, 2, 2, 2, 2, 24, 19, 19, 19, 19, 19, 19, 30, 30, 30, 2, 2, 2, 2, 2, 2, 24, 19, 19, 19, 19, 19, 19, 30, 30, 30, 2, 2, 2, 2, 2, 2, 24, 19, 19, 19, 19, 19, 19, 30, 30, 30, 2, 2, 2, 2, 2, 2, 24, 19, 19, 19, 19, 19, 19, 30, 30, 30, 2, 2, 2, 2, 2, 2, 24, 11, 11, 11, 11, 27, 27, 27, 27, 27, 27, 27, 27, 23, 23, 23, 23, 11, 11, 11, 11, 11, 27, 27, 27, 27, 27, 27, 27, 23, 23, 23, 23, 11, 11, 11, 11, 11, 27, 27, 27, 27, 27, 27, 27, 23, 23, 23, 23, 11, 11, 11, 11, 11, 11, 27, 27, 27, 27, 27, 23, 23, 23, 23, 23, 11, 11, 11, 11, 11, 11, 27, 27, 27, 27, 27, 23, 23, 23, 23, 23, 11, 11, 11, 11, 11, 11, 11, 27, 27, 27, 33, 33, 33, 33, 33, 23, 11, 11, 11, 11, 11, 11, 11, 27, 27, 33, 33, 33, 33, 33, 21, 21, 11, 11, 11, 11, 11, 11, 11, 11, 33, 33, 33, 33, 21, 21, 21, 21, 11, 11, 11, 11, 11, 11, 11, 14, 14, 14, 14, 3, 3, 3, 3, 3, 11, 10, 10, 10, 10, 14, 14, 14, 14, 14, 14, 3, 3, 3, 3, 3, 10, 10, 10, 10, 10, 14, 14, 14, 14, 14, 14, 3, 3, 3, 3, 3, 10, 10, 10, 10, 10, 14, 14, 14, 14, 14, 14, 3, 3, 3, 3, 3, 10, 10, 10, 10, 10, 14, 14, 14, 14, 14, 14, 3, 3, 3, 3, 3, 10, 10, 10, 10, 10, 14, 14, 14, 14, 14, 14, 3, 3, 3, 3, 3, 10, 10, 10, 10, 10, 14, 14, 14, 14, 14, 14, 3, 3, 3, 3, 3, 10, 10, 10, 10, 10, 14, 14, 14, 14, 14, 14, 3, 3, 3, 3, 3, 10, 10, 10, 10, 12, 12, 12, 12, 12, 18, 18, 18, 18, 18, 19, 19, 10, 10, 10, 10, 12, 12, 12, 12, 12, 18, 18, 18, 18, 19, 19, 19, 10, 10, 10, 10, 10, 12, 12, 12, 12, 18, 18, 18, 19, 19, 19, 19, 10, 10, 10, 10, 10, 10, 12, 12, 18, 18, 18, 18, 19, 19, 19, 19, 10, 10, 10, 10, 10, 10, 12, 12, 18, 18, 18, 19, 19, 19, 19, 19, 14, 14, 10, 10, 10, 10, 13, 13, 13, 13, 19, 19, 19, 19, 19, 19, 14, 14, 14, 14, 10, 10, 13, 13, 13, 13, 19, 19, 19, 30, 30, 30, 14, 14, 14, 14, 14, 32, 32, 13, 13, 13, 30, 30, 30, 30, 30, 30, 14, 14, 14, 14, 14, 32, 32, 32, 25, 25, 25, 30, 30, 30, 30, 30, 14, 14, 14, 14, 3, 32, 32, 25, 25, 25, 25, 2, 2, 2, 2, 2, 14, 3, 3, 3, 3, 3, 32, 25, 25, 25, 24, 2, 2, 2, 2, 2, 3, 3, 3, 3, 3, 3, 4, 4, 4, 24, 24, 24, 2, 2, 2, 2, 3, 3, 3, 3, 3, 3, 4, 4, 4, 24, 24, 24, 24, 2, 2, 2, 3, 3, 3, 3, 3, 4, 4, 4, 4, 24, 24, 24, 24, 24, 2, 2, 3, 3, 3, 3, 3, 4, 4, 4, 4, 24, 24, 24, 24, 24, 24, 2, 3, 3, 3, 3, 3, 4, 4, 4, 4, 4, 24, 24, 24, 24, 24, 24, 11, 11, 11, 11, 26, 26, 26, 26, 6, 6, 6, 15, 15, 15, 15, 15, 11, 11, 11, 11, 26, 26, 26, 26, 6, 6, 6, 15, 15, 15, 15, 15, 11, 11, 11, 11, 26, 26, 26, 26, 6, 6, 6, 15, 15, 15, 15, 15, 11, 11, 11, 11, 26, 26, 26, 26, 6, 6, 15, 15, 15, 15, 15, 15, 27, 27, 27, 27, 7, 26, 26, 26, 6, 6, 15, 15, 15, 15, 15, 15, 27, 27, 27, 27, 7, 7, 7, 7, 8, 8, 15, 15, 15, 15, 15, 15, 27, 27, 27, 27, 7, 7, 7, 7, 8, 8, 8, 15, 15, 15, 15, 15, 27, 27, 27, 27, 7, 7, 7, 7, 8, 8, 8, 8, 0, 0, 0, 0, 27, 27, 27, 27, 27, 7, 7, 7, 8, 8, 8, 8, 0, 0, 0, 0, 27, 27, 27, 27, 27, 7, 29, 29, 8, 8, 8, 0, 0, 0, 0, 0, 27, 27, 27, 27, 27, 29, 29, 29, 8, 8, 8, 0, 0, 0, 0, 0, 27, 27, 27, 27, 29, 29, 29, 29, 8, 8, 8, 0, 0, 0, 0, 0, 23, 23, 23, 23, 23, 29, 29, 29, 9, 9, 9, 0, 0, 0, 0, 0, 23, 23, 23, 23, 23, 29, 29, 29, 9, 9, 9, 9, 0, 0, 0, 0, 23, 23, 23, 23, 23, 23, 29, 29, 9, 9, 9, 9, 9, 0, 0, 0, 23, 23, 23, 23, 23, 23, 23, 29, 9, 9, 9, 9, 9, 9, 0, 0, 73, 67, 69, 1, 86, 65, 76, 69, 2, 0, 0, 0, 34, 0, 0, 0, 192, 0, 0, 0, 7, 0, 0, 0, 7, 5, 6, 5, 6, 5, 5, 5, 6, 6, 5, 7, 6, 7, 6, 5, 6, 4, 5, 4, 4, 6, 6, 5, 5, 6, 6, 6, 7, 6, 6, 7, 6, 5, 1, 9, 8, 15, 16, 30, 2, 2, 17, 28, 9, 0, 0, 30, 25, 24, 17, 1, 4, 32, 14, 21, 5, 5, 28, 24, 25, 32, 3, 3, 21, 22, 28, 4, 7, 26, 31, 15, 8, 8, 29, 27, 26, 6, 6, 15, 0, 9, 29, 7, 1, 28, 22, 29, 8, 0, 11, 14, 32, 13, 12, 12, 20, 26, 27, 33, 14, 10, 10, 13, 18, 31, 20, 11, 10, 32, 25, 30, 19, 18, 12, 11, 33, 21, 3, 32, 10, 6, 31, 16, 0, 8, 15, 31, 18, 19, 30, 0, 2, 24, 28, 1, 16, 31, 12, 13, 19, 18, 13, 30, 16, 12, 31, 26, 11, 14, 33, 23, 22, 5, 3, 21, 23, 29, 9, 28, 5, 21, 33, 27, 29, 22, 2, 25, 4, 28, 17, 24, 2, 30, 13, 32, 4, 7, 27, 11, 20, 31, 6, 26, 7, 29, 23, 33, 11, 5, 22, 9, 1, 17, 24, 4, 8, 9, 22, 23, 27, 7, 2, 0, 16, 19, 13, 25, 16, 15, 6, 26, 20, 12, 18, 13, 10, 14, 3, 4, 25, 27, 23, 21, 14, 11, 0, 0, 128, 191, 216, 37, 196, 61, 245, 125, 98, 61, 245, 125, 98, 61, 92, 226, 228, 61]
            }
        }

        over "link5"
        {
            over "collisions" (
                prepend apiSchemas = ["PhysxCookedDataAPI:convexHull"]
            )
            {
                uchar[] physxCookedData:convexHull:buffer = [9, 147, 114, 127, 33, 185, 52, 134, 69, 136, 7, 174, 236, 26, 243, 12, 189, 78, 88, 83, 1, 67, 86, 88, 77, 14, 0, 0, 0, 0, 0, 0, 0, 73, 67, 69, 1, 67, 76, 72, 76, 9, 0, 0, 0, 35, 0, 0, 0, 94, 128, 0, 0, 61, 0, 0, 0, 188, 0, 0, 0, 162, 31, 215, 188, 205, 115, 233, 188, 169, 37, 39, 189, 175, 139, 236, 60, 84, 195, 227, 188, 52, 211, 34, 189, 5, 96, 214, 55, 184, 30, 5, 189, 189, 101, 136, 61, 36, 184, 49, 189, 52, 120, 233, 188, 133, 144, 24, 60, 2, 34, 46, 189, 55, 36, 228, 188, 24, 105, 152, 188, 17, 17, 8, 61, 185, 120, 174, 188, 190, 106, 101, 61, 63, 168, 43, 61, 166, 3, 227, 188, 153, 145, 139, 60, 169, 127, 53, 61, 217, 229, 192, 60, 253, 4, 35, 60, 237, 35, 28, 61, 30, 236, 195, 60, 240, 86, 241, 188, 127, 215, 204, 60, 53, 94, 58, 61, 22, 0, 211, 55, 184, 240, 114, 60, 206, 46, 196, 60, 186, 220, 64, 189, 0, 0, 0, 0, 84, 129, 3, 187, 205, 204, 76, 189, 142, 104, 113, 188, 7, 17, 196, 60, 161, 3, 65, 189, 253, 228, 30, 188, 53, 94, 58, 61, 144, 211, 188, 188, 9, 6, 198, 60, 116, 50, 39, 188, 198, 122, 148, 61, 170, 121, 51, 61, 116, 15, 228, 188, 211, 184, 92, 188, 0, 0, 0, 0, 60, 187, 225, 188, 226, 175, 73, 189, 75, 103, 49, 189, 63, 243, 195, 60, 132, 74, 92, 60, 180, 174, 49, 189, 220, 234, 195, 60, 55, 153, 130, 188, 25, 42, 245, 188, 175, 215, 79, 188, 242, 102, 136, 61, 64, 183, 188, 188, 53, 94, 58, 61, 130, 64, 31, 60, 28, 17, 39, 61, 0, 0, 0, 0, 216, 176, 80, 61, 25, 42, 245, 60, 216, 214, 79, 60, 134, 102, 136, 61, 117, 102, 241, 188, 77, 89, 215, 188, 100, 59, 95, 61, 10, 84, 245, 188, 240, 13, 79, 60, 187, 103, 136, 61, 130, 253, 151, 188, 22, 227, 151, 60, 198, 122, 148, 61, 107, 178, 11, 189, 217, 229, 192, 60, 151, 144, 15, 189, 35, 166, 31, 60, 53, 94, 58, 61, 105, 169, 188, 188, 3, 176, 38, 188, 23, 33, 198, 188, 64, 122, 148, 61, 3, 176, 38, 60, 23, 33, 198, 60, 64, 122, 148, 61, 243, 97, 214, 183, 184, 30, 5, 61, 189, 101, 136, 61, 145, 142, 188, 188, 53, 94, 58, 61, 133, 18, 32, 188, 200, 228, 30, 60, 53, 94, 58, 61, 144, 211, 188, 60, 110, 1, 188, 60, 255, 112, 188, 60, 228, 102, 136, 61, 244, 117, 79, 188, 166, 62, 245, 60, 149, 101, 136, 61, 0, 0, 0, 0, 0, 0, 128, 63, 0, 0, 0, 0, 54, 94, 58, 189, 0, 0, 6, 2, 124, 227, 90, 60, 96, 196, 127, 191, 139, 226, 37, 189, 147, 231, 243, 188, 6, 0, 3, 32, 18, 33, 126, 189, 227, 112, 127, 191, 52, 156, 185, 188, 174, 72, 253, 188, 9, 0, 4, 9, 135, 208, 192, 62, 166, 159, 101, 191, 33, 35, 109, 62, 11, 158, 54, 189, 13, 0, 3, 31, 86, 108, 69, 63, 62, 71, 32, 63, 79, 24, 236, 189, 247, 167, 67, 189, 16, 0, 3, 3, 200, 126, 156, 58, 72, 40, 227, 61, 147, 107, 126, 191, 226, 159, 74, 189, 19, 0, 3, 28, 75, 140, 251, 57, 24, 169, 62, 63, 184, 213, 42, 191, 53, 201, 73, 189, 22, 0, 3, 2, 5, 73, 26, 63, 194, 214, 79, 61, 241, 222, 75, 191, 183, 43, 67, 189, 25, 0, 3, 19, 253, 116, 215, 62, 124, 248, 32, 191, 139, 99, 39, 63, 64, 15, 131, 189, 28, 0, 3, 26, 13, 209, 2, 62, 38, 226, 125, 191, 227, 244, 70, 60, 106, 88, 7, 189, 31, 0, 3, 31, 200, 74, 80, 61, 25, 141, 127, 191, 6, 38, 248, 188, 208, 65, 249, 188, 34, 0, 3, 20, 211, 44, 94, 63, 187, 45, 105, 189, 38, 174, 252, 190, 72, 124, 61, 189, 37, 0, 3, 24, 180, 115, 124, 63, 146, 81, 121, 61, 51, 12, 30, 190, 78, 144, 50, 189, 40, 0, 3, 3, 251, 79, 127, 63, 206, 13, 28, 189, 247, 27, 128, 61, 206, 226, 51, 189, 43, 0, 3, 18, 87, 74, 99, 60, 169, 96, 127, 191, 132, 222, 139, 189, 47, 187, 252, 188, 46, 0, 3, 32, 51, 144, 155, 190, 7, 220, 67, 189, 21, 151, 115, 191, 152, 78, 69, 189, 49, 0, 3, 14, 118, 15, 118, 190, 27, 114, 236, 188, 176, 99, 120, 191, 225, 242, 70, 189, 52, 0, 3, 14, 152, 247, 118, 62, 106, 100, 236, 188, 77, 85, 120, 191, 91, 231, 70, 189, 55, 0, 3, 25, 163, 109, 159, 62, 198, 152, 76, 189, 190, 239, 114, 191, 101, 8, 69, 189, 58, 0, 3, 25, 197, 255, 127, 191, 207, 214, 168, 58, 220, 219, 23, 59, 29, 168, 49, 189, 61, 0, 3, 7, 117, 232, 120, 191, 227, 227, 138, 188, 136, 186, 110, 62, 199, 170, 55, 189, 64, 0, 3, 15, 17, 138, 58, 191, 61, 83, 47, 63, 72, 28, 209, 58, 185, 116, 68, 189, 67, 0, 3, 15, 152, 215, 127, 191, 81, 103, 119, 188, 10, 213, 1, 189, 218, 41, 50, 189, 70, 0, 3, 7, 254, 227, 109, 63, 36, 117, 138, 190, 255, 220, 128, 62, 235, 197, 79, 189, 73, 0, 3, 18, 192, 74, 127, 63, 102, 66, 27, 189, 86, 237, 130, 61, 61, 242, 51, 189, 76, 0, 3, 18, 70, 236, 95, 63, 251, 155, 196, 62, 40, 103, 151, 62, 77, 216, 79, 189, 79, 0, 3, 4, 19, 75, 77, 63, 215, 74, 69, 189, 53, 113, 24, 63, 126, 31, 129, 189, 82, 0, 3, 26, 87, 26, 81, 63, 48, 69, 34, 190, 9, 2, 14, 63, 233, 57, 124, 189, 85, 0, 3, 26, 161, 223, 104, 191, 11, 237, 149, 190, 59, 209, 150, 62, 21, 21, 79, 189, 88, 0, 3, 8, 150, 181, 129, 190, 145, 146, 117, 191, 38, 0, 0, 62, 76, 197, 33, 189, 91, 0, 3, 9, 207, 72, 120, 191, 121, 144, 76, 186, 118, 129, 121, 62, 49, 102, 57, 189, 94, 0, 3, 15, 47, 54, 235, 190, 1, 194, 217, 185, 21, 99, 99, 63, 9, 83, 149, 189, 97, 0, 3, 10, 92, 213, 190, 190, 28, 130, 58, 63, 124, 32, 19, 191, 48, 216, 76, 189, 100, 0, 3, 2, 173, 112, 7, 191, 168, 32, 103, 60, 5, 53, 89, 191, 46, 20, 69, 189, 103, 0, 3, 14, 216, 112, 78, 191, 124, 48, 103, 189, 74, 178, 22, 191, 59, 184, 63, 189, 106, 0, 3, 22, 133, 73, 102, 191, 217, 161, 242, 59, 217, 155, 223, 190, 106, 20, 61, 189, 109, 0, 3, 21, 143, 168, 4, 63, 24, 145, 72, 63, 8, 159, 175, 190, 45, 13, 71, 189, 112, 0, 3, 23, 93, 83, 215, 62, 167, 213, 55, 63, 253, 242, 13, 191, 35, 236, 74, 189, 115, 0, 3, 28, 166, 208, 52, 58, 16, 176, 62, 63, 238, 205, 42, 191, 70, 201, 73, 189, 118, 0, 3, 2, 150, 157, 47, 62, 238, 191, 215, 190, 245, 248, 99, 63, 79, 133, 149, 189, 121, 0, 3, 12, 181, 130, 6, 183, 35, 38, 216, 55, 0, 0, 128, 63, 137, 122, 148, 189, 124, 0, 4, 11, 227, 45, 163, 190, 252, 14, 128, 189, 37, 31, 114, 63, 130, 42, 150, 189, 128, 0, 3, 10, 229, 225, 5, 191, 42, 141, 19, 191, 158, 191, 32, 63, 172, 173, 132, 189, 131, 0, 3, 8, 218, 147, 187, 190, 41, 55, 75, 191, 122, 138, 248, 62, 145, 14, 110, 189, 134, 0, 3, 27, 129, 184, 198, 189, 162, 232, 252, 62, 134, 50, 93, 63, 218, 188, 150, 189, 137, 0, 3, 16, 11, 138, 184, 62, 153, 67, 22, 62, 243, 209, 107, 63, 64, 141, 151, 189, 140, 0, 3, 0, 149, 162, 234, 190, 117, 192, 66, 63, 240, 82, 235, 190, 161, 96, 75, 189, 143, 0, 3, 5, 224, 222, 35, 191, 214, 81, 50, 63, 47, 242, 165, 190, 248, 34, 75, 189, 146, 0, 3, 5, 244, 47, 58, 191, 6, 179, 47, 63, 84, 196, 61, 186, 152, 129, 68, 189, 149, 0, 3, 15, 53, 217, 218, 189, 90, 130, 117, 63, 44, 91, 134, 62, 224, 66, 71, 189, 152, 0, 3, 1, 223, 219, 229, 62, 59, 157, 87, 63, 115, 207, 152, 62, 161, 250, 74, 189, 155, 0, 3, 4, 254, 240, 183, 62, 98, 133, 94, 63, 205, 234, 173, 62, 58, 86, 80, 189, 158, 0, 3, 0, 125, 139, 164, 62, 2, 18, 71, 63, 78, 87, 10, 63, 90, 230, 122, 189, 161, 0, 3, 0, 224, 176, 216, 62, 141, 130, 146, 62, 4, 18, 92, 63, 122, 161, 150, 189, 164, 0, 3, 0, 142, 27, 74, 63, 39, 172, 8, 63, 141, 9, 155, 62, 114, 31, 79, 189, 167, 0, 3, 4, 66, 56, 42, 63, 28, 126, 51, 63, 0, 208, 131, 62, 136, 204, 70, 189, 170, 0, 3, 4, 188, 236, 206, 189, 202, 4, 255, 62, 22, 121, 92, 63, 83, 160, 150, 189, 173, 0, 3, 16, 129, 184, 66, 190, 146, 4, 112, 63, 119, 25, 149, 62, 15, 69, 76, 189, 176, 0, 3, 1, 121, 157, 42, 191, 5, 225, 45, 63, 200, 98, 157, 62, 94, 181, 73, 189, 179, 0, 3, 15, 244, 18, 44, 191, 158, 242, 43, 63, 107, 129, 159, 62, 86, 53, 74, 189, 182, 0, 3, 15, 170, 47, 23, 191, 139, 23, 23, 63, 206, 227, 12, 63, 105, 34, 125, 189, 185, 0, 3, 1, 32, 9, 27, 13, 31, 20, 0, 1, 2, 2, 3, 4, 0, 5, 2, 6, 7, 8, 9, 10, 11, 12, 10, 12, 13, 10, 8, 1, 14, 2, 5, 15, 6, 2, 15, 2, 1, 15, 1, 8, 15, 8, 7, 15, 7, 6, 16, 1, 0, 16, 0, 12, 16, 12, 11, 16, 11, 10, 16, 10, 1, 17, 18, 3, 17, 3, 19, 17, 20, 18, 4, 3, 18, 21, 5, 6, 21, 6, 7, 21, 7, 22, 21, 22, 14, 21, 14, 5, 23, 19, 3, 23, 3, 2, 24, 17, 19, 24, 19, 25, 26, 13, 12, 26, 12, 0, 26, 0, 4, 26, 4, 18, 27, 9, 8, 27, 8, 10, 27, 10, 13, 28, 2, 14, 28, 14, 29, 25, 28, 25, 19, 28, 19, 23, 28, 23, 2, 29, 30, 25, 29, 14, 22, 31, 13, 26, 31, 26, 18, 31, 18, 20, 32, 20, 30, 33, 9, 32, 33, 32, 30, 33, 30, 29, 33, 29, 22, 33, 22, 7, 33, 7, 9, 34, 25, 30, 34, 30, 20, 34, 20, 17, 34, 17, 24, 34, 24, 25, 0, 50, 0, 36, 0, 38, 0, 46, 0, 48, 0, 49, 1, 14, 1, 10, 1, 2, 2, 29, 2, 22, 2, 34, 3, 8, 3, 9, 3, 23, 4, 12, 4, 36, 4, 55, 5, 17, 5, 16, 5, 6, 6, 32, 6, 38, 7, 37, 7, 11, 7, 18, 8, 39, 8, 27, 9, 13, 9, 10, 10, 11, 11, 12, 12, 13, 13, 24, 14, 18, 14, 15, 15, 33, 15, 16, 16, 17, 17, 18, 19, 21, 19, 22, 19, 20, 20, 28, 20, 30, 21, 58, 21, 48, 22, 35, 23, 27, 23, 24, 24, 25, 25, 54, 25, 26, 26, 45, 26, 27, 28, 42, 28, 29, 29, 43, 30, 59, 30, 31, 31, 41, 31, 60, 32, 46, 32, 33, 33, 34, 34, 35, 35, 47, 36, 37, 37, 38, 39, 43, 39, 40, 40, 45, 40, 44, 40, 41, 41, 42, 42, 43, 44, 52, 44, 56, 45, 53, 46, 47, 47, 48, 49, 57, 49, 51, 50, 55, 50, 51, 51, 52, 52, 53, 53, 54, 54, 55, 56, 60, 56, 57, 57, 58, 58, 59, 59, 60, 1, 2, 14, 1, 7, 10, 1, 2, 3, 2, 19, 20, 2, 22, 34, 3, 8, 23, 3, 9, 13, 4, 12, 13, 4, 7, 11, 0, 4, 36, 5, 6, 7, 5, 16, 17, 5, 6, 15, 0, 6, 32, 8, 26, 27, 9, 10, 11, 14, 15, 16, 19, 20, 21, 19, 21, 22, 20, 28, 30, 0, 21, 48, 23, 24, 25, 25, 26, 45, 28, 29, 42, 30, 31, 59, 31, 40, 41, 32, 33, 34, 0, 36, 37, 39, 40, 41, 40, 44, 45, 44, 49, 51, 0, 46, 47, 0, 49, 50, 50, 51, 52, 56, 57, 58, 32, 0, 9, 0, 9, 0, 27, 0, 27, 0, 13, 0, 13, 0, 31, 0, 31, 0, 20, 0, 20, 0, 32, 0, 0, 0, 1, 0, 1, 0, 2, 0, 2, 0, 0, 0, 2, 0, 3, 0, 3, 0, 4, 0, 4, 0, 0, 0, 5, 0, 2, 0, 2, 0, 6, 0, 6, 0, 5, 0, 7, 0, 8, 0, 8, 0, 9, 0, 9, 0, 7, 0, 10, 0, 11, 0, 11, 0, 12, 0, 12, 0, 10, 0, 12, 0, 13, 0, 13, 0, 10, 0, 10, 0, 8, 0, 8, 0, 1, 0, 1, 0, 10, 0, 14, 0, 2, 0, 5, 0, 14, 0, 15, 0, 6, 0, 2, 0, 15, 0, 1, 0, 15, 0, 8, 0, 15, 0, 7, 0, 15, 0, 7, 0, 6, 0, 16, 0, 1, 0, 0, 0, 16, 0, 0, 0, 12, 0, 12, 0, 16, 0, 11, 0, 16, 0, 10, 0, 16, 0, 17, 0, 18, 0, 18, 0, 3, 0, 3, 0, 17, 0, 3, 0, 19, 0, 19, 0, 17, 0, 17, 0, 20, 0, 20, 0, 18, 0, 18, 0, 4, 0, 21, 0, 5, 0, 6, 0, 21, 0, 7, 0, 21, 0, 7, 0, 22, 0, 22, 0, 21, 0, 22, 0, 14, 0, 14, 0, 21, 0, 23, 0, 19, 0, 3, 0, 23, 0, 2, 0, 23, 0, 24, 0, 17, 0, 19, 0, 24, 0, 19, 0, 25, 0, 25, 0, 24, 0, 26, 0, 13, 0, 12, 0, 26, 0, 0, 0, 26, 0, 4, 0, 26, 0, 18, 0, 26, 0, 8, 0, 27, 0, 10, 0, 27, 0, 28, 0, 2, 0, 14, 0, 28, 0, 14, 0, 29, 0, 29, 0, 25, 0, 25, 0, 28, 0, 19, 0, 28, 0, 23, 0, 28, 0, 29, 0, 30, 0, 30, 0, 25, 0, 22, 0, 29, 0, 26, 0, 31, 0, 18, 0, 31, 0, 20, 0, 30, 0, 30, 0, 32, 0, 33, 0, 9, 0, 32, 0, 33, 0, 30, 0, 33, 0, 29, 0, 33, 0, 22, 0, 33, 0, 7, 0, 33, 0, 34, 0, 25, 0, 30, 0, 34, 0, 20, 0, 34, 0, 17, 0, 34, 0, 24, 0, 34, 0, 0, 0, 0, 0, 36, 184, 49, 189, 184, 30, 5, 189, 204, 204, 76, 189, 168, 127, 53, 61, 52, 94, 58, 61, 198, 122, 148, 61, 190, 40, 20, 58, 90, 236, 88, 53, 169, 22, 54, 48, 79, 76, 21, 178, 169, 22, 54, 48, 81, 171, 99, 53, 62, 224, 240, 177, 79, 76, 21, 178, 62, 224, 240, 177, 172, 10, 0, 53, 122, 15, 100, 57, 66, 223, 115, 59, 22, 32, 51, 60, 0, 0, 128, 63, 73, 67, 69, 1, 83, 85, 80, 77, 0, 0, 0, 0, 73, 67, 69, 1, 71, 65, 85, 83, 0, 0, 0, 0, 16, 0, 0, 0, 0, 6, 0, 0, 1, 1, 1, 1, 15, 15, 15, 15, 15, 6, 6, 5, 5, 5, 5, 5, 1, 1, 1, 1, 15, 15, 15, 15, 6, 6, 6, 5, 5, 5, 5, 5, 1, 1, 1, 1, 15, 15, 15, 15, 6, 6, 6, 5, 5, 5, 5, 5, 1, 1, 1, 1, 15, 15, 15, 15, 6, 6, 5, 5, 5, 5, 5, 14, 1, 1, 1, 1, 15, 15, 15, 15, 6, 6, 5, 5, 5, 5, 14, 14, 1, 1, 1, 1, 15, 15, 15, 15, 6, 6, 5, 5, 5, 5, 14, 14, 1, 1, 1, 1, 15, 15, 15, 15, 6, 21, 21, 21, 21, 14, 14, 14, 1, 1, 1, 1, 15, 15, 15, 15, 6, 21, 21, 21, 21, 21, 14, 14, 8, 8, 8, 8, 8, 8, 8, 7, 7, 21, 21, 21, 21, 22, 22, 22, 8, 8, 8, 8, 8, 8, 8, 7, 7, 7, 21, 21, 22, 22, 22, 22, 8, 8, 8, 8, 8, 8, 8, 7, 7, 7, 21, 22, 22, 22, 22, 22, 8, 8, 8, 8, 8, 8, 8, 7, 7, 7, 7, 22, 22, 22, 22, 22, 8, 8, 8, 8, 8, 8, 8, 7, 7, 7, 7, 22, 22, 22, 22, 22, 8, 8, 8, 8, 8, 8, 8, 7, 7, 7, 7, 33, 33, 33, 33, 33, 8, 8, 8, 8, 8, 8, 8, 9, 7, 7, 7, 33, 33, 33, 33, 33, 8, 8, 8, 8, 8, 8, 9, 9, 9, 9, 7, 33, 33, 33, 33, 33, 0, 0, 0, 4, 4, 4, 4, 4, 3, 3, 3, 23, 23, 23, 23, 23, 0, 0, 0, 4, 4, 4, 4, 4, 3, 3, 3, 23, 23, 23, 23, 19, 0, 0, 0, 4, 4, 4, 4, 4, 3, 3, 3, 23, 23, 23, 19, 19, 0, 0, 0, 4, 4, 4, 4, 4, 3, 3, 3, 23, 23, 19, 19, 19, 0, 0, 0, 4, 4, 4, 4, 4, 3, 3, 23, 23, 19, 19, 19, 19, 0, 0, 0, 4, 4, 4, 4, 4, 3, 3, 23, 19, 19, 19, 19, 19, 0, 0, 0, 4, 4, 4, 4, 4, 3, 3, 19, 19, 19, 19, 19, 19, 0, 0, 26, 4, 4, 4, 4, 4, 3, 3, 19, 19, 19, 19, 19, 19, 26, 26, 26, 26, 18, 18, 18, 18, 17, 17, 24, 24, 24, 24, 24, 24, 26, 26, 26, 26, 18, 18, 18, 18, 17, 17, 24, 24, 24, 24, 24, 24, 26, 26, 26, 26, 18, 18, 18, 18, 17, 17, 24, 24, 24, 24, 24, 24, 26, 26, 26, 26, 18, 18, 18, 18, 17, 17, 17, 24, 24, 24, 24, 24, 26, 26, 26, 26, 18, 18, 18, 18, 17, 17, 17, 24, 24, 24, 24, 24, 26, 26, 26, 26, 18, 18, 18, 18, 17, 17, 17, 24, 24, 24, 24, 24, 26, 26, 26, 26, 18, 18, 18, 18, 17, 17, 17, 24, 24, 24, 24, 24, 26, 26, 26, 26, 18, 18, 18, 31, 20, 20, 20, 34, 34, 34, 34, 25, 26, 26, 26, 12, 12, 12, 12, 12, 10, 10, 10, 10, 10, 10, 8, 8, 26, 26, 26, 26, 12, 12, 12, 13, 27, 10, 10, 10, 10, 8, 8, 8, 26, 26, 26, 26, 13, 13, 13, 13, 27, 27, 27, 27, 8, 8, 8, 8, 26, 26, 26, 31, 13, 13, 13, 13, 27, 27, 27, 27, 27, 8, 8, 8, 18, 31, 31, 31, 31, 13, 13, 13, 27, 27, 27, 27, 27, 8, 8, 8, 18, 31, 31, 31, 31, 31, 13, 13, 27, 27, 27, 27, 9, 9, 9, 8, 18, 31, 31, 31, 31, 31, 31, 13, 27, 27, 9, 9, 9, 9, 9, 9, 31, 31, 31, 31, 31, 31, 31, 31, 27, 9, 9, 9, 9, 9, 9, 9, 20, 20, 20, 20, 20, 20, 20, 20, 32, 9, 9, 9, 9, 9, 9, 9, 20, 20, 20, 20, 20, 20, 20, 32, 32, 32, 9, 9, 9, 9, 9, 9, 20, 20, 20, 20, 20, 20, 30, 30, 30, 32, 32, 32, 9, 9, 9, 7, 34, 34, 34, 34, 34, 34, 30, 30, 30, 30, 30, 33, 33, 33, 33, 33, 34, 34, 34, 34, 34, 34, 30, 30, 30, 30, 30, 33, 33, 33, 33, 33, 34, 34, 34, 34, 34, 34, 30, 30, 30, 30, 30, 33, 33, 33, 33, 33, 34, 34, 34, 34, 34, 34, 30, 30, 30, 30, 29, 29, 33, 33, 33, 33, 25, 34, 34, 34, 34, 34, 30, 30, 30, 30, 29, 29, 33, 33, 33, 33, 0, 0, 0, 0, 0, 0, 16, 16, 16, 16, 1, 1, 1, 1, 1, 1, 0, 0, 0, 0, 0, 0, 16, 16, 16, 16, 1, 1, 1, 1, 1, 1, 0, 0, 0, 0, 0, 0, 0, 16, 16, 16, 1, 1, 1, 1, 1, 1, 4, 4, 0, 0, 0, 0, 0, 16, 16, 1, 1, 1, 1, 1, 1, 1, 4, 4, 4, 0, 0, 0, 0, 16, 16, 1, 1, 1, 1, 1, 15, 15, 4, 4, 4, 4, 0, 0, 0, 16, 16, 1, 1, 1, 15, 15, 15, 15, 4, 4, 4, 4, 4, 4, 0, 0, 1, 1, 1, 15, 15, 15, 15, 15, 4, 4, 4, 4, 4, 4, 4, 0, 1, 15, 15, 15, 15, 15, 15, 15, 3, 3, 3, 3, 3, 3, 3, 2, 2, 6, 6, 6, 6, 6, 6, 15, 3, 3, 3, 3, 23, 23, 2, 2, 2, 2, 2, 6, 6, 6, 6, 6, 3, 23, 23, 23, 23, 2, 2, 2, 2, 2, 2, 5, 5, 5, 6, 6, 23, 23, 23, 23, 23, 2, 2, 2, 2, 2, 2, 2, 5, 5, 5, 5, 23, 23, 23, 23, 23, 2, 2, 2, 2, 2, 2, 2, 5, 5, 5, 5, 23, 23, 23, 23, 28, 2, 2, 2, 2, 2, 2, 2, 5, 5, 5, 5, 23, 23, 23, 28, 28, 28, 2, 2, 2, 2, 2, 2, 2, 5, 5, 5, 23, 23, 28, 28, 28, 28, 2, 2, 2, 2, 2, 2, 2, 5, 5, 5, 23, 19, 19, 19, 19, 19, 19, 19, 24, 24, 24, 24, 24, 24, 24, 25, 23, 19, 19, 19, 19, 19, 19, 19, 24, 24, 24, 24, 24, 25, 25, 34, 28, 28, 19, 19, 19, 19, 19, 19, 24, 24, 24, 25, 25, 25, 25, 34, 28, 28, 28, 28, 19, 19, 19, 19, 24, 25, 25, 25, 25, 25, 34, 34, 28, 28, 28, 28, 28, 28, 19, 19, 25, 25, 25, 25, 25, 25, 34, 34, 28, 28, 28, 28, 28, 28, 28, 28, 25, 25, 25, 25, 25, 34, 34, 34, 2, 28, 28, 28, 28, 28, 28, 28, 25, 25, 25, 25, 25, 34, 34, 30, 2, 2, 28, 28, 28, 28, 28, 28, 25, 25, 25, 29, 29, 30, 30, 30, 2, 2, 2, 28, 28, 28, 28, 14, 29, 29, 29, 29, 29, 29, 30, 30, 2, 2, 2, 2, 14, 14, 14, 14, 14, 29, 29, 29, 29, 29, 29, 30, 2, 2, 2, 14, 14, 14, 14, 14, 14, 29, 29, 29, 29, 29, 29, 29, 2, 2, 14, 14, 14, 14, 14, 14, 14, 22, 29, 29, 29, 29, 29, 29, 2, 14, 14, 14, 14, 14, 14, 14, 14, 22, 22, 33, 33, 33, 33, 33, 5, 14, 14, 14, 14, 14, 14, 14, 14, 22, 22, 22, 33, 33, 33, 33, 5, 5, 14, 14, 14, 14, 14, 14, 22, 22, 22, 22, 33, 33, 33, 33, 5, 5, 5, 14, 14, 14, 14, 14, 22, 22, 22, 22, 22, 33, 33, 33, 0, 0, 0, 0, 0, 0, 0, 0, 26, 26, 26, 26, 26, 26, 26, 26, 0, 0, 0, 0, 0, 0, 0, 0, 26, 26, 26, 26, 26, 26, 26, 26, 0, 0, 0, 0, 0, 0, 0, 0, 26, 26, 26, 26, 26, 26, 26, 26, 0, 0, 0, 0, 0, 0, 0, 0, 12, 12, 12, 12, 12, 12, 12, 12, 0, 0, 0, 0, 0, 0, 0, 0, 12, 12, 12, 12, 12, 12, 12, 12, 0, 0, 0, 0, 0, 0, 0, 0, 12, 12, 12, 12, 12, 12, 12, 12, 16, 16, 16, 16, 16, 16, 16, 16, 12, 12, 12, 12, 12, 12, 12, 12, 16, 16, 16, 16, 16, 16, 16, 16, 11, 12, 12, 12, 12, 12, 12, 12, 16, 16, 16, 16, 16, 16, 16, 16, 11, 10, 10, 10, 10, 10, 10, 10, 16, 16, 16, 16, 16, 16, 16, 16, 10, 10, 10, 10, 10, 10, 10, 10, 1, 1, 1, 1, 1, 1, 1, 1, 10, 10, 10, 10, 10, 10, 10, 10, 1, 1, 1, 1, 1, 1, 1, 1, 10, 10, 10, 10, 10, 10, 10, 10, 1, 1, 1, 1, 1, 1, 1, 1, 10, 10, 10, 10, 10, 10, 10, 10, 1, 1, 1, 1, 1, 1, 1, 1, 10, 10, 10, 10, 10, 10, 10, 10, 1, 1, 1, 1, 1, 1, 1, 1, 8, 8, 8, 8, 8, 8, 8, 8, 1, 1, 1, 1, 1, 1, 1, 1, 8, 8, 8, 8, 8, 8, 8, 8, 25, 34, 34, 34, 34, 20, 20, 20, 31, 18, 18, 18, 26, 26, 26, 26, 24, 24, 24, 24, 24, 17, 17, 17, 18, 18, 18, 18, 26, 26, 26, 26, 24, 24, 24, 24, 24, 17, 17, 17, 18, 18, 18, 18, 26, 26, 26, 26, 24, 24, 24, 24, 24, 17, 17, 17, 18, 18, 18, 18, 26, 26, 26, 26, 24, 24, 24, 24, 24, 17, 17, 17, 18, 18, 18, 18, 26, 26, 26, 26, 24, 24, 24, 24, 24, 24, 17, 17, 18, 18, 18, 18, 26, 26, 26, 26, 24, 24, 24, 24, 24, 24, 17, 17, 18, 18, 18, 18, 26, 26, 26, 26, 24, 24, 24, 24, 24, 24, 17, 17, 18, 18, 18, 18, 26, 26, 26, 26, 19, 19, 19, 19, 19, 19, 3, 3, 4, 4, 4, 4, 4, 26, 0, 0, 19, 19, 19, 19, 19, 19, 3, 3, 4, 4, 4, 4, 4, 0, 0, 0, 19, 19, 19, 19, 19, 23, 3, 3, 4, 4, 4, 4, 4, 0, 0, 0, 19, 19, 19, 19, 23, 23, 3, 3, 4, 4, 4, 4, 4, 0, 0, 0, 19, 19, 19, 23, 23, 3, 3, 3, 4, 4, 4, 4, 4, 0, 0, 0, 19, 19, 23, 23, 23, 3, 3, 3, 4, 4, 4, 4, 4, 0, 0, 0, 19, 23, 23, 23, 23, 3, 3, 3, 4, 4, 4, 4, 4, 0, 0, 0, 23, 23, 23, 23, 23, 3, 3, 3, 4, 4, 4, 4, 4, 0, 0, 0, 33, 33, 33, 33, 33, 7, 9, 9, 9, 9, 8, 8, 8, 8, 8, 8, 33, 33, 33, 33, 33, 7, 7, 7, 9, 8, 8, 8, 8, 8, 8, 8, 33, 33, 33, 33, 33, 7, 7, 7, 7, 8, 8, 8, 8, 8, 8, 8, 22, 22, 22, 22, 22, 7, 7, 7, 7, 8, 8, 8, 8, 8, 8, 8, 22, 22, 22, 22, 22, 7, 7, 7, 7, 8, 8, 8, 8, 8, 8, 8, 22, 22, 22, 22, 22, 21, 7, 7, 7, 8, 8, 8, 8, 8, 8, 8, 22, 22, 22, 22, 21, 21, 7, 7, 7, 8, 8, 8, 8, 8, 8, 8, 22, 22, 22, 21, 21, 21, 21, 7, 7, 8, 8, 8, 8, 8, 8, 8, 14, 14, 21, 21, 21, 21, 21, 6, 15, 15, 15, 15, 1, 1, 1, 1, 14, 14, 14, 21, 21, 21, 21, 6, 15, 15, 15, 15, 1, 1, 1, 1, 14, 14, 5, 5, 5, 5, 6, 6, 15, 15, 15, 15, 1, 1, 1, 1, 14, 14, 5, 5, 5, 5, 6, 6, 15, 15, 15, 15, 1, 1, 1, 1, 14, 5, 5, 5, 5, 5, 6, 6, 15, 15, 15, 15, 1, 1, 1, 1, 5, 5, 5, 5, 5, 6, 6, 6, 15, 15, 15, 15, 1, 1, 1, 1, 5, 5, 5, 5, 5, 6, 6, 6, 15, 15, 15, 15, 1, 1, 1, 1, 5, 5, 5, 5, 5, 6, 6, 15, 15, 15, 15, 15, 1, 1, 1, 1, 5, 5, 5, 2, 2, 2, 2, 2, 2, 2, 28, 28, 28, 28, 23, 23, 5, 5, 5, 2, 2, 2, 2, 2, 2, 2, 28, 28, 28, 23, 23, 23, 5, 5, 5, 5, 2, 2, 2, 2, 2, 2, 2, 28, 23, 23, 23, 23, 5, 5, 5, 5, 2, 2, 2, 2, 2, 2, 2, 23, 23, 23, 23, 23, 5, 5, 5, 5, 2, 2, 2, 2, 2, 2, 2, 23, 23, 23, 23, 23, 6, 6, 5, 5, 5, 2, 2, 2, 2, 2, 2, 23, 23, 23, 23, 3, 6, 6, 6, 6, 6, 2, 2, 2, 2, 2, 23, 23, 3, 3, 3, 3, 15, 6, 6, 6, 6, 6, 6, 2, 2, 3, 3, 3, 3, 3, 3, 3, 15, 15, 15, 15, 15, 15, 15, 1, 0, 4, 4, 4, 4, 4, 4, 4, 15, 15, 15, 15, 15, 1, 1, 1, 0, 0, 4, 4, 4, 4, 4, 4, 15, 15, 15, 15, 1, 1, 1, 16, 16, 0, 0, 0, 4, 4, 4, 4, 15, 15, 1, 1, 1, 1, 1, 16, 16, 0, 0, 0, 0, 4, 4, 4, 1, 1, 1, 1, 1, 1, 1, 16, 16, 0, 0, 0, 0, 0, 4, 4, 1, 1, 1, 1, 1, 1, 16, 16, 16, 0, 0, 0, 0, 0, 0, 0, 1, 1, 1, 1, 1, 1, 16, 16, 16, 16, 0, 0, 0, 0, 0, 0, 1, 1, 1, 1, 1, 1, 16, 16, 16, 16, 0, 0, 0, 0, 0, 0, 33, 33, 33, 33, 29, 29, 30, 30, 30, 30, 34, 34, 34, 34, 34, 25, 33, 33, 33, 33, 29, 29, 30, 30, 30, 30, 34, 34, 34, 34, 34, 34, 33, 33, 33, 33, 33, 30, 30, 30, 30, 30, 34, 34, 34, 34, 34, 34, 33, 33, 33, 33, 33, 30, 30, 30, 30, 30, 34, 34, 34, 34, 34, 34, 33, 33, 33, 33, 33, 30, 30, 30, 30, 30, 34, 34, 34, 34, 34, 34, 7, 9, 9, 9, 32, 32, 32, 30, 30, 30, 20, 20, 20, 20, 20, 20, 9, 9, 9, 9, 9, 9, 32, 32, 32, 20, 20, 20, 20, 20, 20, 20, 9, 9, 9, 9, 9, 9, 9, 32, 20, 20, 20, 20, 20, 20, 20, 20, 9, 9, 9, 9, 9, 9, 9, 27, 31, 31, 31, 31, 31, 31, 31, 31, 9, 9, 9, 9, 9, 9, 27, 27, 13, 31, 31, 31, 31, 31, 31, 18, 8, 9, 9, 9, 27, 27, 27, 27, 13, 13, 31, 31, 31, 31, 31, 18, 8, 8, 8, 27, 27, 27, 27, 27, 13, 13, 13, 31, 31, 31, 31, 18, 8, 8, 8, 27, 27, 27, 27, 27, 13, 13, 13, 13, 31, 26, 26, 26, 8, 8, 8, 8, 27, 27, 27, 27, 13, 13, 13, 13, 26, 26, 26, 26, 8, 8, 8, 10, 10, 10, 10, 27, 13, 12, 12, 12, 26, 26, 26, 26, 8, 8, 10, 10, 10, 10, 10, 10, 12, 12, 12, 12, 12, 26, 26, 26, 8, 8, 8, 8, 8, 8, 8, 8, 1, 1, 1, 1, 1, 1, 1, 1, 8, 8, 8, 8, 8, 8, 8, 8, 1, 1, 1, 1, 1, 1, 1, 1, 10, 10, 10, 10, 10, 10, 10, 10, 1, 1, 1, 1, 1, 1, 1, 1, 10, 10, 10, 10, 10, 10, 10, 10, 1, 1, 1, 1, 1, 1, 1, 1, 10, 10, 10, 10, 10, 10, 10, 10, 1, 1, 1, 1, 1, 1, 1, 1, 10, 10, 10, 10, 10, 10, 10, 10, 1, 1, 1, 1, 1, 1, 1, 1, 10, 10, 10, 10, 10, 10, 10, 10, 16, 16, 16, 16, 16, 16, 16, 16, 10, 10, 10, 10, 10, 10, 10, 11, 16, 16, 16, 16, 16, 16, 16, 16, 12, 12, 12, 12, 12, 12, 12, 11, 16, 16, 16, 16, 16, 16, 16, 16, 12, 12, 12, 12, 12, 12, 12, 12, 16, 16, 16, 16, 16, 16, 16, 16, 12, 12, 12, 12, 12, 12, 12, 12, 0, 0, 0, 0, 0, 0, 0, 0, 12, 12, 12, 12, 12, 12, 12, 12, 0, 0, 0, 0, 0, 0, 0, 0, 12, 12, 12, 12, 12, 12, 12, 12, 0, 0, 0, 0, 0, 0, 0, 0, 26, 26, 26, 26, 26, 26, 26, 26, 0, 0, 0, 0, 0, 0, 0, 0, 26, 26, 26, 26, 26, 26, 26, 26, 0, 0, 0, 0, 0, 0, 0, 0, 26, 26, 26, 26, 26, 26, 26, 26, 0, 0, 0, 0, 0, 0, 0, 0, 33, 33, 33, 22, 22, 22, 22, 22, 14, 14, 14, 14, 14, 5, 5, 5, 33, 33, 33, 33, 22, 22, 22, 22, 14, 14, 14, 14, 14, 14, 5, 5, 33, 33, 33, 33, 22, 22, 22, 14, 14, 14, 14, 14, 14, 14, 14, 5, 33, 33, 33, 33, 33, 22, 22, 14, 14, 14, 14, 14, 14, 14, 14, 2, 29, 29, 29, 29, 29, 29, 22, 14, 14, 14, 14, 14, 14, 14, 2, 2, 29, 29, 29, 29, 29, 29, 29, 14, 14, 14, 14, 14, 14, 2, 2, 2, 30, 29, 29, 29, 29, 29, 29, 14, 14, 14, 14, 14, 2, 2, 2, 2, 30, 30, 29, 29, 29, 29, 29, 29, 14, 28, 28, 28, 28, 2, 2, 2, 30, 30, 30, 29, 29, 25, 25, 25, 28, 28, 28, 28, 28, 28, 2, 2, 30, 34, 34, 25, 25, 25, 25, 25, 28, 28, 28, 28, 28, 28, 28, 2, 34, 34, 34, 25, 25, 25, 25, 25, 28, 28, 28, 28, 28, 28, 28, 28, 34, 34, 25, 25, 25, 25, 25, 25, 19, 19, 28, 28, 28, 28, 28, 28, 34, 34, 25, 25, 25, 25, 25, 24, 19, 19, 19, 19, 28, 28, 28, 28, 34, 25, 25, 25, 25, 24, 24, 24, 19, 19, 19, 19, 19, 19, 28, 28, 34, 25, 25, 24, 24, 24, 24, 24, 19, 19, 19, 19, 19, 19, 19, 23, 25, 24, 24, 24, 24, 24, 24, 24, 19, 19, 19, 19, 19, 19, 19, 23, 73, 67, 69, 1, 86, 65, 76, 69, 2, 0, 0, 0, 35, 0, 0, 0, 188, 0, 0, 0, 9, 0, 0, 0, 6, 6, 9, 6, 4, 4, 5, 7, 6, 5, 7, 3, 6, 5, 6, 5, 5, 6, 6, 6, 6, 5, 5, 4, 4, 6, 6, 4, 5, 5, 6, 4, 4, 6, 5, 1, 16, 12, 26, 4, 2, 2, 15, 8, 10, 16, 0, 0, 3, 23, 28, 14, 5, 6, 15, 1, 4, 18, 17, 19, 23, 2, 0, 26, 18, 3, 2, 14, 21, 6, 5, 21, 7, 15, 2, 8, 15, 6, 21, 22, 33, 9, 9, 27, 10, 1, 15, 7, 27, 8, 7, 33, 32, 11, 16, 1, 8, 27, 13, 12, 12, 16, 10, 10, 13, 26, 0, 16, 11, 31, 26, 12, 10, 27, 2, 28, 29, 22, 21, 5, 6, 7, 8, 1, 2, 1, 10, 11, 12, 0, 18, 20, 34, 24, 19, 3, 3, 4, 26, 31, 20, 17, 17, 24, 25, 28, 23, 3, 32, 30, 34, 17, 18, 31, 5, 14, 22, 7, 6, 21, 14, 29, 33, 7, 19, 28, 2, 3, 17, 34, 25, 19, 24, 34, 30, 29, 28, 19, 13, 31, 18, 4, 0, 12, 13, 10, 8, 9, 2, 23, 19, 25, 14, 25, 30, 33, 22, 14, 25, 34, 20, 32, 33, 29, 20, 18, 26, 13, 9, 33, 30, 20, 9, 7, 22, 29, 30, 32, 25, 24, 17, 20, 30, 0, 0, 128, 191, 110, 251, 10, 61, 154, 123, 160, 60, 154, 123, 160, 60, 190, 93, 94, 61]
            }
        }

        over "palm_lower"
        {
            over "collisions" (
                prepend apiSchemas = ["PhysxCookedDataAPI:convexHull"]
            )
            {
                uchar[] physxCookedData:convexHull:buffer = [9, 163, 114, 180, 150, 222, 81, 71, 6, 254, 150, 73, 186, 215, 182, 63, 133, 78, 88, 83, 1, 67, 86, 88, 77, 14, 0, 0, 0, 0, 0, 0, 0, 73, 67, 69, 1, 67, 76, 72, 76, 9, 0, 0, 0, 39, 0, 0, 0, 84, 128, 0, 0, 47, 0, 0, 0, 168, 0, 0, 0, 10, 215, 163, 189, 111, 18, 3, 186, 127, 106, 60, 61, 10, 215, 163, 189, 111, 18, 3, 186, 197, 32, 48, 61, 10, 215, 163, 189, 150, 67, 139, 188, 166, 155, 68, 60, 10, 215, 163, 189, 135, 22, 89, 189, 182, 205, 137, 34, 10, 215, 163, 189, 65, 112, 191, 189, 0, 0, 0, 0, 15, 211, 162, 189, 198, 75, 200, 189, 127, 106, 60, 61, 80, 141, 23, 189, 136, 123, 140, 186, 0, 0, 0, 0, 10, 215, 163, 187, 111, 18, 3, 186, 127, 106, 60, 61, 127, 106, 188, 188, 185, 132, 66, 32, 10, 215, 35, 61, 10, 215, 35, 188, 0, 0, 0, 190, 166, 155, 196, 59, 215, 247, 134, 188, 51, 191, 0, 190, 163, 91, 255, 60, 65, 84, 118, 189, 154, 14, 244, 189, 10, 215, 35, 59, 111, 18, 131, 188, 18, 114, 252, 189, 0, 0, 0, 0, 236, 97, 133, 189, 144, 135, 242, 189, 10, 215, 163, 59, 10, 215, 35, 188, 18, 131, 0, 190, 127, 106, 60, 61, 246, 167, 141, 189, 4, 249, 221, 189, 127, 106, 60, 61, 10, 215, 163, 187, 0, 0, 0, 0, 88, 57, 52, 60, 111, 18, 131, 188, 0, 0, 0, 0, 112, 55, 12, 31, 88, 57, 180, 60, 17, 199, 186, 187, 244, 253, 212, 59, 88, 57, 180, 60, 33, 31, 244, 189, 244, 253, 212, 59, 117, 246, 169, 60, 124, 242, 48, 187, 225, 122, 138, 60, 56, 25, 155, 189, 241, 236, 213, 189, 127, 106, 60, 61, 56, 25, 155, 189, 205, 230, 212, 189, 0, 0, 0, 0, 9, 70, 131, 189, 30, 61, 235, 189, 149, 165, 50, 57, 10, 215, 35, 187, 240, 166, 255, 189, 127, 106, 60, 61, 88, 57, 180, 60, 33, 31, 244, 189, 84, 227, 37, 61, 89, 242, 171, 34, 180, 200, 246, 189, 127, 106, 60, 61, 219, 99, 141, 60, 108, 120, 250, 189, 61, 22, 27, 60, 213, 76, 170, 60, 108, 120, 250, 189, 224, 134, 134, 60, 162, 184, 148, 60, 149, 254, 48, 187, 135, 54, 38, 60, 127, 106, 188, 60, 17, 199, 186, 187, 193, 202, 33, 61, 88, 57, 180, 60, 17, 199, 186, 187, 84, 227, 37, 61, 127, 106, 188, 60, 33, 31, 244, 189, 143, 194, 245, 59, 15, 211, 162, 189, 161, 69, 199, 189, 0, 0, 0, 0, 85, 0, 133, 189, 48, 54, 241, 189, 10, 215, 35, 59, 127, 106, 188, 60, 17, 199, 186, 187, 143, 194, 245, 59, 127, 106, 188, 60, 33, 31, 244, 189, 193, 202, 33, 61, 133, 235, 49, 34, 88, 57, 180, 187, 127, 106, 60, 61, 2, 43, 7, 189, 0, 0, 0, 0, 0, 0, 0, 0, 0, 0, 0, 0, 0, 0, 0, 0, 0, 0, 128, 63, 127, 106, 60, 189, 0, 0, 9, 4, 118, 255, 127, 191, 39, 178, 168, 186, 58, 11, 125, 59, 118, 250, 163, 189, 9, 0, 6, 35, 241, 168, 182, 190, 41, 65, 151, 62, 190, 225, 98, 191, 235, 20, 83, 188, 15, 0, 3, 25, 0, 0, 0, 0, 160, 29, 127, 63, 190, 19, 170, 61, 222, 178, 89, 187, 18, 0, 3, 9, 22, 29, 228, 189, 120, 251, 125, 191, 14, 30, 107, 189, 223, 142, 255, 189, 21, 0, 3, 7, 60, 252, 206, 189, 215, 101, 122, 191, 252, 57, 58, 190, 163, 59, 250, 189, 24, 0, 3, 7, 18, 186, 23, 190, 150, 44, 125, 191, 12, 74, 44, 186, 245, 205, 1, 190, 27, 0, 3, 20, 107, 159, 78, 190, 200, 86, 121, 191, 46, 82, 211, 61, 68, 24, 4, 190, 30, 0, 3, 29, 242, 74, 139, 190, 116, 198, 112, 191, 130, 85, 80, 62, 6, 61, 5, 190, 33, 0, 3, 29, 21, 122, 188, 60, 246, 231, 127, 63, 168, 248, 105, 60, 216, 92, 48, 184, 36, 0, 3, 10, 122, 166, 44, 62, 0, 0, 0, 0, 199, 85, 124, 191, 63, 203, 48, 59, 39, 0, 4, 0, 208, 247, 206, 61, 215, 169, 126, 63, 204, 213, 104, 60, 19, 246, 182, 57, 43, 0, 3, 10, 83, 51, 78, 191, 175, 180, 23, 191, 243, 16, 211, 187, 203, 23, 251, 189, 46, 0, 3, 30, 217, 217, 1, 191, 244, 232, 88, 191, 46, 60, 33, 62, 216, 97, 9, 190, 49, 0, 3, 35, 47, 197, 199, 189, 219, 158, 10, 191, 159, 196, 85, 191, 102, 228, 139, 189, 52, 0, 3, 7, 115, 241, 125, 62, 53, 157, 18, 190, 147, 71, 117, 63, 156, 49, 123, 189, 55, 0, 3, 3, 91, 49, 177, 61, 209, 8, 127, 191, 106, 140, 216, 187, 106, 46, 253, 189, 58, 0, 6, 0, 1, 35, 16, 62, 5, 146, 103, 191, 52, 9, 206, 190, 40, 190, 223, 189, 64, 0, 3, 0, 51, 70, 58, 62, 29, 134, 79, 191, 121, 123, 14, 191, 136, 174, 198, 189, 67, 0, 3, 0, 56, 130, 227, 61, 51, 210, 124, 63, 56, 130, 227, 189, 8, 248, 232, 58, 70, 0, 3, 14, 194, 195, 233, 61, 27, 20, 126, 63, 184, 199, 51, 189, 92, 22, 138, 58, 73, 0, 3, 10, 67, 226, 86, 62, 116, 27, 90, 63, 113, 152, 245, 190, 133, 10, 92, 59, 76, 0, 3, 14, 216, 61, 213, 190, 95, 115, 77, 63, 160, 180, 218, 190, 155, 98, 110, 188, 79, 0, 3, 25, 69, 196, 82, 62, 153, 248, 120, 63, 205, 107, 222, 61, 25, 23, 100, 187, 82, 0, 3, 13, 32, 86, 106, 62, 253, 56, 114, 63, 60, 86, 106, 62, 82, 249, 17, 188, 85, 0, 3, 11, 17, 89, 209, 62, 165, 129, 99, 191, 254, 107, 84, 190, 24, 6, 233, 189, 88, 0, 3, 0, 100, 5, 179, 62, 37, 131, 94, 191, 106, 5, 179, 190, 121, 73, 223, 189, 91, 0, 3, 0, 113, 180, 94, 191, 34, 123, 252, 190, 254, 162, 175, 187, 254, 233, 239, 189, 94, 0, 4, 30, 12, 224, 125, 191, 192, 166, 3, 190, 225, 42, 183, 186, 178, 23, 187, 189, 98, 0, 3, 30, 212, 11, 64, 191, 88, 238, 31, 191, 178, 219, 93, 190, 166, 91, 249, 189, 101, 0, 3, 30, 175, 171, 224, 190, 235, 181, 245, 190, 117, 123, 66, 191, 33, 59, 170, 189, 104, 0, 3, 31, 16, 55, 45, 190, 171, 180, 21, 191, 50, 25, 75, 191, 94, 126, 159, 189, 107, 0, 3, 7, 182, 107, 137, 190, 1, 138, 109, 191, 230, 131, 132, 190, 67, 24, 1, 190, 110, 0, 3, 30, 240, 4, 53, 63, 0, 0, 0, 0, 246, 4, 53, 191, 52, 146, 51, 188, 113, 0, 4, 0, 109, 101, 178, 62, 90, 195, 94, 63, 112, 101, 178, 190, 120, 14, 231, 185, 117, 0, 3, 15, 62, 196, 229, 62, 51, 124, 96, 63, 228, 95, 48, 190, 37, 26, 132, 187, 120, 0, 3, 15, 3, 183, 76, 63, 162, 182, 25, 63, 0, 0, 0, 0, 4, 68, 117, 188, 123, 0, 3, 21, 97, 237, 139, 62, 50, 27, 108, 191, 127, 237, 139, 62, 255, 16, 2, 190, 126, 0, 3, 1, 187, 246, 117, 62, 173, 0, 119, 191, 223, 74, 218, 61, 133, 122, 255, 189, 129, 0, 3, 1, 59, 104, 80, 63, 64, 171, 20, 191, 0, 0, 0, 0, 29, 30, 180, 189, 132, 0, 3, 0, 0, 0, 128, 63, 0, 0, 0, 0, 0, 0, 0, 0, 127, 106, 188, 188, 135, 0, 4, 0, 232, 4, 53, 63, 0, 0, 0, 0, 254, 4, 53, 63, 246, 4, 53, 189, 139, 0, 4, 3, 66, 91, 120, 62, 243, 4, 175, 34, 66, 91, 120, 63, 85, 202, 54, 189, 143, 0, 4, 3, 9, 83, 115, 62, 9, 83, 115, 62, 193, 28, 113, 63, 5, 27, 44, 189, 147, 0, 3, 22, 205, 194, 127, 190, 212, 160, 110, 63, 17, 58, 134, 190, 179, 10, 7, 188, 150, 0, 3, 24, 117, 111, 203, 187, 64, 254, 127, 63, 93, 138, 124, 187, 248, 91, 62, 55, 153, 0, 6, 10, 95, 101, 4, 186, 214, 48, 142, 32, 253, 255, 127, 191, 208, 146, 7, 183, 159, 0, 9, 26, 37, 7, 0, 5, 21, 15, 14, 24, 26, 0, 1, 2, 3, 4, 5, 3, 2, 6, 7, 8, 0, 9, 10, 11, 12, 9, 11, 13, 11, 10, 13, 10, 14, 13, 14, 15, 16, 8, 7, 17, 18, 19, 12, 20, 16, 7, 21, 22, 13, 21, 13, 15, 23, 12, 11, 24, 25, 26, 24, 14, 10, 9, 27, 28, 27, 9, 12, 27, 12, 19, 29, 17, 16, 29, 16, 20, 29, 18, 17, 1, 6, 2, 30, 20, 7, 30, 7, 31, 32, 28, 27, 32, 27, 19, 33, 22, 21, 5, 33, 5, 4, 34, 13, 22, 34, 22, 23, 34, 23, 11, 34, 11, 13, 35, 32, 19, 18, 35, 18, 29, 35, 29, 20, 35, 20, 30, 36, 25, 24, 36, 24, 28, 36, 28, 32, 36, 32, 35, 30, 36, 30, 31, 25, 37, 26, 25, 31, 37, 31, 7, 38, 6, 1, 8, 16, 17, 38, 1, 0, 38, 17, 12, 23, 22, 33, 4, 3, 6, 0, 43, 0, 3, 0, 1, 0, 27, 0, 13, 0, 8, 0, 16, 0, 15, 0, 42, 1, 45, 1, 22, 1, 2, 1, 46, 1, 28, 2, 22, 2, 46, 3, 9, 3, 45, 4, 16, 4, 6, 4, 5, 5, 17, 5, 14, 6, 32, 6, 7, 7, 16, 7, 8, 8, 13, 9, 45, 9, 11, 10, 21, 10, 33, 10, 18, 10, 46, 11, 20, 11, 23, 12, 27, 12, 29, 12, 13, 14, 46, 14, 31, 15, 37, 15, 42, 16, 17, 16, 25, 16, 38, 17, 18, 18, 26, 19, 21, 19, 45, 19, 20, 20, 35, 21, 34, 22, 44, 23, 36, 23, 24, 24, 43, 24, 41, 25, 39, 25, 26, 26, 33, 27, 46, 27, 28, 28, 46, 29, 32, 29, 30, 30, 46, 30, 31, 31, 32, 33, 40, 33, 34, 34, 35, 35, 36, 36, 40, 37, 41, 37, 38, 38, 39, 39, 40, 40, 41, 41, 42, 42, 43, 44, 46, 44, 45, 45, 46, 0, 1, 3, 1, 22, 44, 1, 2, 22, 1, 2, 46, 1, 28, 46, 0, 1, 27, 2, 22, 44, 0, 3, 9, 3, 9, 45, 4, 5, 16, 4, 6, 7, 4, 5, 6, 5, 10, 14, 6, 7, 8, 0, 7, 8, 0, 8, 13, 9, 11, 19, 10, 19, 21, 10, 21, 33, 10, 18, 26, 11, 20, 23, 0, 12, 13, 12, 27, 29, 14, 30, 31, 0, 15, 16, 15, 37, 41, 0, 15, 42, 16, 17, 18, 16, 25, 38, 19, 20, 21, 23, 24, 36, 24, 41, 42, 25, 26, 33, 27, 28, 46, 29, 30, 31, 33, 34, 35, 37, 38, 39, 0, 42, 43, 44, 45, 46, 37, 0, 7, 0, 7, 0, 0, 0, 0, 0, 5, 0, 5, 0, 21, 0, 21, 0, 15, 0, 15, 0, 14, 0, 14, 0, 24, 0, 24, 0, 26, 0, 26, 0, 37, 0, 0, 0, 1, 0, 1, 0, 2, 0, 2, 0, 3, 0, 3, 0, 4, 0, 4, 0, 5, 0, 2, 0, 6, 0, 6, 0, 3, 0, 7, 0, 8, 0, 8, 0, 0, 0, 9, 0, 10, 0, 10, 0, 11, 0, 11, 0, 9, 0, 12, 0, 9, 0, 11, 0, 12, 0, 13, 0, 11, 0, 10, 0, 13, 0, 10, 0, 14, 0, 14, 0, 13, 0, 15, 0, 13, 0, 16, 0, 8, 0, 7, 0, 16, 0, 17, 0, 18, 0, 18, 0, 19, 0, 19, 0, 12, 0, 12, 0, 17, 0, 20, 0, 16, 0, 7, 0, 20, 0, 21, 0, 22, 0, 22, 0, 13, 0, 13, 0, 21, 0, 23, 0, 12, 0, 11, 0, 23, 0, 24, 0, 25, 0, 25, 0, 26, 0, 9, 0, 27, 0, 27, 0, 28, 0, 28, 0, 24, 0, 12, 0, 27, 0, 19, 0, 27, 0, 29, 0, 17, 0, 17, 0, 16, 0, 16, 0, 29, 0, 20, 0, 29, 0, 29, 0, 18, 0, 1, 0, 6, 0, 30, 0, 20, 0, 7, 0, 30, 0, 7, 0, 31, 0, 31, 0, 30, 0, 32, 0, 28, 0, 27, 0, 32, 0, 19, 0, 32, 0, 33, 0, 22, 0, 5, 0, 33, 0, 4, 0, 33, 0, 34, 0, 13, 0, 22, 0, 34, 0, 22, 0, 23, 0, 23, 0, 34, 0, 11, 0, 34, 0, 35, 0, 32, 0, 18, 0, 35, 0, 29, 0, 35, 0, 20, 0, 35, 0, 30, 0, 35, 0, 36, 0, 25, 0, 24, 0, 36, 0, 28, 0, 36, 0, 32, 0, 36, 0, 30, 0, 36, 0, 31, 0, 25, 0, 31, 0, 37, 0, 38, 0, 6, 0, 1, 0, 38, 0, 17, 0, 38, 0, 0, 0, 0, 0, 10, 215, 163, 189, 51, 191, 0, 190, 0, 0, 0, 0, 128, 106, 188, 60, 0, 0, 0, 0, 127, 106, 60, 61, 74, 156, 10, 58, 132, 76, 71, 54, 251, 241, 112, 181, 206, 24, 189, 52, 251, 241, 112, 181, 251, 203, 164, 53, 136, 107, 73, 53, 206, 24, 189, 52, 136, 107, 73, 53, 231, 20, 103, 54, 60, 215, 232, 188, 42, 80, 122, 189, 9, 98, 192, 60, 0, 0, 128, 63, 73, 67, 69, 1, 83, 85, 80, 77, 0, 0, 0, 0, 73, 67, 69, 1, 71, 65, 85, 83, 0, 0, 0, 0, 16, 0, 0, 0, 0, 6, 0, 0, 19, 32, 32, 32, 32, 32, 32, 28, 36, 36, 36, 36, 36, 36, 36, 36, 19, 32, 32, 32, 32, 32, 32, 32, 36, 36, 36, 36, 36, 36, 36, 36, 19, 32, 32, 32, 32, 32, 32, 32, 36, 36, 36, 36, 36, 36, 36, 36, 32, 32, 32, 32, 32, 32, 32, 32, 36, 36, 36, 36, 36, 36, 36, 36, 32, 32, 32, 32, 32, 32, 32, 32, 36, 36, 36, 36, 36, 36, 36, 36, 32, 32, 32, 32, 32, 32, 32, 32, 36, 36, 36, 36, 36, 36, 36, 36, 32, 32, 32, 32, 32, 32, 32, 32, 36, 36, 36, 36, 36, 36, 36, 36, 32, 32, 32, 32, 32, 32, 32, 32, 36, 36, 36, 36, 36, 36, 36, 36, 35, 35, 35, 35, 35, 35, 35, 35, 30, 30, 30, 30, 30, 30, 30, 31, 35, 35, 35, 35, 35, 35, 35, 35, 30, 30, 30, 30, 30, 30, 30, 30, 35, 35, 35, 35, 35, 35, 35, 35, 30, 30, 30, 30, 30, 30, 30, 30, 35, 35, 35, 35, 35, 35, 35, 35, 30, 30, 30, 30, 30, 30, 30, 30, 35, 35, 35, 35, 35, 35, 35, 35, 30, 30, 30, 30, 30, 30, 30, 30, 35, 35, 35, 35, 35, 35, 35, 35, 30, 30, 30, 30, 30, 30, 30, 30, 35, 35, 35, 35, 35, 35, 35, 35, 30, 30, 30, 30, 30, 30, 30, 30, 18, 35, 35, 35, 35, 35, 35, 20, 30, 30, 30, 30, 30, 30, 30, 30, 34, 34, 34, 34, 34, 34, 13, 13, 13, 21, 21, 21, 21, 21, 21, 21, 22, 22, 22, 22, 34, 34, 13, 13, 21, 21, 21, 21, 21, 21, 21, 21, 22, 22, 22, 22, 22, 22, 22, 22, 21, 21, 21, 21, 21, 21, 21, 21, 22, 22, 22, 22, 22, 22, 22, 22, 21, 21, 21, 21, 21, 21, 21, 21, 33, 33, 33, 33, 33, 33, 33, 33, 5, 5, 5, 5, 5, 5, 5, 5, 33, 33, 33, 33, 33, 33, 33, 33, 5, 5, 5, 5, 5, 5, 5, 5, 33, 33, 33, 33, 33, 33, 33, 33, 5, 5, 5, 5, 5, 5, 5, 5, 4, 4, 4, 4, 4, 4, 4, 4, 5, 5, 5, 5, 5, 5, 5, 5, 3, 3, 3, 3, 3, 3, 2, 2, 0, 0, 0, 0, 0, 0, 0, 0, 3, 3, 3, 2, 2, 2, 2, 1, 0, 0, 0, 0, 0, 0, 0, 0, 3, 2, 2, 2, 2, 2, 2, 1, 0, 0, 0, 0, 0, 0, 0, 0, 2, 2, 2, 2, 2, 2, 1, 1, 0, 0, 0, 0, 0, 0, 0, 0, 2, 2, 2, 2, 2, 2, 1, 1, 0, 0, 0, 0, 0, 0, 0, 0, 2, 2, 2, 2, 2, 1, 1, 1, 0, 0, 0, 0, 0, 0, 0, 0, 2, 2, 2, 2, 2, 1, 1, 1, 0, 0, 0, 0, 0, 0, 0, 0, 2, 2, 2, 2, 1, 1, 1, 1, 0, 0, 0, 0, 0, 0, 0, 0, 2, 2, 2, 6, 6, 6, 38, 38, 17, 17, 18, 18, 18, 18, 18, 18, 2, 2, 2, 6, 6, 6, 38, 38, 17, 17, 18, 18, 18, 18, 18, 35, 2, 2, 2, 2, 6, 6, 38, 38, 17, 17, 18, 18, 18, 35, 35, 35, 2, 2, 2, 2, 6, 6, 38, 38, 17, 17, 18, 18, 18, 35, 35, 35, 1, 1, 1, 1, 1, 6, 38, 38, 17, 17, 29, 18, 35, 35, 35, 35, 1, 1, 1, 1, 1, 1, 38, 38, 17, 29, 29, 35, 35, 35, 35, 35, 1, 1, 1, 1, 1, 1, 1, 38, 17, 29, 29, 29, 35, 35, 35, 35, 1, 1, 1, 1, 1, 1, 1, 38, 16, 20, 20, 20, 20, 20, 20, 20, 0, 0, 0, 0, 0, 0, 0, 0, 7, 20, 20, 20, 20, 30, 30, 30, 0, 0, 0, 0, 0, 0, 0, 0, 7, 7, 30, 30, 30, 30, 30, 30, 0, 0, 0, 0, 0, 0, 0, 0, 7, 7, 30, 30, 30, 30, 30, 30, 0, 0, 0, 0, 0, 0, 0, 0, 7, 7, 31, 30, 30, 30, 30, 30, 0, 0, 0, 0, 0, 0, 0, 0, 7, 7, 31, 31, 30, 30, 30, 30, 0, 0, 0, 0, 0, 0, 0, 0, 7, 7, 7, 31, 31, 30, 30, 30, 0, 0, 0, 0, 0, 0, 0, 0, 7, 7, 7, 31, 31, 31, 30, 30, 0, 0, 0, 0, 0, 0, 0, 0, 7, 7, 7, 31, 31, 31, 31, 30, 34, 34, 34, 34, 34, 34, 11, 12, 12, 12, 19, 19, 19, 19, 19, 19, 34, 34, 34, 34, 34, 34, 11, 12, 12, 12, 19, 19, 19, 19, 19, 32, 34, 34, 34, 34, 34, 34, 11, 12, 12, 12, 19, 19, 19, 19, 32, 32, 34, 34, 34, 34, 34, 34, 11, 12, 12, 27, 19, 19, 19, 32, 32, 32, 34, 34, 34, 34, 34, 34, 11, 12, 12, 27, 27, 19, 32, 32, 32, 32, 34, 34, 34, 34, 34, 34, 11, 12, 9, 27, 27, 32, 32, 32, 32, 32, 13, 13, 13, 13, 13, 13, 11, 9, 9, 27, 27, 28, 32, 32, 32, 32, 13, 13, 13, 13, 13, 13, 13, 9, 9, 28, 28, 28, 28, 28, 28, 28, 13, 13, 13, 13, 13, 13, 13, 14, 14, 28, 28, 28, 28, 36, 36, 36, 21, 21, 21, 21, 15, 13, 14, 14, 14, 24, 36, 36, 36, 36, 36, 36, 21, 21, 21, 21, 15, 15, 14, 14, 14, 24, 36, 36, 36, 36, 36, 36, 21, 21, 21, 21, 15, 15, 14, 14, 14, 24, 24, 36, 36, 36, 36, 36, 21, 21, 21, 21, 15, 15, 14, 14, 14, 24, 24, 25, 36, 36, 36, 36, 21, 21, 21, 21, 15, 15, 14, 14, 14, 24, 24, 25, 25, 36, 36, 36, 21, 21, 21, 21, 15, 15, 14, 14, 14, 24, 24, 25, 25, 25, 36, 36, 21, 21, 21, 21, 15, 15, 14, 14, 14, 24, 24, 25, 25, 25, 25, 36, 21, 21, 21, 21, 5, 5, 5, 5, 0, 0, 0, 0, 0, 0, 0, 0, 21, 21, 21, 21, 5, 5, 5, 5, 0, 0, 0, 0, 0, 0, 0, 0, 21, 21, 21, 21, 21, 5, 5, 5, 0, 0, 0, 0, 0, 0, 0, 0, 21, 21, 21, 21, 21, 5, 5, 5, 0, 0, 0, 0, 0, 0, 0, 0, 15, 15, 21, 21, 21, 21, 5, 5, 0, 0, 0, 0, 0, 0, 0, 0, 15, 15, 15, 15, 21, 21, 21, 5, 0, 0, 0, 0, 0, 0, 0, 0, 14, 14, 14, 15, 15, 21, 21, 5, 0, 0, 0, 0, 0, 0, 0, 0, 14, 14, 14, 14, 14, 14, 15, 21, 0, 0, 0, 0, 0, 0, 0, 0, 14, 14, 24, 24, 24, 24, 24, 24, 7, 7, 7, 7, 7, 7, 7, 7, 24, 24, 24, 24, 24, 24, 24, 26, 37, 7, 7, 7, 7, 7, 7, 7, 24, 24, 24, 24, 25, 25, 25, 25, 31, 31, 31, 31, 31, 7, 7, 7, 25, 25, 25, 25, 25, 25, 25, 25, 31, 31, 31, 31, 31, 31, 31, 31, 25, 25, 25, 25, 25, 25, 25, 25, 31, 31, 31, 31, 31, 31, 31, 31, 25, 25, 25, 25, 25, 25, 25, 25, 31, 31, 31, 31, 31, 31, 31, 31, 25, 25, 25, 25, 25, 25, 25, 25, 31, 31, 31, 31, 31, 31, 31, 31, 36, 25, 25, 25, 25, 25, 36, 25, 31, 30, 30, 31, 30, 31, 31, 31, 34, 22, 22, 22, 33, 33, 33, 4, 3, 3, 3, 2, 2, 2, 2, 2, 34, 34, 22, 22, 33, 33, 33, 4, 3, 3, 2, 2, 2, 2, 2, 2, 34, 34, 22, 22, 22, 33, 33, 4, 3, 3, 3, 2, 2, 2, 2, 2, 34, 34, 34, 22, 22, 33, 33, 4, 3, 3, 3, 2, 2, 2, 6, 6, 34, 34, 34, 23, 22, 22, 33, 33, 3, 3, 2, 2, 6, 6, 6, 6, 34, 34, 34, 23, 23, 22, 22, 33, 3, 3, 6, 6, 6, 6, 6, 6, 11, 11, 11, 23, 23, 23, 22, 33, 3, 6, 6, 6, 6, 6, 38, 38, 12, 12, 12, 12, 12, 23, 23, 22, 6, 6, 38, 38, 38, 38, 38, 38, 12, 12, 12, 12, 12, 12, 12, 12, 17, 17, 17, 17, 17, 17, 17, 17, 12, 12, 12, 12, 12, 12, 19, 19, 18, 17, 17, 17, 17, 17, 17, 17, 19, 19, 19, 19, 19, 19, 19, 19, 18, 18, 18, 18, 18, 18, 18, 18, 19, 19, 19, 19, 19, 19, 19, 19, 18, 18, 18, 18, 18, 18, 18, 18, 19, 19, 19, 19, 19, 19, 19, 19, 18, 18, 18, 18, 18, 18, 18, 18, 19, 19, 19, 19, 19, 19, 19, 19, 18, 18, 18, 18, 18, 18, 18, 18, 19, 19, 19, 19, 19, 19, 19, 19, 18, 18, 18, 18, 18, 18, 18, 18, 19, 19, 19, 32, 19, 19, 32, 19, 18, 18, 35, 18, 35, 18, 18, 18, 0, 0, 0, 0, 0, 0, 0, 0, 1, 1, 1, 1, 2, 2, 2, 2, 0, 0, 0, 0, 0, 0, 0, 0, 1, 1, 1, 2, 2, 2, 2, 2, 0, 0, 0, 0, 0, 0, 0, 0, 1, 1, 1, 2, 2, 2, 2, 2, 0, 0, 0, 0, 0, 0, 0, 0, 1, 1, 2, 2, 2, 2, 2, 2, 0, 0, 0, 0, 0, 0, 0, 0, 1, 1, 2, 2, 2, 2, 2, 2, 0, 0, 0, 0, 0, 0, 0, 0, 1, 2, 2, 2, 2, 2, 2, 2, 0, 0, 0, 0, 0, 0, 0, 0, 1, 2, 2, 2, 2, 3, 3, 3, 0, 0, 0, 0, 0, 0, 0, 0, 2, 2, 3, 3, 3, 3, 3, 3, 5, 5, 5, 5, 5, 5, 5, 5, 4, 4, 4, 4, 4, 4, 4, 4, 5, 5, 5, 5, 5, 5, 5, 5, 33, 33, 33, 33, 33, 33, 33, 33, 5, 5, 5, 5, 5, 5, 5, 5, 33, 33, 33, 33, 33, 33, 33, 33, 5, 5, 5, 5, 5, 5, 5, 5, 33, 33, 33, 33, 33, 33, 33, 33, 21, 21, 21, 21, 21, 21, 21, 21, 22, 22, 22, 22, 22, 22, 22, 22, 21, 21, 21, 21, 21, 21, 21, 21, 22, 22, 22, 22, 22, 22, 22, 22, 21, 21, 21, 21, 21, 21, 21, 21, 13, 13, 34, 34, 22, 22, 22, 22, 21, 21, 21, 21, 21, 21, 21, 13, 13, 13, 34, 34, 34, 34, 34, 34, 30, 30, 30, 30, 30, 30, 30, 30, 20, 35, 35, 35, 35, 35, 35, 18, 30, 30, 30, 30, 30, 30, 30, 30, 35, 35, 35, 35, 35, 35, 35, 35, 30, 30, 30, 30, 30, 30, 30, 30, 35, 35, 35, 35, 35, 35, 35, 35, 30, 30, 30, 30, 30, 30, 30, 30, 35, 35, 35, 35, 35, 35, 35, 35, 30, 30, 30, 30, 30, 30, 30, 30, 35, 35, 35, 35, 35, 35, 35, 35, 30, 30, 30, 30, 30, 30, 30, 30, 35, 35, 35, 35, 35, 35, 35, 35, 30, 30, 30, 30, 30, 30, 30, 30, 35, 35, 35, 35, 35, 35, 35, 18, 30, 30, 30, 30, 30, 30, 30, 30, 35, 35, 35, 35, 35, 35, 35, 35, 36, 36, 36, 36, 36, 36, 36, 36, 32, 32, 32, 32, 32, 32, 32, 19, 36, 36, 36, 36, 36, 36, 36, 36, 32, 32, 32, 32, 32, 32, 32, 19, 36, 36, 36, 36, 36, 36, 36, 36, 32, 32, 32, 32, 32, 32, 32, 32, 36, 36, 36, 36, 36, 36, 36, 36, 32, 32, 32, 32, 32, 32, 32, 32, 36, 36, 36, 36, 36, 36, 36, 36, 32, 32, 32, 32, 32, 32, 32, 32, 36, 36, 36, 36, 36, 36, 36, 36, 32, 32, 32, 32, 32, 32, 32, 32, 36, 36, 36, 36, 36, 36, 36, 36, 32, 32, 32, 32, 32, 32, 32, 32, 36, 36, 36, 36, 36, 36, 36, 36, 28, 32, 32, 32, 32, 32, 32, 32, 36, 25, 25, 25, 25, 24, 24, 14, 14, 14, 15, 15, 21, 21, 21, 21, 36, 25, 25, 25, 25, 24, 24, 14, 14, 14, 15, 15, 21, 21, 21, 21, 36, 36, 36, 25, 25, 24, 24, 14, 14, 14, 15, 15, 21, 21, 21, 21, 36, 36, 36, 25, 25, 24, 24, 14, 14, 14, 15, 15, 21, 21, 21, 21, 36, 36, 36, 36, 25, 24, 24, 14, 14, 14, 15, 15, 21, 21, 21, 21, 36, 36, 36, 36, 36, 25, 24, 14, 14, 14, 15, 15, 21, 21, 21, 21, 36, 36, 36, 36, 36, 36, 24, 14, 14, 14, 13, 15, 21, 21, 21, 21, 36, 36, 36, 28, 28, 28, 28, 14, 14, 13, 13, 13, 13, 13, 13, 13, 28, 28, 28, 28, 28, 28, 28, 9, 9, 13, 13, 13, 13, 13, 13, 13, 32, 32, 32, 32, 28, 27, 27, 9, 9, 11, 13, 13, 13, 13, 13, 13, 32, 32, 32, 32, 32, 27, 27, 9, 12, 11, 34, 34, 34, 34, 34, 34, 32, 32, 32, 32, 32, 27, 27, 12, 12, 11, 34, 34, 34, 34, 34, 34, 32, 32, 32, 32, 19, 19, 27, 12, 12, 11, 34, 34, 34, 34, 34, 34, 32, 32, 32, 19, 19, 19, 12, 12, 12, 11, 34, 34, 34, 34, 34, 34, 32, 32, 19, 19, 19, 19, 12, 12, 12, 11, 34, 34, 34, 34, 34, 34, 32, 19, 19, 19, 19, 19, 12, 12, 12, 11, 34, 34, 34, 34, 34, 34, 30, 31, 31, 31, 31, 7, 7, 7, 0, 0, 0, 0, 0, 0, 0, 0, 30, 30, 31, 31, 31, 7, 7, 7, 0, 0, 0, 0, 0, 0, 0, 0, 30, 30, 30, 31, 31, 7, 7, 7, 0, 0, 0, 0, 0, 0, 0, 0, 30, 30, 30, 30, 31, 31, 7, 7, 0, 0, 0, 0, 0, 0, 0, 0, 30, 30, 30, 30, 30, 31, 7, 7, 0, 0, 0, 0, 0, 0, 0, 0, 30, 30, 30, 30, 30, 30, 7, 7, 0, 0, 0, 0, 0, 0, 0, 0, 30, 30, 30, 30, 30, 30, 7, 7, 0, 0, 0, 0, 0, 0, 0, 0, 30, 30, 30, 20, 20, 20, 20, 7, 0, 0, 0, 0, 0, 0, 0, 0, 20, 20, 20, 20, 20, 20, 20, 17, 38, 1, 1, 1, 1, 1, 1, 1, 35, 35, 35, 35, 29, 29, 29, 17, 38, 1, 1, 1, 1, 1, 1, 1, 35, 35, 35, 35, 35, 29, 29, 17, 38, 38, 1, 1, 1, 1, 1, 1, 35, 35, 35, 35, 35, 29, 17, 17, 38, 38, 6, 1, 1, 1, 1, 1, 35, 35, 35, 35, 18, 18, 17, 17, 38, 38, 6, 6, 2, 2, 2, 2, 35, 35, 35, 18, 18, 18, 17, 17, 38, 38, 6, 6, 2, 2, 2, 2, 35, 35, 18, 18, 18, 18, 17, 17, 38, 38, 6, 6, 6, 2, 2, 2, 18, 18, 18, 18, 18, 18, 17, 17, 38, 38, 6, 6, 6, 2, 2, 2, 18, 18, 18, 35, 35, 35, 18, 35, 32, 19, 19, 19, 32, 32, 32, 32, 18, 18, 18, 18, 18, 18, 18, 18, 19, 19, 19, 19, 19, 19, 19, 19, 18, 18, 18, 18, 18, 18, 18, 18, 19, 19, 19, 19, 19, 19, 19, 19, 18, 18, 18, 18, 18, 18, 18, 18, 19, 19, 19, 19, 19, 19, 19, 19, 18, 18, 18, 18, 18, 18, 18, 18, 19, 19, 19, 19, 19, 19, 19, 19, 18, 18, 18, 18, 18, 18, 18, 18, 19, 19, 19, 19, 19, 19, 19, 19, 17, 17, 17, 17, 17, 17, 17, 18, 19, 19, 12, 12, 12, 12, 12, 12, 17, 17, 17, 17, 17, 17, 17, 17, 12, 12, 12, 12, 12, 12, 12, 12, 38, 38, 38, 38, 38, 38, 6, 6, 22, 23, 23, 12, 12, 12, 12, 12, 38, 38, 6, 6, 6, 6, 6, 3, 33, 22, 23, 23, 23, 11, 11, 11, 6, 6, 6, 6, 6, 6, 3, 3, 33, 22, 22, 23, 23, 34, 34, 34, 6, 6, 6, 6, 2, 3, 3, 3, 33, 33, 22, 22, 23, 34, 34, 34, 6, 6, 2, 2, 2, 3, 3, 3, 4, 33, 33, 22, 22, 34, 34, 34, 2, 2, 2, 2, 2, 3, 3, 3, 4, 33, 33, 22, 22, 22, 34, 34, 2, 2, 2, 2, 2, 3, 3, 3, 4, 33, 33, 33, 22, 22, 34, 34, 2, 2, 2, 2, 2, 3, 3, 3, 4, 33, 33, 33, 22, 22, 22, 34, 30, 30, 30, 30, 30, 30, 30, 30, 36, 36, 36, 36, 36, 36, 36, 36, 31, 31, 31, 31, 31, 31, 31, 31, 25, 25, 25, 25, 25, 25, 25, 25, 31, 31, 31, 31, 31, 31, 31, 31, 25, 25, 25, 25, 25, 25, 25, 25, 31, 31, 31, 31, 31, 31, 31, 31, 25, 25, 25, 25, 25, 25, 25, 25, 31, 31, 31, 31, 31, 31, 31, 31, 25, 25, 25, 25, 25, 25, 25, 25, 7, 7, 7, 31, 31, 31, 31, 31, 25, 25, 25, 25, 24, 24, 24, 24, 7, 7, 7, 7, 7, 7, 37, 37, 26, 24, 24, 24, 24, 24, 24, 24, 7, 7, 7, 7, 7, 7, 7, 37, 24, 24, 24, 24, 24, 24, 14, 14, 0, 0, 0, 0, 0, 0, 0, 0, 21, 15, 14, 14, 14, 14, 14, 14, 0, 0, 0, 0, 0, 0, 0, 0, 5, 21, 21, 15, 15, 14, 14, 14, 0, 0, 0, 0, 0, 0, 0, 0, 5, 21, 21, 21, 15, 15, 15, 15, 0, 0, 0, 0, 0, 0, 0, 0, 5, 5, 21, 21, 21, 21, 15, 15, 0, 0, 0, 0, 0, 0, 0, 0, 5, 5, 5, 21, 21, 21, 21, 21, 0, 0, 0, 0, 0, 0, 0, 0, 5, 5, 5, 21, 21, 21, 21, 21, 0, 0, 0, 0, 0, 0, 0, 0, 5, 5, 5, 5, 21, 21, 21, 21, 0, 0, 0, 0, 0, 0, 0, 0, 5, 5, 5, 5, 21, 21, 21, 21, 73, 67, 69, 1, 86, 65, 76, 69, 2, 0, 0, 0, 39, 0, 0, 0, 168, 0, 0, 0, 7, 0, 0, 0, 4, 4, 3, 3, 3, 4, 4, 7, 3, 4, 4, 6, 6, 7, 4, 3, 5, 5, 4, 4, 5, 4, 5, 4, 5, 4, 3, 5, 4, 5, 5, 4, 5, 3, 4, 5, 5, 3, 3, 5, 1, 8, 7, 2, 6, 38, 0, 3, 6, 1, 4, 6, 2, 5, 33, 3, 21, 33, 4, 0, 3, 38, 1, 2, 0, 8, 16, 20, 30, 31, 37, 0, 16, 7, 10, 27, 12, 11, 11, 13, 14, 9, 9, 12, 23, 34, 13, 10, 9, 27, 19, 17, 23, 11, 11, 34, 22, 21, 15, 14, 10, 24, 10, 13, 15, 14, 13, 21, 8, 17, 29, 20, 7, 18, 29, 16, 38, 12, 19, 35, 29, 17, 12, 27, 32, 18, 16, 29, 35, 30, 7, 15, 13, 22, 5, 13, 34, 23, 33, 21, 12, 22, 34, 11, 26, 25, 36, 28, 14, 26, 31, 36, 24, 37, 25, 24, 28, 32, 19, 12, 9, 24, 36, 32, 27, 17, 18, 35, 20, 16, 20, 35, 36, 31, 7, 30, 25, 37, 7, 28, 36, 35, 19, 27, 22, 4, 5, 13, 11, 23, 22, 32, 30, 20, 29, 18, 25, 30, 32, 28, 24, 7, 31, 26, 6, 17, 1, 0, 0, 128, 191, 245, 114, 184, 60, 194, 251, 84, 60, 232, 239, 106, 61, 194, 251, 84, 60]
            }
        }

        over "link2"
        {
            over "collisions" (
                prepend apiSchemas = ["PhysxCookedDataAPI:convexHull"]
            )
            {
                uchar[] physxCookedData:convexHull:buffer = [9, 19, 201, 7, 219, 134, 142, 129, 30, 70, 237, 27, 199, 99, 122, 243, 107, 78, 88, 83, 1, 67, 86, 88, 77, 14, 0, 0, 0, 0, 0, 0, 0, 73, 67, 69, 1, 67, 76, 72, 76, 9, 0, 0, 0, 34, 0, 0, 0, 96, 128, 0, 0, 64, 0, 0, 0, 192, 0, 0, 0, 149, 128, 152, 61, 74, 12, 130, 189, 133, 205, 0, 189, 245, 132, 165, 61, 74, 12, 130, 61, 0, 0, 0, 0, 133, 106, 137, 61, 244, 242, 176, 189, 179, 40, 228, 62, 245, 99, 136, 61, 43, 161, 176, 61, 108, 6, 232, 62, 71, 8, 106, 189, 74, 12, 130, 61, 125, 8, 106, 189, 0, 0, 0, 0, 0, 0, 0, 0, 123, 20, 174, 189, 133, 205, 0, 189, 74, 12, 130, 189, 149, 128, 152, 189, 71, 8, 106, 61, 74, 12, 130, 61, 125, 8, 106, 189, 77, 149, 89, 189, 143, 194, 117, 61, 166, 66, 252, 62, 138, 94, 161, 187, 143, 194, 117, 61, 112, 36, 4, 63, 228, 205, 171, 187, 47, 219, 195, 61, 253, 103, 1, 63, 133, 205, 0, 61, 74, 12, 130, 189, 149, 128, 152, 189, 104, 243, 78, 61, 143, 194, 117, 189, 117, 146, 253, 62, 129, 98, 63, 59, 132, 137, 181, 189, 81, 188, 2, 63, 0, 0, 0, 0, 74, 12, 130, 61, 245, 132, 165, 189, 243, 183, 209, 55, 92, 143, 194, 61, 10, 215, 35, 189, 196, 232, 25, 61, 11, 109, 175, 61, 208, 41, 0, 63, 16, 170, 185, 189, 117, 36, 178, 188, 173, 249, 97, 62, 178, 132, 165, 189, 74, 12, 130, 61, 0, 0, 0, 0, 178, 132, 165, 189, 74, 12, 130, 189, 0, 0, 0, 0, 67, 237, 45, 189, 143, 194, 117, 189, 78, 156, 0, 63, 204, 104, 90, 189, 242, 233, 193, 61, 222, 1, 246, 62, 28, 247, 140, 189, 32, 28, 189, 61, 193, 0, 218, 62, 118, 87, 81, 187, 184, 88, 209, 189, 152, 133, 158, 62, 99, 220, 35, 61, 92, 143, 194, 61, 26, 64, 210, 55, 148, 111, 81, 61, 107, 106, 180, 189, 248, 252, 248, 62, 62, 237, 139, 189, 11, 191, 202, 189, 211, 135, 158, 62, 72, 220, 35, 189, 92, 143, 194, 61, 23, 192, 210, 183, 215, 120, 31, 189, 152, 151, 189, 189, 101, 199, 254, 62, 65, 6, 156, 189, 114, 166, 73, 189, 82, 210, 3, 189, 144, 22, 103, 60, 217, 120, 208, 189, 77, 248, 237, 62, 245, 29, 114, 189, 157, 207, 197, 189, 23, 243, 235, 62, 36, 29, 143, 189, 170, 194, 117, 189, 31, 71, 235, 62, 226, 122, 175, 189, 211, 69, 143, 61, 36, 37, 109, 62, 232, 157, 127, 63, 55, 188, 89, 189, 95, 203, 82, 60, 201, 91, 158, 189, 0, 0, 3, 17, 212, 223, 127, 63, 129, 159, 200, 58, 99, 45, 0, 61, 31, 163, 165, 189, 3, 0, 3, 17, 36, 110, 203, 190, 189, 0, 55, 61, 161, 165, 106, 191, 90, 143, 159, 189, 6, 0, 3, 12, 246, 53, 108, 63, 47, 189, 70, 61, 107, 209, 195, 190, 207, 8, 159, 189, 9, 0, 3, 32, 77, 193, 216, 190, 242, 124, 131, 62, 3, 106, 94, 63, 144, 145, 238, 190, 12, 0, 3, 11, 0, 0, 0, 0, 162, 156, 39, 190, 27, 140, 124, 191, 111, 187, 171, 189, 15, 0, 3, 9, 37, 110, 203, 62, 188, 0, 55, 61, 162, 165, 106, 191, 90, 143, 159, 189, 18, 0, 3, 20, 201, 210, 52, 63, 240, 136, 62, 189, 201, 210, 52, 191, 236, 65, 159, 189, 21, 0, 3, 8, 161, 230, 162, 62, 115, 126, 149, 188, 234, 166, 114, 63, 83, 36, 249, 190, 24, 0, 3, 5, 191, 86, 114, 63, 107, 211, 57, 188, 230, 234, 164, 62, 242, 6, 85, 190, 27, 0, 3, 29, 82, 85, 123, 190, 158, 125, 68, 63, 236, 150, 23, 191, 58, 212, 197, 189, 30, 0, 3, 13, 144, 104, 123, 62, 31, 115, 68, 63, 135, 162, 23, 191, 102, 214, 197, 189, 33, 0, 3, 28, 200, 175, 195, 62, 68, 158, 120, 61, 176, 13, 108, 191, 49, 132, 160, 189, 36, 0, 3, 20, 200, 175, 195, 190, 63, 158, 120, 61, 176, 13, 108, 191, 48, 132, 160, 189, 39, 0, 3, 12, 111, 237, 176, 62, 67, 13, 129, 187, 48, 58, 112, 63, 94, 2, 247, 190, 42, 0, 3, 6, 244, 250, 89, 63, 245, 50, 103, 61, 249, 117, 5, 63, 241, 124, 152, 190, 45, 0, 3, 29, 27, 226, 118, 62, 108, 20, 117, 63, 187, 23, 35, 62, 8, 230, 46, 190, 48, 0, 3, 19, 81, 83, 49, 62, 96, 154, 145, 62, 168, 100, 113, 63, 155, 192, 0, 191, 51, 0, 3, 6, 252, 190, 127, 191, 0, 0, 0, 0, 135, 102, 54, 189, 169, 90, 165, 189, 54, 0, 3, 2, 195, 107, 85, 190, 236, 250, 64, 189, 101, 22, 122, 63, 38, 161, 0, 191, 57, 0, 3, 5, 100, 38, 224, 190, 203, 220, 9, 61, 135, 0, 102, 63, 77, 149, 239, 190, 60, 0, 3, 11, 99, 146, 117, 191, 213, 246, 181, 61, 232, 77, 137, 62, 0, 240, 64, 190, 63, 0, 3, 0, 200, 25, 228, 190, 159, 15, 151, 62, 68, 99, 88, 63, 72, 104, 234, 190, 66, 0, 3, 11, 0, 0, 0, 0, 124, 181, 126, 191, 140, 108, 205, 189, 88, 176, 144, 189, 69, 0, 3, 10, 17, 201, 187, 61, 172, 214, 125, 191, 22, 201, 187, 189, 159, 214, 148, 189, 72, 0, 3, 21, 175, 229, 150, 62, 168, 102, 116, 191, 191, 18, 41, 189, 124, 194, 171, 189, 75, 0, 3, 22, 192, 153, 23, 63, 8, 123, 68, 63, 85, 90, 123, 190, 190, 212, 197, 189, 78, 0, 3, 31, 103, 83, 186, 62, 173, 137, 91, 63, 210, 29, 186, 190, 96, 165, 196, 189, 81, 0, 3, 28, 209, 201, 150, 58, 233, 255, 127, 63, 115, 158, 150, 186, 103, 167, 194, 189, 84, 0, 3, 23, 77, 202, 12, 62, 141, 141, 125, 63, 8, 85, 53, 60, 41, 247, 203, 189, 87, 0, 3, 26, 247, 95, 28, 63, 241, 158, 74, 63, 174, 95, 168, 188, 131, 9, 204, 189, 90, 0, 3, 26, 242, 146, 109, 63, 170, 22, 194, 189, 181, 116, 184, 62, 1, 139, 108, 190, 93, 0, 3, 18, 150, 14, 224, 62, 36, 99, 135, 190, 217, 1, 92, 63, 75, 93, 237, 190, 96, 0, 3, 4, 212, 202, 35, 190, 187, 61, 123, 191, 163, 52, 217, 189, 17, 27, 154, 189, 99, 0, 3, 10, 116, 151, 73, 189, 185, 125, 126, 191, 131, 213, 197, 189, 192, 46, 147, 189, 102, 0, 3, 10, 158, 138, 118, 191, 216, 211, 137, 190, 33, 39, 3, 60, 60, 105, 194, 189, 105, 0, 3, 1, 68, 223, 13, 190, 161, 135, 125, 63, 138, 9, 81, 187, 181, 8, 204, 189, 108, 0, 3, 30, 5, 6, 162, 188, 45, 243, 127, 63, 253, 33, 227, 56, 115, 36, 196, 189, 111, 0, 3, 23, 58, 88, 153, 186, 233, 255, 127, 63, 92, 142, 153, 186, 216, 167, 194, 189, 114, 0, 3, 23, 201, 23, 186, 190, 170, 137, 91, 63, 123, 89, 186, 190, 97, 165, 196, 189, 117, 0, 3, 25, 171, 165, 23, 191, 91, 112, 68, 63, 187, 108, 123, 190, 223, 214, 197, 189, 120, 0, 3, 25, 150, 79, 28, 191, 61, 134, 74, 63, 211, 13, 21, 189, 54, 242, 203, 189, 123, 0, 3, 2, 55, 7, 143, 190, 24, 187, 44, 190, 75, 252, 113, 63, 37, 101, 254, 190, 126, 0, 3, 14, 135, 98, 125, 191, 0, 0, 0, 0, 252, 253, 17, 190, 216, 211, 163, 189, 129, 0, 3, 3, 13, 228, 107, 191, 233, 179, 145, 61, 116, 140, 195, 190, 206, 196, 161, 189, 132, 0, 3, 12, 116, 125, 49, 191, 15, 115, 44, 189, 127, 42, 56, 191, 4, 214, 159, 189, 135, 0, 3, 16, 228, 183, 24, 191, 174, 197, 50, 191, 56, 133, 202, 190, 167, 142, 189, 189, 138, 0, 3, 16, 228, 17, 138, 62, 137, 106, 118, 191, 182, 147, 224, 188, 181, 92, 182, 189, 141, 0, 3, 22, 44, 247, 155, 62, 111, 248, 114, 191, 73, 246, 163, 61, 23, 111, 13, 190, 144, 0, 3, 27, 199, 223, 42, 62, 48, 179, 111, 191, 136, 45, 158, 62, 238, 11, 119, 190, 147, 0, 3, 15, 253, 103, 131, 59, 108, 7, 118, 191, 203, 124, 141, 62, 173, 193, 103, 190, 150, 0, 3, 15, 45, 28, 160, 189, 76, 75, 124, 191, 196, 11, 26, 62, 60, 50, 45, 190, 153, 0, 3, 15, 137, 113, 147, 189, 109, 72, 127, 191, 162, 31, 166, 60, 135, 28, 225, 189, 156, 0, 3, 24, 96, 107, 74, 189, 176, 173, 127, 191, 237, 74, 7, 60, 153, 164, 214, 189, 159, 0, 3, 24, 172, 160, 87, 191, 20, 251, 107, 190, 86, 123, 249, 62, 237, 219, 151, 190, 162, 0, 3, 7, 174, 151, 84, 191, 120, 201, 43, 190, 4, 0, 8, 63, 92, 219, 159, 190, 165, 0, 3, 7, 10, 139, 87, 191, 71, 45, 0, 189, 56, 227, 9, 63, 201, 207, 157, 190, 168, 0, 3, 7, 252, 218, 118, 191, 195, 60, 130, 61, 41, 168, 131, 62, 239, 23, 58, 190, 171, 0, 3, 0, 154, 216, 126, 191, 93, 30, 221, 60, 15, 51, 186, 61, 53, 183, 224, 189, 174, 0, 3, 1, 14, 26, 121, 191, 22, 210, 102, 190, 146, 210, 70, 61, 94, 163, 212, 189, 177, 0, 3, 1, 202, 64, 117, 191, 42, 57, 143, 190, 148, 172, 128, 61, 218, 155, 230, 189, 180, 0, 3, 1, 122, 133, 127, 191, 62, 175, 104, 61, 172, 182, 184, 188, 189, 152, 172, 189, 183, 0, 3, 2, 111, 230, 126, 191, 156, 140, 53, 61, 165, 128, 166, 61, 227, 162, 219, 189, 186, 0, 3, 0, 248, 25, 33, 191, 180, 192, 70, 63, 0, 207, 14, 189, 164, 32, 205, 189, 189, 0, 3, 2, 0, 1, 2, 3, 2, 1, 4, 5, 6, 7, 1, 0, 8, 9, 10, 11, 6, 5, 11, 5, 7, 11, 7, 0, 12, 9, 13, 12, 2, 3, 14, 4, 15, 14, 15, 7, 14, 7, 5, 14, 5, 4, 16, 9, 12, 16, 12, 3, 16, 3, 10, 16, 10, 9, 17, 18, 19, 20, 13, 9, 20, 9, 8, 21, 22, 8, 21, 8, 10, 23, 6, 11, 23, 11, 0, 23, 0, 2, 24, 1, 7, 24, 7, 15, 24, 15, 10, 24, 10, 3, 24, 3, 1, 25, 2, 12, 25, 12, 13, 26, 19, 6, 26, 6, 23, 26, 17, 19, 27, 22, 21, 27, 21, 10, 27, 10, 15, 27, 15, 4, 27, 4, 18, 27, 18, 22, 28, 13, 20, 29, 19, 18, 29, 18, 4, 29, 4, 6, 29, 6, 19, 30, 23, 2, 30, 2, 25, 30, 25, 13, 30, 13, 28, 30, 28, 31, 30, 31, 26, 30, 26, 23, 32, 31, 28, 32, 28, 20, 32, 20, 8, 32, 8, 22, 32, 22, 17, 32, 17, 26, 32, 26, 31, 33, 18, 17, 33, 17, 22, 33, 22, 18, 0, 3, 0, 1, 0, 25, 1, 9, 1, 30, 2, 13, 2, 5, 2, 45, 3, 26, 3, 7, 4, 20, 4, 17, 4, 22, 5, 23, 5, 6, 6, 12, 6, 7, 7, 24, 8, 14, 8, 19, 8, 32, 9, 31, 9, 15, 10, 13, 10, 39, 10, 11, 11, 27, 11, 12, 12, 13, 14, 17, 14, 15, 15, 16, 16, 29, 16, 17, 18, 61, 18, 43, 18, 35, 19, 42, 19, 20, 20, 56, 21, 36, 21, 57, 21, 22, 22, 37, 23, 34, 23, 24, 24, 25, 25, 47, 26, 30, 26, 27, 27, 28, 28, 38, 28, 29, 29, 30, 31, 48, 31, 32, 32, 49, 33, 35, 33, 46, 33, 34, 34, 53, 35, 59, 36, 41, 36, 37, 37, 38, 38, 39, 39, 40, 40, 44, 40, 41, 41, 63, 42, 50, 42, 55, 43, 46, 43, 44, 44, 45, 45, 46, 47, 53, 47, 48, 48, 49, 49, 50, 50, 51, 51, 54, 51, 52, 52, 60, 52, 53, 54, 60, 54, 55, 55, 56, 56, 57, 57, 58, 58, 62, 58, 59, 59, 60, 61, 63, 61, 62, 62, 63, 0, 3, 7, 0, 1, 3, 0, 1, 9, 1, 9, 15, 2, 10, 13, 2, 5, 6, 2, 5, 23, 3, 6, 7, 4, 20, 21, 4, 8, 14, 4, 16, 17, 5, 6, 7, 8, 9, 14, 8, 19, 32, 10, 11, 12, 10, 11, 27, 14, 15, 16, 18, 35, 58, 18, 40, 41, 18, 33, 35, 19, 20, 42, 21, 22, 36, 21, 36, 41, 23, 24, 25, 26, 27, 28, 31, 32, 48, 33, 34, 35, 36, 37, 38, 42, 50, 51, 43, 44, 45, 47, 48, 49, 51, 52, 54, 54, 55, 56, 61, 62, 63, 0, 0, 1, 0, 1, 0, 2, 0, 2, 0, 0, 0, 3, 0, 2, 0, 1, 0, 3, 0, 4, 0, 5, 0, 5, 0, 6, 0, 6, 0, 4, 0, 7, 0, 1, 0, 0, 0, 7, 0, 8, 0, 9, 0, 9, 0, 10, 0, 10, 0, 8, 0, 11, 0, 6, 0, 5, 0, 11, 0, 5, 0, 7, 0, 7, 0, 11, 0, 0, 0, 11, 0, 12, 0, 9, 0, 9, 0, 13, 0, 13, 0, 12, 0, 12, 0, 2, 0, 3, 0, 12, 0, 14, 0, 4, 0, 4, 0, 15, 0, 15, 0, 14, 0, 15, 0, 7, 0, 7, 0, 14, 0, 5, 0, 14, 0, 16, 0, 9, 0, 12, 0, 16, 0, 3, 0, 16, 0, 3, 0, 10, 0, 10, 0, 16, 0, 17, 0, 18, 0, 18, 0, 19, 0, 19, 0, 17, 0, 20, 0, 13, 0, 9, 0, 20, 0, 8, 0, 20, 0, 21, 0, 22, 0, 22, 0, 8, 0, 8, 0, 21, 0, 10, 0, 21, 0, 23, 0, 6, 0, 11, 0, 23, 0, 0, 0, 23, 0, 2, 0, 23, 0, 24, 0, 1, 0, 7, 0, 24, 0, 15, 0, 24, 0, 15, 0, 10, 0, 10, 0, 24, 0, 3, 0, 24, 0, 25, 0, 2, 0, 12, 0, 25, 0, 13, 0, 25, 0, 26, 0, 19, 0, 19, 0, 6, 0, 6, 0, 26, 0, 23, 0, 26, 0, 26, 0, 17, 0, 27, 0, 22, 0, 21, 0, 27, 0, 10, 0, 27, 0, 15, 0, 27, 0, 4, 0, 27, 0, 4, 0, 18, 0, 18, 0, 27, 0, 18, 0, 22, 0, 28, 0, 13, 0, 20, 0, 28, 0, 29, 0, 19, 0, 18, 0, 29, 0, 4, 0, 29, 0, 6, 0, 29, 0, 30, 0, 23, 0, 2, 0, 30, 0, 25, 0, 30, 0, 13, 0, 30, 0, 28, 0, 30, 0, 28, 0, 31, 0, 31, 0, 30, 0, 31, 0, 26, 0, 26, 0, 30, 0, 32, 0, 31, 0, 28, 0, 32, 0, 20, 0, 32, 0, 8, 0, 32, 0, 22, 0, 32, 0, 22, 0, 17, 0, 17, 0, 32, 0, 26, 0, 32, 0, 33, 0, 18, 0, 17, 0, 33, 0, 22, 0, 33, 0, 0, 0, 0, 0, 16, 170, 185, 189, 184, 88, 209, 189, 122, 20, 174, 189, 244, 132, 165, 61, 48, 219, 195, 61, 112, 36, 4, 63, 94, 160, 114, 60, 19, 112, 148, 58, 188, 104, 222, 180, 47, 28, 97, 55, 188, 104, 222, 180, 71, 219, 146, 58, 90, 246, 47, 52, 47, 28, 97, 55, 90, 246, 47, 52, 131, 62, 136, 56, 252, 103, 123, 187, 167, 158, 37, 59, 248, 211, 98, 62, 0, 0, 128, 63, 73, 67, 69, 1, 83, 85, 80, 77, 0, 0, 0, 0, 73, 67, 69, 1, 71, 65, 85, 83, 0, 0, 0, 0, 16, 0, 0, 0, 0, 6, 0, 0, 0, 0, 0, 0, 0, 0, 0, 0, 2, 2, 2, 25, 25, 25, 25, 25, 0, 0, 0, 0, 0, 0, 0, 0, 2, 2, 2, 25, 25, 25, 25, 25, 0, 0, 0, 0, 0, 0, 0, 0, 2, 2, 2, 25, 25, 25, 25, 25, 0, 0, 0, 0, 0, 0, 0, 0, 2, 2, 2, 25, 25, 25, 25, 25, 0, 0, 0, 0, 0, 0, 0, 0, 2, 2, 2, 25, 25, 25, 25, 25, 0, 0, 0, 0, 0, 0, 0, 0, 2, 2, 2, 25, 25, 25, 25, 25, 0, 0, 0, 0, 0, 0, 0, 0, 2, 2, 2, 25, 25, 12, 12, 12, 0, 0, 0, 0, 0, 0, 0, 0, 2, 2, 2, 12, 12, 12, 12, 12, 7, 7, 7, 7, 7, 1, 1, 1, 3, 3, 3, 3, 3, 16, 16, 16, 7, 7, 7, 7, 7, 1, 1, 1, 3, 3, 3, 3, 3, 16, 16, 16, 7, 7, 7, 7, 7, 1, 1, 1, 3, 3, 3, 3, 3, 16, 16, 16, 7, 7, 7, 7, 7, 1, 1, 1, 3, 3, 3, 3, 3, 16, 16, 16, 7, 7, 7, 7, 7, 1, 1, 1, 3, 3, 3, 3, 3, 16, 16, 16, 7, 7, 7, 7, 7, 1, 1, 1, 3, 3, 3, 3, 3, 16, 16, 16, 7, 7, 7, 7, 7, 1, 1, 1, 3, 3, 3, 3, 3, 16, 16, 16, 7, 7, 7, 7, 7, 1, 1, 1, 3, 3, 3, 3, 3, 16, 16, 16, 6, 6, 6, 29, 19, 19, 19, 26, 26, 31, 31, 31, 31, 28, 28, 28, 6, 6, 29, 29, 19, 19, 19, 19, 26, 31, 31, 31, 31, 28, 28, 28, 6, 6, 29, 29, 19, 19, 19, 19, 26, 31, 31, 31, 31, 28, 28, 28, 6, 6, 29, 29, 29, 19, 19, 19, 26, 31, 31, 31, 31, 28, 28, 28, 6, 29, 29, 29, 29, 19, 19, 19, 26, 31, 31, 31, 28, 28, 28, 28, 6, 29, 29, 29, 29, 29, 19, 19, 31, 31, 31, 31, 28, 28, 28, 28, 6, 29, 29, 29, 29, 29, 19, 19, 32, 32, 32, 32, 32, 20, 20, 20, 29, 29, 29, 29, 29, 29, 29, 19, 17, 32, 32, 32, 32, 20, 20, 20, 4, 4, 4, 4, 4, 18, 18, 18, 33, 22, 8, 8, 8, 8, 8, 8, 4, 4, 4, 4, 4, 18, 18, 18, 22, 22, 21, 21, 8, 8, 8, 8, 4, 4, 4, 4, 4, 18, 18, 18, 22, 22, 21, 21, 21, 21, 21, 8, 4, 4, 4, 4, 4, 18, 18, 18, 22, 22, 21, 21, 21, 21, 21, 21, 4, 4, 4, 4, 4, 18, 18, 18, 22, 22, 21, 21, 21, 21, 21, 21, 4, 4, 4, 4, 4, 18, 18, 18, 22, 22, 21, 21, 21, 21, 21, 21, 4, 4, 4, 4, 4, 18, 18, 18, 22, 22, 21, 21, 21, 21, 21, 21, 4, 4, 4, 4, 4, 18, 18, 18, 22, 22, 21, 21, 21, 21, 21, 21, 4, 4, 4, 4, 4, 14, 14, 14, 14, 14, 14, 7, 7, 7, 7, 7, 4, 4, 4, 4, 4, 14, 14, 14, 14, 14, 14, 7, 7, 7, 7, 7, 4, 4, 4, 4, 4, 4, 15, 15, 15, 15, 7, 7, 7, 7, 7, 7, 4, 4, 4, 4, 4, 15, 15, 15, 15, 15, 15, 7, 7, 7, 7, 7, 4, 4, 4, 4, 4, 15, 15, 15, 15, 15, 15, 7, 7, 7, 7, 7, 18, 18, 4, 27, 27, 27, 15, 15, 15, 15, 15, 24, 24, 7, 1, 1, 18, 18, 27, 27, 27, 27, 27, 15, 15, 15, 24, 24, 24, 24, 1, 1, 18, 18, 27, 27, 27, 27, 27, 27, 15, 24, 24, 24, 24, 24, 1, 1, 22, 22, 22, 22, 22, 21, 21, 21, 10, 3, 3, 3, 3, 3, 3, 3, 22, 22, 21, 21, 21, 21, 21, 10, 10, 10, 3, 3, 3, 3, 3, 3, 21, 21, 21, 21, 21, 21, 21, 10, 10, 10, 16, 16, 3, 3, 3, 3, 21, 21, 21, 21, 21, 21, 10, 10, 10, 10, 16, 16, 16, 16, 3, 3, 21, 21, 21, 21, 21, 21, 10, 10, 10, 10, 16, 16, 16, 16, 16, 3, 21, 21, 21, 21, 21, 10, 10, 10, 10, 10, 16, 16, 16, 16, 16, 16, 21, 21, 21, 21, 10, 10, 10, 10, 10, 10, 16, 16, 16, 16, 16, 16, 21, 21, 21, 21, 10, 10, 10, 10, 10, 10, 10, 16, 16, 16, 16, 16, 6, 6, 6, 6, 6, 6, 6, 6, 11, 11, 11, 11, 11, 11, 11, 11, 6, 6, 6, 6, 6, 6, 6, 6, 11, 11, 11, 11, 11, 11, 11, 0, 6, 6, 6, 6, 6, 6, 6, 6, 11, 11, 11, 11, 11, 11, 0, 0, 29, 6, 6, 6, 6, 6, 6, 6, 11, 11, 11, 11, 11, 0, 0, 0, 19, 19, 19, 6, 6, 6, 6, 6, 11, 11, 11, 0, 0, 0, 0, 0, 19, 19, 19, 19, 6, 6, 6, 6, 11, 11, 11, 0, 0, 0, 0, 0, 19, 19, 19, 19, 19, 19, 6, 6, 11, 11, 0, 0, 0, 0, 0, 0, 26, 26, 26, 26, 26, 26, 26, 26, 23, 23, 0, 0, 0, 0, 0, 0, 26, 26, 31, 31, 31, 31, 31, 30, 30, 30, 2, 2, 2, 2, 2, 2, 31, 31, 31, 31, 31, 31, 31, 28, 30, 30, 25, 25, 25, 2, 2, 2, 31, 31, 31, 31, 31, 28, 28, 28, 13, 25, 25, 25, 25, 25, 25, 2, 31, 31, 31, 28, 28, 28, 28, 28, 13, 13, 25, 25, 25, 25, 25, 25, 31, 28, 28, 28, 28, 28, 28, 13, 13, 13, 25, 25, 25, 25, 25, 25, 28, 28, 28, 28, 28, 28, 28, 13, 13, 13, 13, 25, 25, 25, 25, 25, 28, 28, 28, 28, 28, 28, 28, 13, 13, 13, 13, 25, 25, 25, 25, 25, 28, 28, 28, 28, 28, 28, 13, 13, 13, 13, 13, 13, 25, 25, 25, 25, 28, 28, 28, 28, 28, 28, 20, 20, 8, 8, 8, 21, 21, 21, 21, 21, 28, 28, 28, 28, 28, 28, 20, 20, 8, 8, 8, 21, 21, 21, 21, 21, 28, 28, 28, 28, 28, 28, 20, 20, 8, 8, 8, 21, 21, 21, 21, 21, 28, 28, 28, 28, 28, 28, 20, 20, 8, 8, 8, 21, 21, 21, 21, 21, 28, 28, 28, 28, 28, 28, 28, 20, 9, 9, 10, 10, 10, 10, 10, 10, 28, 28, 28, 28, 28, 28, 28, 20, 9, 9, 10, 10, 10, 10, 10, 10, 13, 13, 13, 13, 13, 13, 13, 13, 9, 9, 10, 10, 10, 10, 10, 10, 13, 13, 13, 13, 13, 13, 13, 13, 9, 9, 10, 10, 10, 10, 10, 10, 13, 13, 13, 13, 13, 13, 13, 13, 9, 9, 10, 10, 10, 10, 10, 10, 13, 13, 13, 13, 13, 13, 13, 13, 9, 9, 16, 10, 10, 10, 10, 10, 13, 13, 13, 13, 13, 13, 13, 13, 16, 16, 16, 16, 16, 16, 16, 10, 13, 13, 13, 13, 13, 13, 12, 12, 16, 16, 16, 16, 16, 16, 16, 16, 25, 25, 25, 25, 25, 25, 12, 12, 16, 16, 16, 16, 16, 16, 16, 16, 25, 25, 25, 25, 25, 25, 12, 12, 16, 16, 16, 16, 16, 16, 16, 16, 25, 25, 25, 25, 25, 25, 12, 12, 16, 16, 16, 16, 16, 16, 16, 16, 25, 25, 25, 25, 25, 25, 12, 12, 16, 16, 16, 16, 16, 16, 16, 16, 6, 6, 6, 6, 6, 6, 6, 29, 4, 4, 4, 4, 4, 4, 4, 4, 6, 6, 6, 6, 6, 6, 6, 6, 4, 4, 4, 4, 4, 4, 4, 4, 6, 6, 6, 6, 6, 6, 6, 6, 4, 4, 4, 4, 4, 4, 4, 4, 6, 6, 6, 6, 6, 6, 6, 6, 4, 4, 4, 4, 4, 4, 4, 4, 6, 6, 6, 6, 6, 6, 6, 6, 4, 4, 4, 4, 4, 4, 4, 4, 6, 6, 6, 6, 6, 6, 6, 6, 14, 14, 14, 14, 14, 14, 14, 14, 6, 6, 6, 6, 6, 6, 6, 5, 14, 14, 14, 14, 14, 14, 14, 14, 6, 6, 6, 6, 6, 6, 6, 5, 14, 14, 14, 14, 14, 14, 14, 14, 11, 11, 11, 11, 11, 11, 11, 5, 14, 14, 14, 14, 14, 14, 14, 14, 11, 11, 11, 11, 11, 11, 11, 5, 14, 14, 14, 14, 14, 14, 14, 14, 11, 11, 11, 11, 11, 11, 11, 11, 14, 14, 14, 14, 14, 14, 14, 14, 11, 11, 11, 11, 11, 11, 11, 11, 7, 7, 7, 7, 7, 7, 7, 7, 11, 11, 11, 11, 11, 11, 11, 11, 7, 7, 7, 7, 7, 7, 7, 7, 11, 11, 11, 11, 11, 11, 11, 11, 7, 7, 7, 7, 7, 7, 7, 7, 11, 11, 11, 11, 11, 11, 11, 11, 7, 7, 7, 7, 7, 7, 7, 7, 11, 11, 0, 11, 11, 11, 11, 11, 7, 7, 7, 7, 7, 7, 7, 7, 21, 21, 21, 21, 21, 21, 22, 22, 18, 18, 18, 4, 4, 4, 4, 4, 21, 21, 21, 21, 21, 21, 22, 22, 18, 18, 18, 4, 4, 4, 4, 4, 21, 21, 21, 21, 21, 21, 22, 22, 18, 18, 18, 4, 4, 4, 4, 4, 21, 21, 21, 21, 21, 21, 22, 22, 18, 18, 18, 4, 4, 4, 4, 4, 21, 21, 21, 21, 21, 21, 22, 22, 18, 18, 18, 4, 4, 4, 4, 4, 8, 21, 21, 21, 21, 21, 22, 22, 18, 18, 18, 4, 4, 4, 4, 4, 8, 8, 8, 8, 21, 21, 22, 22, 18, 18, 18, 4, 4, 4, 4, 4, 8, 8, 8, 8, 8, 8, 22, 33, 18, 18, 18, 4, 4, 4, 4, 4, 20, 20, 20, 32, 32, 32, 32, 17, 19, 29, 29, 29, 29, 29, 29, 29, 20, 20, 20, 32, 32, 32, 32, 32, 19, 19, 29, 29, 29, 29, 29, 6, 28, 28, 28, 28, 31, 31, 31, 31, 19, 19, 29, 29, 29, 29, 29, 6, 28, 28, 28, 28, 31, 31, 31, 26, 19, 19, 19, 29, 29, 29, 29, 6, 28, 28, 28, 31, 31, 31, 31, 26, 19, 19, 19, 29, 29, 29, 6, 6, 28, 28, 28, 31, 31, 31, 31, 26, 19, 19, 19, 19, 29, 29, 6, 6, 28, 28, 28, 31, 31, 31, 31, 26, 19, 19, 19, 19, 29, 29, 6, 6, 28, 28, 28, 31, 31, 31, 31, 26, 26, 19, 19, 19, 29, 6, 6, 6, 16, 16, 16, 3, 3, 3, 3, 3, 1, 1, 1, 7, 7, 7, 7, 7, 16, 16, 16, 3, 3, 3, 3, 3, 1, 1, 1, 7, 7, 7, 7, 7, 16, 16, 16, 3, 3, 3, 3, 3, 1, 1, 1, 7, 7, 7, 7, 7, 16, 16, 16, 3, 3, 3, 3, 3, 1, 1, 1, 7, 7, 7, 7, 7, 16, 16, 16, 3, 3, 3, 3, 3, 1, 1, 1, 7, 7, 7, 7, 7, 16, 16, 16, 3, 3, 3, 3, 3, 1, 1, 1, 7, 7, 7, 7, 7, 16, 16, 16, 3, 3, 3, 3, 3, 1, 1, 1, 7, 7, 7, 7, 7, 16, 16, 16, 3, 3, 3, 3, 3, 1, 1, 1, 7, 7, 7, 7, 7, 12, 12, 12, 12, 12, 2, 2, 2, 0, 0, 0, 0, 0, 0, 0, 0, 12, 12, 12, 25, 25, 2, 2, 2, 0, 0, 0, 0, 0, 0, 0, 0, 25, 25, 25, 25, 25, 2, 2, 2, 0, 0, 0, 0, 0, 0, 0, 0, 25, 25, 25, 25, 25, 2, 2, 2, 0, 0, 0, 0, 0, 0, 0, 0, 25, 25, 25, 25, 25, 2, 2, 2, 0, 0, 0, 0, 0, 0, 0, 0, 25, 25, 25, 25, 25, 2, 2, 2, 0, 0, 0, 0, 0, 0, 0, 0, 25, 25, 25, 25, 25, 2, 2, 2, 0, 0, 0, 0, 0, 0, 0, 0, 25, 25, 25, 25, 25, 2, 2, 2, 0, 0, 0, 0, 0, 0, 0, 0, 25, 25, 25, 25, 13, 13, 13, 13, 13, 13, 28, 28, 28, 28, 28, 28, 25, 25, 25, 25, 25, 13, 13, 13, 13, 28, 28, 28, 28, 28, 28, 28, 25, 25, 25, 25, 25, 13, 13, 13, 13, 28, 28, 28, 28, 28, 28, 28, 25, 25, 25, 25, 25, 25, 13, 13, 13, 28, 28, 28, 28, 28, 28, 31, 25, 25, 25, 25, 25, 25, 13, 13, 28, 28, 28, 28, 28, 31, 31, 31, 2, 25, 25, 25, 25, 25, 25, 13, 28, 28, 28, 31, 31, 31, 31, 31, 2, 2, 2, 25, 25, 25, 30, 30, 28, 31, 31, 31, 31, 31, 31, 31, 2, 2, 2, 2, 2, 2, 30, 30, 30, 31, 31, 31, 31, 31, 26, 26, 0, 0, 0, 0, 0, 0, 23, 23, 26, 26, 26, 26, 26, 26, 26, 26, 0, 0, 0, 0, 0, 0, 11, 11, 6, 6, 19, 19, 19, 19, 19, 19, 0, 0, 0, 0, 0, 0, 11, 11, 6, 6, 6, 6, 19, 19, 19, 19, 0, 0, 0, 0, 0, 11, 11, 11, 6, 6, 6, 6, 6, 19, 19, 19, 0, 0, 0, 0, 11, 11, 11, 11, 6, 6, 6, 6, 6, 6, 6, 29, 0, 0, 0, 11, 11, 11, 11, 11, 6, 6, 6, 6, 6, 6, 6, 6, 0, 0, 11, 11, 11, 11, 11, 11, 6, 6, 6, 6, 6, 6, 6, 6, 0, 11, 11, 11, 11, 11, 11, 11, 6, 6, 6, 6, 6, 6, 6, 6, 16, 16, 16, 16, 16, 10, 10, 10, 10, 10, 10, 10, 21, 21, 21, 21, 16, 16, 16, 16, 16, 16, 10, 10, 10, 10, 10, 10, 21, 21, 21, 21, 16, 16, 16, 16, 16, 16, 10, 10, 10, 10, 10, 21, 21, 21, 21, 21, 3, 16, 16, 16, 16, 16, 10, 10, 10, 10, 21, 21, 21, 21, 21, 21, 3, 3, 16, 16, 16, 16, 10, 10, 10, 10, 21, 21, 21, 21, 21, 21, 3, 3, 3, 3, 16, 16, 10, 10, 10, 21, 21, 21, 21, 21, 21, 21, 3, 3, 3, 3, 3, 3, 10, 10, 10, 21, 21, 21, 21, 21, 22, 22, 3, 3, 3, 3, 3, 3, 3, 10, 21, 21, 21, 22, 22, 22, 22, 22, 1, 1, 24, 24, 24, 24, 24, 15, 27, 27, 27, 27, 27, 27, 18, 18, 1, 1, 24, 24, 24, 24, 15, 15, 15, 27, 27, 27, 27, 27, 18, 18, 1, 1, 7, 24, 24, 15, 15, 15, 15, 15, 27, 27, 27, 4, 18, 18, 7, 7, 7, 7, 7, 15, 15, 15, 15, 15, 15, 4, 4, 4, 4, 4, 7, 7, 7, 7, 7, 15, 15, 15, 15, 15, 15, 4, 4, 4, 4, 4, 7, 7, 7, 7, 7, 7, 15, 15, 15, 15, 4, 4, 4, 4, 4, 4, 7, 7, 7, 7, 7, 14, 14, 14, 14, 14, 14, 4, 4, 4, 4, 4, 7, 7, 7, 7, 7, 14, 14, 14, 14, 14, 14, 4, 4, 4, 4, 4, 7, 7, 7, 7, 7, 7, 7, 7, 11, 11, 11, 11, 11, 0, 0, 0, 7, 7, 7, 7, 7, 7, 7, 7, 11, 11, 11, 11, 11, 11, 11, 11, 7, 7, 7, 7, 7, 7, 7, 7, 11, 11, 11, 11, 11, 11, 11, 11, 7, 7, 7, 7, 7, 7, 7, 7, 11, 11, 11, 11, 11, 11, 11, 11, 7, 7, 7, 7, 7, 7, 7, 7, 11, 11, 11, 11, 11, 11, 11, 11, 14, 14, 14, 14, 14, 14, 14, 14, 11, 11, 11, 11, 11, 11, 11, 11, 14, 14, 14, 14, 14, 14, 14, 14, 5, 11, 11, 11, 11, 11, 11, 11, 14, 14, 14, 14, 14, 14, 14, 14, 5, 11, 11, 11, 11, 11, 11, 11, 14, 14, 14, 14, 14, 14, 14, 14, 5, 6, 6, 6, 6, 6, 6, 6, 14, 14, 14, 14, 14, 14, 14, 14, 5, 6, 6, 6, 6, 6, 6, 6, 14, 14, 14, 14, 14, 14, 14, 14, 6, 6, 6, 6, 6, 6, 6, 6, 4, 4, 4, 4, 4, 4, 4, 4, 6, 6, 6, 6, 6, 6, 6, 6, 4, 4, 4, 4, 4, 4, 4, 4, 6, 6, 6, 6, 6, 6, 6, 6, 4, 4, 4, 4, 4, 4, 4, 4, 6, 6, 6, 6, 6, 6, 6, 6, 4, 4, 4, 4, 4, 4, 4, 4, 6, 6, 6, 6, 6, 6, 6, 6, 4, 4, 4, 4, 4, 4, 4, 4, 29, 6, 6, 6, 6, 6, 6, 6, 16, 16, 16, 16, 16, 16, 16, 16, 12, 12, 25, 25, 25, 25, 25, 25, 16, 16, 16, 16, 16, 16, 16, 16, 12, 12, 25, 25, 25, 25, 25, 25, 16, 16, 16, 16, 16, 16, 16, 16, 12, 12, 25, 25, 25, 25, 25, 25, 16, 16, 16, 16, 16, 16, 16, 16, 12, 12, 25, 25, 25, 25, 25, 25, 16, 16, 16, 16, 16, 16, 16, 16, 12, 12, 13, 13, 13, 13, 13, 13, 10, 16, 16, 16, 16, 16, 16, 16, 13, 13, 13, 13, 13, 13, 13, 13, 10, 10, 10, 10, 10, 16, 9, 9, 13, 13, 13, 13, 13, 13, 13, 13, 10, 10, 10, 10, 10, 10, 9, 9, 13, 13, 13, 13, 13, 13, 13, 13, 10, 10, 10, 10, 10, 10, 9, 9, 13, 13, 13, 13, 13, 13, 13, 13, 10, 10, 10, 10, 10, 10, 9, 9, 13, 13, 13, 13, 13, 13, 13, 13, 10, 10, 10, 10, 10, 10, 9, 9, 20, 28, 28, 28, 28, 28, 28, 28, 10, 10, 10, 10, 10, 10, 9, 9, 20, 28, 28, 28, 28, 28, 28, 28, 21, 21, 21, 21, 21, 8, 8, 8, 20, 20, 28, 28, 28, 28, 28, 28, 21, 21, 21, 21, 21, 8, 8, 8, 20, 20, 28, 28, 28, 28, 28, 28, 21, 21, 21, 21, 21, 8, 8, 8, 20, 20, 28, 28, 28, 28, 28, 28, 21, 21, 21, 21, 21, 8, 8, 8, 20, 20, 28, 28, 28, 28, 28, 28, 73, 67, 69, 1, 86, 65, 76, 69, 2, 0, 0, 0, 34, 0, 0, 0, 192, 0, 0, 0, 8, 0, 0, 0, 5, 5, 7, 6, 7, 5, 7, 7, 6, 6, 8, 5, 6, 6, 4, 6, 4, 6, 7, 5, 5, 4, 7, 6, 5, 4, 7, 6, 5, 4, 7, 4, 7, 3, 1, 7, 11, 23, 2, 2, 3, 24, 7, 0, 0, 23, 30, 25, 12, 3, 1, 2, 12, 16, 10, 24, 1, 5, 14, 15, 27, 18, 29, 6, 6, 11, 7, 14, 4, 4, 29, 19, 26, 23, 11, 5, 1, 24, 15, 14, 5, 11, 0, 9, 20, 32, 22, 21, 10, 10, 16, 12, 13, 20, 8, 8, 21, 27, 15, 24, 3, 16, 9, 6, 23, 0, 7, 5, 9, 16, 3, 2, 25, 13, 12, 25, 30, 28, 20, 9, 4, 5, 7, 15, 14, 7, 24, 10, 27, 4, 9, 10, 3, 12, 18, 33, 22, 32, 26, 19, 19, 29, 4, 27, 22, 33, 17, 17, 26, 6, 29, 18, 13, 28, 32, 8, 9, 22, 27, 10, 8, 8, 32, 17, 33, 18, 27, 21, 6, 26, 30, 2, 0, 11, 1, 3, 10, 15, 7, 2, 30, 13, 12, 19, 17, 32, 31, 30, 23, 6, 22, 18, 4, 15, 10, 21, 13, 30, 31, 32, 20, 19, 6, 4, 18, 23, 26, 31, 28, 13, 25, 2, 30, 26, 32, 28, 31, 26, 17, 22, 8, 20, 28, 18, 22, 17, 0, 0, 128, 191, 21, 73, 159, 61, 82, 237, 55, 61, 82, 237, 55, 61, 155, 78, 139, 62]
            }
        }

        over "thumb_dip_link"
        {
            over "collisions" (
                prepend apiSchemas = ["PhysxCookedDataAPI:convexHull"]
            )
            {
                uchar[] physxCookedData:convexHull:buffer = [9, 201, 3, 0, 187, 164, 176, 42, 186, 2, 110, 87, 212, 189, 22, 71, 210, 78, 88, 83, 1, 67, 86, 88, 77, 14, 0, 0, 0, 0, 0, 0, 0, 73, 67, 69, 1, 67, 76, 72, 76, 9, 0, 0, 0, 36, 0, 0, 0, 84, 128, 0, 0, 50, 0, 0, 0, 168, 0, 0, 0, 185, 245, 88, 189, 198, 36, 138, 189, 195, 112, 184, 59, 19, 172, 126, 189, 232, 216, 86, 189, 210, 199, 197, 59, 119, 187, 127, 189, 232, 216, 86, 189, 87, 20, 51, 188, 77, 14, 93, 189, 124, 24, 136, 189, 114, 7, 139, 188, 49, 202, 26, 189, 91, 122, 205, 187, 234, 155, 57, 60, 105, 123, 11, 189, 160, 52, 171, 188, 234, 155, 57, 60, 245, 174, 21, 189, 238, 99, 10, 188, 54, 185, 185, 188, 50, 223, 127, 189, 121, 120, 249, 188, 155, 244, 152, 188, 119, 187, 127, 189, 116, 68, 232, 188, 79, 23, 183, 59, 50, 223, 127, 189, 116, 68, 232, 188, 155, 244, 152, 188, 4, 57, 39, 189, 50, 242, 130, 187, 54, 185, 185, 188, 186, 211, 91, 189, 187, 182, 225, 188, 52, 134, 62, 60, 106, 75, 81, 189, 146, 40, 11, 188, 52, 134, 62, 60, 107, 29, 74, 189, 169, 67, 130, 189, 69, 92, 13, 60, 33, 224, 75, 189, 34, 91, 129, 189, 158, 108, 164, 188, 186, 211, 91, 189, 187, 182, 225, 188, 91, 46, 188, 188, 23, 49, 40, 189, 208, 182, 128, 187, 234, 155, 57, 60, 54, 55, 56, 189, 62, 230, 95, 187, 39, 166, 16, 60, 213, 206, 63, 189, 122, 108, 138, 187, 52, 134, 62, 60, 135, 32, 51, 189, 155, 167, 134, 189, 75, 95, 13, 60, 54, 55, 56, 189, 62, 230, 95, 187, 88, 182, 176, 188, 175, 104, 71, 189, 146, 61, 160, 187, 54, 185, 185, 188, 185, 245, 88, 189, 198, 36, 138, 189, 114, 7, 139, 188, 105, 123, 11, 189, 160, 52, 171, 188, 54, 185, 185, 188, 200, 34, 11, 189, 124, 24, 136, 189, 195, 112, 184, 59, 200, 34, 11, 189, 124, 24, 136, 189, 114, 7, 139, 188, 90, 93, 12, 189, 187, 182, 225, 188, 91, 46, 188, 188, 106, 75, 81, 189, 146, 40, 11, 188, 91, 46, 188, 188, 89, 186, 21, 189, 252, 76, 119, 189, 158, 108, 164, 188, 13, 164, 37, 189, 250, 238, 132, 189, 158, 108, 164, 188, 91, 59, 15, 189, 198, 36, 138, 189, 114, 7, 139, 188, 91, 59, 15, 189, 198, 36, 138, 189, 195, 112, 184, 59, 62, 143, 29, 189, 185, 2, 130, 189, 75, 95, 13, 60, 228, 102, 77, 189, 91, 122, 205, 187, 234, 155, 57, 60, 90, 93, 12, 189, 187, 182, 225, 188, 52, 134, 62, 60, 115, 5, 62, 189, 34, 223, 133, 189, 158, 108, 164, 188, 36, 70, 103, 60, 171, 149, 134, 60, 159, 240, 127, 63, 61, 35, 47, 188, 0, 0, 6, 15, 45, 29, 90, 191, 242, 249, 5, 191, 79, 105, 99, 60, 238, 225, 164, 189, 6, 0, 4, 6, 70, 252, 119, 63, 87, 107, 125, 62, 202, 56, 161, 60, 24, 99, 27, 61, 10, 0, 3, 2, 40, 70, 70, 191, 46, 24, 88, 190, 198, 168, 24, 191, 56, 13, 135, 189, 13, 0, 3, 4, 233, 254, 127, 191, 21, 79, 183, 187, 143, 27, 184, 58, 117, 52, 128, 189, 16, 0, 5, 23, 141, 114, 56, 63, 47, 119, 49, 63, 0, 7, 147, 188, 242, 41, 2, 61, 21, 0, 3, 0, 62, 14, 18, 191, 33, 164, 157, 61, 72, 82, 81, 63, 82, 173, 27, 189, 24, 0, 3, 26, 210, 104, 17, 191, 43, 222, 22, 60, 93, 174, 82, 63, 219, 5, 35, 189, 27, 0, 3, 26, 8, 248, 148, 190, 193, 100, 233, 189, 76, 46, 115, 63, 84, 34, 244, 188, 30, 0, 3, 6, 108, 255, 213, 190, 215, 92, 143, 190, 136, 62, 93, 63, 230, 247, 59, 189, 33, 0, 3, 6, 252, 205, 0, 191, 171, 185, 34, 190, 173, 118, 89, 191, 0, 135, 85, 189, 36, 0, 3, 4, 230, 252, 206, 190, 251, 210, 241, 189, 32, 48, 104, 191, 232, 136, 59, 189, 39, 0, 3, 4, 1, 33, 21, 189, 63, 97, 119, 63, 118, 107, 130, 62, 128, 87, 25, 186, 42, 0, 3, 30, 141, 7, 21, 63, 8, 38, 80, 63, 254, 183, 30, 59, 113, 195, 221, 60, 45, 0, 3, 22, 155, 52, 63, 190, 53, 35, 250, 190, 201, 49, 90, 63, 96, 36, 67, 189, 48, 0, 3, 10, 83, 145, 9, 62, 221, 173, 125, 63, 93, 173, 137, 186, 180, 89, 26, 60, 51, 0, 4, 0, 8, 216, 167, 189, 147, 105, 56, 63, 76, 81, 48, 191, 31, 190, 131, 188, 55, 0, 3, 19, 208, 243, 193, 190, 149, 235, 108, 63, 155, 213, 37, 59, 241, 16, 99, 188, 58, 0, 4, 30, 99, 248, 182, 190, 102, 248, 182, 190, 121, 230, 92, 191, 146, 64, 108, 189, 62, 0, 3, 4, 244, 4, 53, 191, 244, 4, 53, 191, 0, 0, 0, 0, 164, 99, 174, 189, 65, 0, 3, 4, 227, 255, 127, 63, 166, 50, 243, 58, 0, 0, 0, 0, 2, 164, 11, 61, 68, 0, 4, 2, 71, 232, 122, 63, 182, 48, 187, 188, 27, 226, 73, 190, 8, 227, 232, 60, 72, 0, 3, 8, 61, 228, 66, 62, 6, 235, 27, 61, 181, 33, 123, 191, 119, 41, 117, 188, 75, 0, 3, 11, 66, 7, 123, 63, 50, 212, 72, 62, 0, 0, 0, 0, 214, 143, 25, 61, 78, 0, 3, 2, 34, 200, 224, 190, 0, 0, 0, 0, 100, 2, 102, 191, 67, 12, 53, 189, 81, 0, 3, 34, 41, 159, 226, 190, 16, 153, 116, 61, 68, 12, 101, 191, 192, 190, 46, 189, 84, 0, 3, 34, 197, 76, 39, 188, 145, 208, 183, 61, 17, 244, 126, 191, 234, 112, 185, 188, 87, 0, 3, 19, 255, 88, 32, 60, 101, 38, 138, 60, 140, 243, 127, 191, 104, 151, 181, 188, 90, 0, 5, 11, 236, 81, 227, 61, 51, 213, 194, 189, 243, 63, 125, 191, 246, 120, 176, 188, 95, 0, 3, 12, 95, 245, 36, 63, 95, 203, 228, 189, 171, 170, 65, 191, 96, 16, 213, 58, 98, 0, 3, 8, 171, 24, 177, 62, 118, 92, 156, 190, 116, 30, 99, 191, 214, 87, 193, 188, 101, 0, 4, 33, 9, 5, 53, 63, 221, 4, 53, 191, 0, 0, 0, 0, 237, 42, 188, 188, 105, 0, 4, 33, 255, 207, 178, 62, 212, 207, 178, 190, 165, 152, 94, 63, 187, 7, 133, 188, 109, 0, 3, 21, 235, 112, 79, 62, 20, 216, 240, 190, 5, 224, 91, 63, 134, 128, 241, 188, 112, 0, 3, 21, 0, 0, 0, 0, 143, 156, 94, 191, 38, 211, 252, 62, 50, 163, 123, 189, 115, 0, 3, 10, 0, 0, 0, 0, 255, 255, 127, 191, 0, 0, 0, 0, 197, 36, 138, 189, 118, 0, 4, 17, 195, 4, 101, 190, 191, 4, 101, 62, 139, 219, 114, 63, 146, 109, 168, 188, 122, 0, 3, 29, 82, 140, 6, 191, 243, 196, 89, 63, 44, 88, 67, 60, 114, 81, 173, 188, 125, 0, 3, 30, 27, 141, 84, 191, 90, 164, 14, 63, 123, 183, 86, 188, 6, 159, 27, 189, 128, 0, 3, 24, 7, 151, 95, 191, 252, 86, 249, 62, 169, 64, 121, 187, 131, 182, 38, 189, 131, 0, 4, 24, 172, 17, 94, 191, 79, 115, 209, 62, 244, 247, 144, 62, 1, 207, 52, 189, 135, 0, 3, 25, 70, 190, 250, 62, 125, 81, 4, 190, 6, 188, 92, 63, 194, 106, 81, 59, 138, 0, 3, 27, 71, 232, 122, 63, 181, 48, 187, 188, 24, 226, 73, 62, 186, 52, 251, 60, 141, 0, 3, 9, 118, 84, 30, 62, 155, 204, 33, 61, 27, 184, 124, 63, 82, 224, 166, 187, 144, 0, 3, 15, 46, 81, 155, 187, 125, 6, 171, 189, 91, 26, 127, 63, 245, 184, 103, 188, 147, 0, 5, 10, 178, 112, 99, 61, 94, 183, 56, 191, 163, 172, 48, 191, 40, 96, 111, 189, 152, 0, 3, 18, 0, 0, 0, 0, 158, 100, 84, 191, 178, 234, 14, 191, 37, 4, 134, 189, 155, 0, 3, 16, 19, 101, 140, 190, 185, 94, 215, 190, 28, 99, 93, 191, 165, 211, 107, 189, 158, 0, 3, 16, 45, 223, 104, 189, 197, 157, 178, 189, 223, 155, 126, 191, 10, 215, 231, 188, 161, 0, 3, 16, 16, 215, 183, 58, 217, 251, 158, 189, 43, 58, 127, 191, 190, 189, 204, 188, 164, 0, 4, 18, 34, 4, 16, 18, 12, 11, 0, 1, 2, 3, 4, 5, 6, 2, 7, 3, 2, 1, 8, 9, 7, 10, 4, 6, 11, 12, 8, 11, 8, 1, 13, 11, 1, 13, 1, 0, 14, 3, 7, 14, 7, 15, 16, 17, 18, 16, 4, 10, 19, 13, 0, 20, 17, 16, 10, 20, 10, 21, 20, 21, 18, 17, 22, 3, 14, 22, 0, 3, 23, 5, 24, 25, 23, 25, 26, 23, 26, 6, 23, 6, 5, 9, 15, 7, 27, 15, 9, 27, 21, 10, 27, 10, 6, 26, 15, 28, 29, 26, 28, 26, 25, 28, 25, 30, 29, 31, 30, 25, 24, 31, 24, 32, 31, 32, 19, 31, 19, 0, 31, 0, 22, 30, 33, 12, 18, 33, 18, 21, 33, 21, 27, 27, 9, 8, 33, 33, 8, 12, 34, 32, 24, 34, 24, 5, 34, 5, 4, 11, 13, 19, 32, 34, 35, 29, 30, 35, 30, 22, 35, 22, 14, 35, 14, 15, 15, 26, 29, 35, 0, 43, 0, 13, 0, 12, 0, 36, 0, 6, 0, 44, 1, 9, 1, 4, 1, 3, 1, 19, 2, 43, 2, 23, 2, 5, 3, 4, 3, 10, 4, 7, 4, 39, 4, 24, 5, 13, 5, 27, 6, 40, 6, 7, 7, 8, 8, 44, 8, 9, 9, 14, 10, 18, 10, 11, 11, 24, 11, 48, 12, 15, 12, 17, 13, 15, 14, 44, 14, 34, 15, 17, 15, 16, 16, 26, 16, 17, 17, 37, 18, 19, 18, 47, 19, 35, 20, 23, 20, 42, 20, 31, 20, 21, 21, 29, 21, 22, 22, 27, 22, 23, 24, 25, 25, 27, 25, 39, 26, 38, 26, 27, 27, 49, 28, 30, 28, 49, 28, 29, 29, 30, 30, 31, 30, 45, 31, 35, 31, 32, 32, 41, 32, 33, 33, 44, 33, 34, 34, 35, 35, 46, 36, 40, 36, 37, 37, 38, 38, 39, 39, 40, 41, 44, 41, 42, 42, 43, 45, 49, 45, 46, 46, 47, 47, 48, 48, 49, 1, 9, 14, 1, 4, 7, 1, 3, 4, 1, 3, 10, 0, 2, 5, 2, 20, 23, 2, 5, 22, 3, 4, 10, 4, 6, 7, 4, 24, 25, 5, 13, 15, 0, 6, 7, 0, 6, 36, 8, 9, 14, 10, 11, 18, 11, 24, 25, 0, 12, 13, 12, 15, 17, 0, 12, 17, 14, 33, 34, 15, 16, 17, 16, 17, 26, 18, 19, 35, 20, 21, 22, 20, 31, 32, 20, 21, 29, 21, 22, 27, 25, 26, 27, 28, 29, 30, 28, 30, 45, 30, 31, 35, 31, 32, 33, 32, 33, 41, 36, 37, 38, 0, 41, 42, 45, 46, 47, 34, 0, 4, 0, 4, 0, 16, 0, 16, 0, 18, 0, 18, 0, 12, 0, 12, 0, 11, 0, 11, 0, 34, 0, 0, 0, 1, 0, 1, 0, 2, 0, 2, 0, 3, 0, 3, 0, 0, 0, 4, 0, 5, 0, 5, 0, 6, 0, 6, 0, 4, 0, 2, 0, 7, 0, 7, 0, 3, 0, 1, 0, 8, 0, 8, 0, 9, 0, 9, 0, 7, 0, 10, 0, 4, 0, 6, 0, 10, 0, 12, 0, 8, 0, 8, 0, 11, 0, 1, 0, 11, 0, 13, 0, 11, 0, 1, 0, 13, 0, 0, 0, 13, 0, 14, 0, 3, 0, 7, 0, 14, 0, 7, 0, 15, 0, 15, 0, 14, 0, 16, 0, 17, 0, 17, 0, 18, 0, 10, 0, 16, 0, 19, 0, 13, 0, 0, 0, 19, 0, 20, 0, 17, 0, 10, 0, 20, 0, 10, 0, 21, 0, 21, 0, 20, 0, 21, 0, 18, 0, 22, 0, 3, 0, 14, 0, 22, 0, 22, 0, 0, 0, 23, 0, 5, 0, 5, 0, 24, 0, 24, 0, 25, 0, 25, 0, 23, 0, 25, 0, 26, 0, 26, 0, 23, 0, 26, 0, 6, 0, 6, 0, 23, 0, 9, 0, 15, 0, 27, 0, 15, 0, 9, 0, 27, 0, 27, 0, 21, 0, 10, 0, 27, 0, 26, 0, 15, 0, 28, 0, 29, 0, 29, 0, 26, 0, 26, 0, 28, 0, 25, 0, 28, 0, 25, 0, 30, 0, 30, 0, 29, 0, 31, 0, 30, 0, 24, 0, 31, 0, 24, 0, 32, 0, 32, 0, 31, 0, 32, 0, 19, 0, 19, 0, 31, 0, 0, 0, 31, 0, 22, 0, 30, 0, 33, 0, 12, 0, 18, 0, 33, 0, 21, 0, 33, 0, 27, 0, 33, 0, 8, 0, 33, 0, 34, 0, 32, 0, 24, 0, 34, 0, 5, 0, 34, 0, 35, 0, 29, 0, 30, 0, 35, 0, 22, 0, 35, 0, 14, 0, 35, 0, 15, 0, 35, 0, 0, 0, 0, 0, 50, 223, 127, 189, 198, 36, 138, 189, 90, 46, 188, 188, 200, 34, 11, 189, 64, 230, 95, 187, 51, 134, 62, 60, 110, 91, 70, 56, 191, 190, 173, 51, 240, 107, 172, 179, 159, 8, 85, 178, 240, 107, 172, 179, 4, 21, 237, 51, 196, 66, 38, 178, 159, 8, 85, 178, 196, 66, 38, 178, 119, 186, 65, 52, 15, 167, 62, 189, 204, 250, 20, 189, 152, 22, 185, 187, 0, 0, 128, 63, 73, 67, 69, 1, 83, 85, 80, 77, 0, 0, 0, 0, 73, 67, 69, 1, 71, 65, 85, 83, 0, 0, 0, 0, 16, 0, 0, 0, 0, 6, 0, 0, 30, 30, 30, 30, 30, 30, 30, 30, 31, 31, 31, 31, 31, 31, 31, 31, 25, 25, 25, 25, 25, 25, 25, 25, 24, 24, 24, 24, 24, 24, 24, 24, 25, 25, 25, 25, 25, 25, 25, 25, 24, 24, 24, 24, 24, 24, 24, 24, 25, 25, 25, 25, 25, 25, 25, 25, 24, 24, 24, 24, 24, 24, 24, 24, 25, 25, 25, 25, 25, 25, 25, 25, 24, 24, 24, 24, 24, 24, 24, 24, 25, 25, 25, 25, 25, 25, 25, 25, 24, 24, 24, 24, 24, 24, 24, 24, 25, 25, 25, 25, 25, 25, 25, 25, 24, 24, 24, 24, 24, 24, 24, 24, 26, 26, 26, 26, 25, 25, 25, 25, 24, 24, 24, 24, 34, 34, 34, 34, 23, 23, 23, 23, 23, 23, 23, 23, 5, 5, 5, 5, 5, 5, 5, 5, 23, 23, 23, 23, 23, 23, 23, 23, 5, 5, 5, 5, 5, 5, 5, 5, 6, 6, 6, 6, 6, 6, 6, 6, 4, 4, 4, 4, 4, 4, 4, 4, 6, 6, 6, 6, 6, 6, 6, 6, 4, 4, 4, 4, 4, 4, 4, 4, 6, 6, 6, 6, 6, 6, 6, 6, 4, 4, 4, 4, 4, 4, 4, 4, 6, 6, 6, 6, 6, 6, 6, 6, 4, 4, 4, 4, 4, 4, 4, 4, 6, 6, 6, 6, 6, 6, 6, 6, 4, 4, 4, 4, 4, 4, 4, 4, 10, 10, 10, 10, 10, 10, 10, 10, 4, 4, 4, 4, 4, 4, 4, 4, 22, 22, 22, 22, 22, 22, 22, 22, 0, 0, 0, 0, 0, 0, 0, 0, 3, 3, 3, 3, 3, 3, 3, 3, 0, 0, 0, 0, 0, 0, 0, 0, 3, 3, 3, 3, 3, 3, 3, 3, 0, 0, 0, 0, 0, 0, 0, 0, 3, 3, 3, 3, 3, 3, 3, 3, 1, 1, 1, 1, 1, 1, 1, 1, 3, 3, 3, 3, 3, 3, 2, 2, 1, 1, 1, 1, 1, 1, 1, 1, 3, 3, 3, 2, 2, 2, 2, 2, 1, 1, 1, 1, 1, 1, 1, 1, 7, 7, 7, 7, 2, 2, 2, 2, 1, 1, 1, 1, 1, 1, 1, 1, 7, 7, 7, 7, 7, 7, 7, 2, 1, 1, 1, 1, 1, 1, 1, 1, 9, 9, 9, 9, 9, 9, 9, 9, 8, 8, 8, 8, 8, 8, 8, 8, 9, 9, 9, 9, 9, 9, 9, 9, 8, 8, 8, 8, 8, 8, 8, 8, 9, 9, 9, 9, 9, 9, 9, 9, 8, 8, 8, 8, 8, 8, 12, 12, 27, 27, 27, 27, 9, 9, 9, 9, 8, 8, 8, 12, 12, 12, 12, 12, 27, 27, 27, 27, 27, 27, 27, 27, 33, 33, 33, 33, 33, 33, 33, 33, 27, 27, 21, 21, 21, 21, 21, 21, 33, 33, 33, 33, 33, 33, 33, 33, 21, 21, 21, 21, 21, 21, 21, 21, 33, 33, 33, 33, 33, 33, 33, 33, 21, 21, 21, 21, 21, 21, 21, 21, 33, 33, 33, 33, 33, 33, 33, 33, 21, 21, 21, 21, 21, 21, 21, 10, 10, 10, 10, 10, 10, 10, 10, 10, 21, 21, 21, 21, 21, 21, 21, 10, 10, 10, 10, 10, 10, 10, 10, 10, 21, 21, 21, 21, 21, 21, 21, 20, 10, 10, 10, 10, 10, 10, 10, 10, 21, 21, 21, 21, 21, 21, 20, 20, 10, 10, 10, 10, 10, 10, 10, 10, 21, 21, 21, 21, 21, 21, 20, 20, 10, 10, 10, 10, 10, 10, 10, 10, 21, 21, 21, 21, 21, 21, 20, 20, 10, 10, 10, 10, 10, 10, 10, 10, 21, 21, 21, 21, 21, 20, 20, 20, 20, 10, 10, 10, 10, 10, 10, 10, 21, 21, 21, 21, 21, 20, 20, 20, 20, 10, 10, 10, 10, 10, 10, 10, 33, 33, 33, 18, 18, 17, 17, 17, 17, 16, 16, 16, 16, 4, 4, 4, 33, 33, 33, 18, 18, 18, 18, 17, 16, 16, 16, 16, 16, 4, 4, 4, 33, 33, 33, 18, 18, 18, 18, 18, 16, 16, 16, 16, 16, 4, 4, 4, 33, 33, 33, 18, 18, 18, 18, 18, 16, 16, 16, 16, 16, 4, 4, 4, 33, 33, 33, 18, 18, 18, 18, 18, 16, 16, 16, 16, 16, 4, 4, 4, 33, 33, 33, 18, 18, 18, 18, 18, 16, 16, 16, 16, 16, 4, 4, 4, 33, 33, 33, 18, 18, 18, 18, 18, 16, 16, 16, 16, 16, 4, 4, 4, 33, 33, 33, 18, 18, 18, 18, 18, 16, 16, 16, 16, 16, 4, 4, 4, 22, 22, 22, 22, 22, 22, 22, 35, 35, 30, 30, 30, 30, 30, 30, 30, 22, 22, 22, 22, 22, 22, 22, 35, 30, 30, 30, 30, 30, 30, 30, 30, 22, 22, 22, 22, 22, 22, 22, 22, 30, 30, 30, 30, 30, 30, 30, 30, 22, 22, 22, 22, 22, 22, 22, 22, 30, 30, 30, 30, 30, 30, 30, 30, 22, 22, 22, 22, 22, 22, 22, 22, 30, 30, 30, 30, 30, 30, 30, 30, 22, 22, 22, 22, 22, 22, 22, 22, 30, 30, 30, 30, 30, 30, 30, 30, 22, 22, 22, 22, 22, 22, 22, 22, 30, 30, 30, 30, 30, 30, 30, 30, 22, 22, 22, 22, 22, 22, 22, 22, 30, 30, 30, 30, 30, 30, 30, 30, 0, 0, 0, 0, 0, 0, 0, 0, 31, 31, 31, 31, 31, 31, 31, 31, 0, 0, 0, 0, 0, 0, 0, 0, 31, 31, 31, 31, 31, 31, 31, 31, 0, 0, 0, 0, 0, 0, 0, 0, 31, 31, 31, 31, 31, 31, 31, 31, 0, 0, 0, 0, 0, 0, 0, 0, 31, 31, 31, 31, 31, 31, 31, 31, 0, 0, 0, 0, 0, 0, 0, 0, 31, 31, 31, 31, 31, 31, 31, 31, 0, 0, 0, 0, 0, 0, 0, 0, 31, 31, 31, 31, 31, 31, 31, 31, 0, 0, 0, 0, 0, 0, 0, 19, 19, 31, 31, 31, 31, 31, 31, 31, 0, 0, 0, 0, 0, 0, 0, 19, 19, 31, 31, 31, 31, 31, 31, 31, 0, 0, 0, 1, 1, 1, 1, 1, 8, 8, 12, 12, 33, 33, 33, 33, 0, 0, 0, 0, 1, 1, 1, 1, 8, 12, 12, 12, 33, 33, 33, 33, 0, 0, 0, 0, 1, 1, 1, 1, 8, 12, 12, 33, 33, 33, 33, 33, 0, 0, 0, 0, 0, 1, 1, 1, 11, 12, 12, 33, 33, 33, 18, 18, 0, 0, 0, 0, 0, 13, 1, 1, 12, 12, 12, 33, 33, 18, 18, 18, 0, 0, 0, 0, 0, 13, 13, 11, 12, 12, 33, 18, 18, 18, 18, 18, 0, 0, 0, 19, 13, 13, 13, 11, 12, 12, 18, 18, 18, 18, 18, 18, 19, 19, 19, 19, 19, 19, 19, 11, 12, 18, 18, 18, 18, 18, 18, 18, 19, 19, 19, 19, 19, 19, 19, 34, 4, 16, 16, 16, 16, 16, 16, 16, 31, 31, 31, 19, 19, 32, 32, 34, 4, 4, 16, 16, 16, 16, 16, 16, 31, 31, 31, 31, 31, 32, 32, 34, 5, 4, 4, 16, 16, 16, 16, 16, 31, 31, 31, 31, 31, 24, 32, 34, 5, 4, 4, 4, 4, 16, 16, 16, 31, 31, 31, 31, 24, 24, 24, 34, 5, 4, 4, 4, 4, 4, 16, 16, 31, 31, 31, 24, 24, 24, 24, 34, 5, 4, 4, 4, 4, 4, 4, 4, 31, 31, 24, 24, 24, 24, 24, 34, 5, 5, 4, 4, 4, 4, 4, 4, 31, 24, 24, 24, 24, 24, 24, 34, 5, 5, 4, 4, 4, 4, 4, 4, 22, 3, 3, 3, 3, 3, 7, 7, 9, 9, 9, 27, 27, 27, 21, 21, 22, 3, 3, 3, 3, 3, 7, 7, 9, 9, 27, 27, 27, 21, 21, 21, 22, 22, 3, 3, 3, 3, 7, 7, 9, 9, 27, 27, 21, 21, 21, 21, 22, 22, 22, 3, 3, 3, 3, 7, 9, 27, 27, 27, 21, 21, 21, 21, 22, 22, 22, 22, 3, 14, 14, 15, 27, 27, 27, 21, 21, 21, 21, 21, 22, 22, 22, 22, 14, 14, 14, 15, 27, 27, 21, 21, 21, 21, 21, 21, 22, 22, 35, 35, 35, 35, 14, 15, 27, 27, 21, 21, 21, 21, 21, 21, 35, 35, 35, 35, 35, 35, 35, 15, 27, 21, 21, 21, 10, 10, 10, 10, 35, 35, 29, 29, 29, 29, 29, 26, 10, 10, 10, 10, 10, 10, 10, 10, 30, 30, 29, 29, 29, 29, 29, 26, 6, 10, 10, 10, 10, 10, 10, 10, 30, 30, 30, 30, 29, 29, 28, 26, 23, 6, 10, 10, 10, 10, 10, 10, 30, 30, 30, 30, 30, 25, 28, 26, 23, 6, 6, 10, 10, 10, 10, 10, 30, 30, 30, 30, 25, 25, 28, 26, 23, 6, 6, 6, 10, 10, 10, 10, 30, 30, 30, 25, 25, 25, 25, 26, 23, 6, 6, 6, 6, 10, 10, 10, 30, 30, 25, 25, 25, 25, 25, 26, 23, 6, 6, 6, 6, 6, 10, 10, 30, 25, 25, 25, 25, 25, 25, 26, 23, 23, 6, 6, 6, 6, 6, 10, 33, 33, 33, 33, 33, 33, 33, 33, 21, 21, 21, 21, 21, 21, 21, 21, 33, 33, 33, 33, 33, 33, 33, 33, 21, 21, 21, 21, 21, 21, 21, 21, 33, 33, 33, 33, 33, 33, 33, 33, 21, 21, 21, 21, 21, 21, 27, 27, 33, 33, 33, 33, 33, 33, 33, 33, 27, 27, 27, 27, 27, 27, 27, 27, 12, 12, 12, 12, 12, 8, 8, 8, 9, 9, 9, 9, 27, 27, 27, 27, 12, 12, 8, 8, 8, 8, 8, 8, 9, 9, 9, 9, 9, 9, 9, 9, 8, 8, 8, 8, 8, 8, 8, 8, 9, 9, 9, 9, 9, 9, 9, 9, 8, 8, 8, 8, 8, 8, 8, 8, 9, 9, 9, 9, 9, 9, 9, 9, 1, 1, 1, 1, 1, 1, 1, 1, 2, 7, 7, 7, 7, 7, 7, 7, 1, 1, 1, 1, 1, 1, 1, 1, 2, 2, 2, 2, 7, 7, 7, 7, 1, 1, 1, 1, 1, 1, 1, 1, 2, 2, 2, 2, 2, 3, 3, 3, 1, 1, 1, 1, 1, 1, 1, 1, 2, 2, 3, 3, 3, 3, 3, 3, 1, 1, 1, 1, 1, 1, 1, 1, 3, 3, 3, 3, 3, 3, 3, 3, 0, 0, 0, 0, 0, 0, 0, 0, 3, 3, 3, 3, 3, 3, 3, 3, 0, 0, 0, 0, 0, 0, 0, 0, 3, 3, 3, 3, 3, 3, 3, 3, 0, 0, 0, 0, 0, 0, 0, 0, 3, 3, 3, 3, 3, 22, 3, 3, 4, 4, 4, 4, 4, 4, 4, 4, 10, 10, 10, 10, 10, 10, 10, 10, 4, 4, 4, 4, 4, 4, 4, 4, 6, 6, 6, 6, 6, 6, 6, 6, 4, 4, 4, 4, 4, 4, 4, 4, 6, 6, 6, 6, 6, 6, 6, 6, 4, 4, 4, 4, 4, 4, 4, 4, 6, 6, 6, 6, 6, 6, 6, 6, 4, 4, 4, 4, 4, 4, 4, 4, 6, 6, 6, 6, 6, 6, 6, 6, 4, 4, 4, 4, 4, 4, 4, 4, 6, 6, 6, 6, 6, 6, 6, 6, 5, 5, 5, 5, 5, 5, 5, 5, 23, 23, 23, 23, 23, 23, 23, 23, 5, 5, 5, 5, 5, 5, 5, 5, 23, 23, 23, 23, 23, 23, 23, 23, 34, 34, 34, 34, 24, 24, 24, 24, 25, 25, 25, 25, 26, 26, 26, 26, 24, 24, 24, 24, 24, 24, 24, 24, 25, 25, 25, 25, 25, 25, 25, 25, 24, 24, 24, 24, 24, 24, 24, 24, 25, 25, 25, 25, 25, 25, 25, 25, 24, 24, 24, 24, 24, 24, 24, 24, 25, 25, 25, 25, 25, 25, 25, 25, 24, 24, 24, 24, 24, 24, 24, 24, 25, 25, 25, 25, 25, 25, 25, 25, 24, 24, 24, 24, 24, 24, 24, 24, 25, 25, 25, 25, 25, 25, 25, 25, 24, 24, 24, 24, 24, 24, 24, 24, 25, 25, 25, 25, 25, 25, 25, 25, 31, 31, 31, 31, 31, 31, 31, 31, 30, 30, 30, 30, 30, 30, 30, 30, 31, 31, 31, 31, 31, 31, 31, 19, 19, 0, 0, 0, 0, 0, 0, 0, 31, 31, 31, 31, 31, 31, 31, 19, 19, 0, 0, 0, 0, 0, 0, 0, 31, 31, 31, 31, 31, 31, 31, 31, 0, 0, 0, 0, 0, 0, 0, 0, 31, 31, 31, 31, 31, 31, 31, 31, 0, 0, 0, 0, 0, 0, 0, 0, 31, 31, 31, 31, 31, 31, 31, 31, 0, 0, 0, 0, 0, 0, 0, 0, 31, 31, 31, 31, 31, 31, 31, 31, 0, 0, 0, 0, 0, 0, 0, 0, 31, 31, 31, 31, 31, 31, 31, 31, 0, 0, 0, 0, 0, 0, 0, 0, 31, 31, 31, 31, 31, 31, 31, 31, 0, 0, 0, 0, 0, 0, 0, 0, 30, 30, 30, 30, 30, 30, 30, 30, 22, 22, 22, 22, 22, 22, 22, 22, 30, 30, 30, 30, 30, 30, 30, 30, 22, 22, 22, 22, 22, 22, 22, 22, 30, 30, 30, 30, 30, 30, 30, 30, 22, 22, 22, 22, 22, 22, 22, 22, 30, 30, 30, 30, 30, 30, 30, 30, 22, 22, 22, 22, 22, 22, 22, 22, 30, 30, 30, 30, 30, 30, 30, 30, 22, 22, 22, 22, 22, 22, 22, 22, 30, 30, 30, 30, 30, 30, 30, 30, 22, 22, 22, 22, 22, 22, 22, 22, 30, 30, 30, 30, 30, 30, 30, 30, 35, 22, 22, 22, 22, 22, 22, 22, 30, 30, 30, 30, 30, 30, 30, 35, 35, 22, 22, 22, 22, 22, 22, 22, 4, 4, 4, 16, 16, 16, 16, 16, 18, 18, 18, 18, 18, 33, 33, 33, 4, 4, 4, 16, 16, 16, 16, 16, 18, 18, 18, 18, 18, 33, 33, 33, 4, 4, 4, 16, 16, 16, 16, 16, 18, 18, 18, 18, 18, 33, 33, 33, 4, 4, 4, 16, 16, 16, 16, 16, 18, 18, 18, 18, 18, 33, 33, 33, 4, 4, 4, 16, 16, 16, 16, 16, 18, 18, 18, 18, 18, 33, 33, 33, 4, 4, 4, 16, 16, 16, 16, 16, 18, 18, 18, 18, 18, 33, 33, 33, 4, 4, 4, 16, 16, 16, 16, 16, 17, 18, 18, 18, 18, 33, 33, 33, 4, 4, 4, 16, 16, 16, 16, 17, 17, 17, 17, 18, 18, 33, 33, 33, 10, 10, 10, 10, 10, 10, 10, 20, 20, 20, 20, 21, 21, 21, 21, 21, 10, 10, 10, 10, 10, 10, 10, 20, 20, 20, 20, 21, 21, 21, 21, 21, 10, 10, 10, 10, 10, 10, 10, 10, 20, 20, 21, 21, 21, 21, 21, 21, 10, 10, 10, 10, 10, 10, 10, 10, 20, 20, 21, 21, 21, 21, 21, 21, 10, 10, 10, 10, 10, 10, 10, 10, 20, 20, 21, 21, 21, 21, 21, 21, 10, 10, 10, 10, 10, 10, 10, 10, 20, 21, 21, 21, 21, 21, 21, 21, 10, 10, 10, 10, 10, 10, 10, 10, 10, 21, 21, 21, 21, 21, 21, 21, 10, 10, 10, 10, 10, 10, 10, 10, 10, 21, 21, 21, 21, 21, 21, 21, 10, 6, 6, 6, 6, 6, 23, 23, 26, 25, 25, 25, 25, 25, 25, 30, 10, 10, 6, 6, 6, 6, 6, 23, 26, 25, 25, 25, 25, 25, 30, 30, 10, 10, 10, 6, 6, 6, 6, 23, 26, 25, 25, 25, 25, 30, 30, 30, 10, 10, 10, 10, 6, 6, 6, 23, 26, 28, 25, 25, 25, 30, 30, 30, 10, 10, 10, 10, 10, 6, 6, 23, 26, 28, 25, 30, 30, 30, 30, 30, 10, 10, 10, 10, 10, 10, 6, 23, 26, 28, 29, 29, 30, 30, 30, 30, 10, 10, 10, 10, 10, 10, 10, 6, 26, 29, 29, 29, 29, 29, 30, 30, 10, 10, 10, 10, 10, 10, 10, 10, 26, 29, 29, 29, 29, 29, 35, 35, 10, 10, 10, 10, 21, 21, 21, 27, 15, 35, 35, 35, 35, 35, 35, 35, 21, 21, 21, 21, 21, 21, 27, 27, 15, 14, 35, 35, 35, 35, 22, 22, 21, 21, 21, 21, 21, 21, 27, 27, 15, 14, 14, 14, 22, 22, 22, 22, 21, 21, 21, 21, 21, 27, 27, 27, 7, 14, 14, 3, 22, 22, 22, 22, 21, 21, 21, 21, 27, 27, 27, 9, 7, 3, 3, 3, 22, 22, 22, 22, 21, 21, 21, 21, 27, 27, 9, 9, 7, 7, 3, 3, 3, 22, 22, 22, 21, 21, 21, 27, 27, 27, 9, 9, 7, 7, 3, 3, 3, 3, 22, 22, 21, 21, 27, 27, 27, 9, 9, 9, 7, 7, 3, 3, 3, 3, 3, 22, 4, 4, 4, 4, 4, 4, 5, 5, 34, 24, 24, 24, 24, 24, 24, 31, 4, 4, 4, 4, 4, 4, 5, 5, 34, 24, 24, 24, 24, 24, 31, 31, 4, 4, 4, 4, 4, 4, 4, 5, 34, 24, 24, 24, 24, 31, 31, 31, 16, 16, 4, 4, 4, 4, 4, 5, 34, 24, 24, 24, 31, 31, 31, 31, 16, 16, 16, 4, 4, 4, 4, 5, 34, 32, 24, 31, 31, 31, 31, 31, 16, 16, 16, 16, 16, 4, 4, 5, 34, 32, 32, 31, 31, 31, 31, 31, 16, 16, 16, 16, 16, 16, 4, 4, 34, 32, 32, 19, 19, 31, 31, 31, 16, 16, 16, 16, 16, 16, 16, 4, 34, 19, 19, 19, 19, 19, 19, 19, 18, 18, 18, 18, 18, 18, 18, 12, 11, 19, 19, 19, 19, 19, 19, 19, 18, 18, 18, 18, 18, 18, 18, 12, 11, 13, 13, 13, 19, 0, 0, 0, 18, 18, 18, 18, 18, 33, 12, 12, 11, 13, 13, 0, 0, 0, 0, 0, 18, 18, 18, 33, 33, 12, 12, 12, 1, 1, 13, 0, 0, 0, 0, 0, 18, 18, 33, 33, 33, 12, 12, 11, 1, 1, 1, 0, 0, 0, 0, 0, 33, 33, 33, 33, 33, 12, 12, 8, 1, 1, 1, 1, 0, 0, 0, 0, 33, 33, 33, 33, 12, 12, 12, 8, 1, 1, 1, 1, 0, 0, 0, 0, 33, 33, 33, 33, 12, 12, 8, 8, 1, 1, 1, 1, 1, 0, 0, 0, 73, 67, 69, 1, 86, 65, 76, 69, 2, 0, 0, 0, 36, 0, 0, 0, 168, 0, 0, 0, 6, 0, 0, 0, 6, 5, 3, 5, 5, 5, 5, 5, 5, 4, 6, 5, 4, 4, 5, 6, 4, 3, 5, 4, 3, 5, 5, 4, 5, 5, 6, 5, 3, 4, 5, 5, 4, 5, 5, 5, 1, 13, 19, 31, 22, 3, 2, 8, 11, 13, 0, 3, 7, 1, 0, 22, 14, 7, 2, 16, 10, 6, 5, 34, 6, 23, 24, 34, 4, 4, 10, 26, 23, 5, 3, 14, 15, 9, 2, 9, 33, 12, 11, 1, 7, 15, 27, 8, 4, 16, 20, 21, 27, 6, 34, 13, 1, 8, 12, 11, 8, 33, 18, 11, 19, 0, 1, 3, 22, 35, 15, 7, 14, 35, 26, 27, 9, 7, 18, 17, 10, 4, 18, 20, 16, 12, 33, 21, 17, 16, 13, 32, 31, 0, 17, 21, 10, 20, 18, 33, 27, 10, 3, 0, 30, 35, 14, 5, 6, 26, 25, 25, 31, 32, 34, 5, 23, 26, 28, 30, 24, 23, 6, 15, 29, 28, 25, 15, 10, 21, 33, 9, 29, 25, 26, 26, 35, 30, 28, 29, 35, 22, 31, 25, 30, 0, 19, 32, 24, 31, 19, 34, 24, 12, 8, 27, 21, 18, 4, 5, 24, 32, 11, 29, 15, 14, 22, 30, 0, 0, 128, 191, 236, 38, 77, 60, 161, 227, 236, 59, 182, 187, 191, 60, 161, 227, 236, 59]
            }
        }

        over "base_link"
        {
            over "collisions" (
                prepend apiSchemas = ["PhysxCookedDataAPI:convexHull"]
            )
            {
                uchar[] physxCookedData:convexHull:buffer = [9, 195, 107, 158, 36, 9, 28, 250, 185, 137, 26, 10, 195, 192, 65, 207, 129, 78, 88, 83, 1, 67, 86, 88, 77, 14, 0, 0, 0, 0, 0, 0, 0, 73, 67, 69, 1, 67, 76, 72, 76, 9, 0, 0, 0, 45, 0, 0, 0, 103, 128, 0, 0, 60, 0, 0, 0, 206, 0, 0, 0, 125, 202, 33, 190, 0, 149, 133, 189, 102, 71, 141, 59, 125, 202, 33, 190, 96, 160, 133, 61, 65, 163, 141, 59, 109, 71, 162, 189, 131, 149, 201, 61, 0, 0, 0, 0, 14, 127, 133, 183, 147, 58, 225, 61, 150, 67, 75, 62, 43, 49, 47, 61, 185, 136, 207, 61, 150, 67, 75, 62, 101, 77, 177, 61, 7, 22, 198, 61, 0, 0, 0, 0, 109, 71, 162, 189, 131, 149, 201, 189, 0, 0, 0, 0, 176, 168, 173, 189, 49, 240, 199, 189, 143, 194, 117, 60, 223, 79, 77, 190, 206, 136, 82, 189, 147, 146, 249, 60, 14, 127, 133, 55, 147, 58, 225, 189, 150, 67, 75, 62, 223, 79, 77, 190, 175, 208, 135, 188, 188, 116, 147, 60, 223, 79, 77, 190, 177, 65, 145, 186, 1, 94, 192, 61, 223, 79, 77, 190, 227, 121, 31, 189, 23, 217, 206, 61, 82, 181, 29, 190, 78, 45, 134, 61, 116, 11, 61, 62, 131, 149, 201, 61, 109, 71, 162, 189, 0, 0, 0, 0, 217, 205, 204, 61, 0, 0, 0, 0, 0, 0, 0, 0, 147, 58, 225, 61, 33, 128, 5, 56, 150, 67, 75, 62, 131, 149, 201, 61, 109, 71, 162, 61, 0, 0, 0, 0, 195, 126, 207, 61, 78, 95, 47, 61, 150, 67, 75, 62, 228, 79, 47, 61, 74, 127, 207, 189, 150, 67, 75, 62, 101, 77, 177, 61, 7, 22, 198, 189, 0, 0, 0, 0, 179, 61, 159, 61, 112, 47, 159, 189, 150, 67, 75, 62, 223, 79, 77, 190, 206, 136, 82, 189, 161, 81, 181, 61, 82, 181, 29, 190, 78, 45, 134, 189, 116, 11, 61, 62, 223, 79, 77, 190, 227, 121, 31, 189, 188, 116, 147, 60, 163, 1, 60, 190, 172, 139, 32, 61, 138, 203, 113, 60, 163, 1, 60, 190, 231, 169, 78, 61, 102, 38, 2, 61, 92, 108, 159, 189, 17, 89, 159, 189, 82, 67, 75, 62, 147, 58, 225, 189, 33, 128, 5, 184, 150, 67, 75, 62, 179, 61, 159, 189, 112, 47, 159, 61, 150, 67, 75, 62, 43, 49, 47, 189, 185, 136, 207, 189, 150, 67, 75, 62, 228, 79, 47, 189, 74, 127, 207, 61, 150, 67, 75, 62, 14, 133, 207, 61, 96, 36, 47, 189, 150, 67, 75, 62, 231, 49, 159, 61, 146, 67, 159, 61, 150, 67, 75, 62, 7, 22, 198, 61, 101, 77, 177, 189, 143, 194, 117, 60, 7, 22, 198, 61, 101, 77, 177, 189, 0, 0, 0, 0, 119, 157, 189, 61, 119, 157, 189, 61, 143, 194, 117, 60, 223, 79, 77, 190, 23, 183, 209, 57, 220, 169, 239, 60, 163, 1, 60, 190, 153, 102, 58, 61, 15, 77, 175, 61, 121, 146, 36, 190, 0, 0, 0, 0, 121, 88, 56, 62, 58, 233, 29, 190, 0, 0, 0, 0, 149, 241, 63, 62, 7, 22, 198, 61, 101, 77, 177, 61, 0, 0, 0, 0, 144, 215, 35, 190, 235, 237, 133, 61, 6, 71, 41, 62, 0, 0, 0, 0, 217, 205, 204, 189, 0, 0, 0, 0, 0, 0, 0, 0, 217, 205, 204, 61, 0, 0, 0, 0, 164, 36, 28, 53, 130, 102, 129, 180, 0, 0, 128, 63, 147, 67, 75, 190, 0, 0, 14, 2, 164, 152, 96, 189, 75, 189, 175, 56, 104, 157, 127, 191, 116, 164, 142, 187, 14, 0, 3, 16, 201, 163, 74, 62, 96, 225, 122, 63, 105, 36, 171, 60, 8, 54, 229, 189, 17, 0, 3, 6, 156, 138, 194, 190, 245, 163, 107, 191, 76, 69, 187, 189, 90, 54, 247, 189, 20, 0, 3, 4, 75, 43, 200, 190, 175, 57, 104, 191, 235, 133, 31, 190, 140, 78, 246, 189, 23, 0, 3, 4, 154, 226, 95, 189, 0, 0, 0, 0, 8, 158, 127, 191, 221, 235, 141, 187, 26, 0, 3, 16, 48, 28, 19, 190, 46, 88, 125, 191, 197, 27, 82, 185, 107, 206, 222, 189, 29, 0, 3, 3, 118, 235, 156, 190, 231, 136, 167, 56, 34, 174, 115, 191, 148, 131, 53, 189, 32, 0, 3, 16, 201, 179, 104, 191, 18, 217, 156, 61, 11, 198, 209, 62, 183, 242, 97, 190, 35, 0, 3, 14, 154, 160, 127, 63, 181, 80, 162, 188, 93, 122, 77, 189, 136, 129, 204, 189, 38, 0, 3, 11, 148, 160, 127, 63, 174, 80, 162, 60, 2, 129, 77, 189, 131, 129, 204, 189, 41, 0, 3, 12, 228, 217, 122, 63, 88, 20, 75, 62, 90, 97, 181, 60, 120, 182, 229, 189, 44, 0, 3, 8, 42, 112, 14, 63, 220, 13, 83, 191, 82, 49, 212, 61, 192, 250, 2, 190, 47, 0, 3, 1, 92, 14, 75, 62, 199, 219, 122, 191, 156, 97, 172, 60, 38, 68, 229, 189, 50, 0, 3, 2, 153, 216, 91, 191, 7, 126, 185, 190, 3, 126, 185, 62, 234, 58, 100, 190, 53, 0, 3, 41, 1, 244, 189, 190, 211, 186, 109, 191, 0, 0, 0, 0, 208, 24, 250, 189, 56, 0, 3, 5, 169, 128, 180, 190, 184, 105, 111, 191, 78, 228, 7, 61, 170, 57, 249, 189, 59, 0, 3, 5, 82, 246, 156, 190, 0, 0, 0, 0, 98, 172, 115, 191, 229, 150, 53, 189, 62, 0, 3, 16, 188, 199, 13, 191, 229, 184, 22, 191, 227, 184, 22, 191, 112, 168, 252, 189, 65, 0, 3, 33, 155, 141, 229, 190, 115, 73, 172, 61, 2, 208, 99, 191, 183, 112, 148, 189, 68, 0, 3, 16, 44, 83, 59, 191, 88, 132, 17, 63, 82, 144, 192, 190, 198, 179, 26, 190, 71, 0, 3, 21, 83, 174, 67, 190, 71, 182, 161, 189, 205, 119, 122, 63, 233, 100, 92, 190, 74, 0, 3, 41, 114, 104, 67, 190, 189, 240, 161, 61, 158, 122, 122, 63, 36, 94, 92, 190, 77, 0, 3, 35, 238, 184, 97, 190, 128, 54, 168, 190, 177, 28, 107, 63, 217, 108, 102, 190, 80, 0, 3, 5, 133, 188, 159, 190, 151, 218, 114, 191, 35, 28, 86, 61, 179, 116, 245, 189, 83, 0, 3, 5, 58, 158, 74, 190, 127, 218, 122, 191, 247, 245, 208, 60, 108, 16, 231, 189, 86, 0, 3, 5, 35, 217, 96, 190, 226, 148, 166, 62, 95, 116, 107, 63, 105, 84, 102, 190, 89, 0, 3, 20, 32, 13, 75, 190, 65, 218, 122, 63, 250, 106, 181, 60, 156, 181, 229, 189, 92, 0, 3, 20, 146, 198, 122, 63, 44, 126, 76, 190, 164, 142, 186, 60, 152, 224, 229, 189, 95, 0, 5, 37, 69, 239, 82, 63, 152, 51, 14, 191, 68, 68, 229, 61, 33, 146, 4, 190, 100, 0, 3, 26, 241, 197, 31, 63, 126, 80, 70, 191, 250, 153, 208, 61, 190, 13, 4, 190, 103, 0, 3, 26, 60, 90, 221, 62, 189, 12, 102, 63, 50, 155, 152, 61, 206, 168, 254, 189, 106, 0, 3, 8, 71, 54, 14, 63, 75, 241, 82, 63, 187, 97, 228, 61, 55, 128, 4, 190, 109, 0, 3, 8, 114, 225, 82, 63, 6, 77, 14, 63, 6, 128, 228, 61, 254, 130, 4, 190, 112, 0, 3, 8, 0, 0, 128, 191, 0, 0, 0, 0, 0, 0, 0, 0, 223, 79, 77, 190, 115, 0, 7, 16, 92, 156, 113, 191, 183, 48, 169, 62, 208, 132, 252, 59, 87, 35, 66, 190, 122, 0, 4, 35, 38, 33, 108, 191, 196, 240, 164, 62, 92, 68, 90, 190, 75, 31, 55, 190, 126, 0, 3, 32, 11, 151, 100, 191, 148, 184, 126, 62, 125, 30, 192, 190, 156, 48, 44, 190, 129, 0, 3, 32, 54, 76, 103, 191, 90, 127, 128, 61, 203, 16, 217, 62, 180, 216, 98, 190, 132, 0, 3, 14, 162, 82, 97, 191, 63, 167, 105, 189, 57, 68, 241, 62, 16, 184, 103, 190, 135, 0, 3, 17, 215, 20, 120, 190, 67, 141, 46, 189, 76, 34, 120, 63, 116, 77, 96, 190, 138, 0, 3, 17, 179, 5, 120, 190, 184, 141, 46, 61, 59, 35, 120, 63, 208, 75, 96, 190, 141, 0, 3, 14, 109, 104, 64, 191, 187, 217, 251, 60, 80, 174, 40, 63, 146, 40, 117, 190, 144, 0, 3, 14, 109, 104, 64, 191, 187, 217, 251, 188, 80, 174, 40, 63, 146, 40, 117, 190, 147, 0, 3, 17, 209, 80, 52, 63, 209, 80, 52, 63, 200, 102, 180, 189, 53, 52, 4, 190, 150, 0, 3, 22, 94, 12, 102, 63, 243, 91, 221, 62, 161, 151, 152, 61, 27, 169, 254, 189, 153, 0, 3, 8, 161, 60, 121, 63, 91, 32, 104, 62, 249, 196, 224, 60, 122, 11, 233, 189, 156, 0, 3, 8, 243, 4, 53, 63, 243, 4, 53, 191, 0, 0, 0, 0, 70, 184, 4, 190, 159, 0, 3, 26, 22, 135, 1, 191, 85, 206, 92, 63, 101, 63, 232, 187, 35, 117, 11, 190, 162, 0, 3, 20, 28, 16, 65, 191, 209, 104, 39, 63, 39, 51, 118, 61, 26, 135, 49, 190, 165, 0, 3, 35, 2, 255, 105, 191, 217, 32, 186, 62, 57, 54, 56, 62, 36, 142, 76, 190, 168, 0, 3, 35, 224, 110, 108, 191, 130, 89, 131, 62, 42, 232, 145, 62, 243, 188, 88, 190, 171, 0, 3, 35, 5, 140, 161, 190, 105, 199, 113, 63, 147, 101, 188, 61, 40, 131, 2, 190, 174, 0, 3, 20, 144, 114, 155, 190, 34, 174, 115, 63, 229, 143, 43, 61, 249, 38, 241, 189, 177, 0, 3, 20, 19, 235, 198, 190, 149, 226, 107, 63, 116, 34, 186, 187, 204, 202, 248, 189, 180, 0, 3, 20, 180, 80, 162, 188, 152, 160, 127, 191, 7, 124, 77, 189, 134, 129, 204, 189, 183, 0, 3, 3, 122, 228, 26, 61, 156, 126, 127, 191, 140, 101, 77, 189, 85, 102, 204, 189, 186, 0, 3, 3, 175, 80, 162, 188, 150, 160, 127, 63, 89, 127, 77, 189, 133, 129, 204, 189, 189, 0, 3, 9, 127, 228, 26, 61, 162, 126, 127, 63, 54, 95, 77, 189, 90, 102, 204, 189, 192, 0, 3, 9, 0, 0, 0, 0, 0, 0, 0, 0, 0, 0, 128, 191, 0, 0, 0, 128, 195, 0, 11, 3, 31, 29, 28, 27, 30, 9, 19, 21, 32, 16, 18, 33, 4, 3, 0, 1, 2, 3, 4, 5, 6, 7, 8, 6, 8, 0, 6, 0, 2, 6, 9, 7, 10, 1, 0, 11, 12, 13, 14, 15, 16, 17, 16, 15, 17, 18, 16, 19, 20, 21, 19, 9, 20, 22, 23, 12, 22, 8, 7, 22, 7, 23, 24, 10, 0, 24, 0, 8, 25, 1, 10, 25, 26, 1, 27, 28, 23, 29, 13, 28, 30, 27, 23, 30, 23, 7, 30, 7, 9, 31, 13, 29, 31, 3, 2, 34, 35, 14, 16, 32, 34, 32, 21, 34, 21, 20, 36, 5, 4, 36, 4, 33, 36, 33, 18, 37, 10, 24, 8, 22, 12, 11, 37, 11, 38, 26, 37, 26, 25, 37, 25, 10, 39, 13, 12, 39, 12, 23, 40, 23, 28, 40, 28, 13, 40, 13, 39, 40, 39, 23, 41, 5, 36, 41, 36, 18, 41, 18, 17, 35, 34, 20, 42, 1, 26, 42, 26, 38, 42, 38, 11, 42, 11, 13, 42, 13, 31, 42, 31, 2, 42, 2, 1, 43, 9, 6, 43, 20, 9, 44, 2, 3, 44, 3, 5, 44, 5, 41, 17, 15, 14, 35, 20, 43, 6, 2, 0, 26, 0, 22, 0, 21, 0, 23, 0, 25, 0, 13, 0, 12, 0, 29, 0, 28, 0, 11, 0, 33, 0, 32, 0, 2, 0, 27, 1, 7, 1, 54, 1, 5, 2, 31, 2, 58, 3, 6, 3, 15, 3, 4, 4, 18, 4, 5, 5, 59, 6, 55, 6, 25, 7, 19, 7, 17, 8, 34, 8, 38, 8, 51, 9, 59, 9, 10, 9, 28, 10, 11, 10, 59, 11, 46, 12, 13, 12, 30, 13, 56, 14, 16, 14, 39, 14, 34, 15, 34, 15, 16, 16, 24, 17, 34, 17, 18, 18, 34, 19, 20, 19, 37, 20, 36, 20, 48, 21, 40, 21, 23, 22, 26, 22, 41, 23, 24, 24, 25, 26, 52, 27, 57, 27, 53, 28, 47, 28, 59, 28, 29, 29, 30, 30, 47, 31, 44, 31, 32, 32, 33, 33, 45, 34, 37, 34, 35, 35, 50, 35, 49, 35, 36, 36, 37, 38, 42, 38, 39, 39, 43, 40, 43, 40, 41, 41, 42, 42, 43, 44, 59, 44, 45, 45, 46, 46, 59, 47, 59, 48, 54, 48, 49, 49, 50, 50, 51, 51, 52, 52, 53, 53, 54, 55, 56, 55, 59, 56, 59, 57, 59, 57, 58, 58, 59, 1, 4, 5, 1, 7, 19, 1, 5, 27, 0, 2, 27, 0, 2, 31, 2, 31, 44, 3, 4, 5, 3, 6, 15, 3, 4, 15, 0, 6, 13, 7, 17, 19, 8, 34, 35, 8, 14, 34, 8, 22, 26, 9, 28, 59, 9, 10, 59, 0, 9, 10, 10, 11, 46, 0, 11, 33, 0, 12, 13, 12, 13, 30, 0, 12, 29, 14, 15, 16, 14, 16, 21, 17, 18, 34, 19, 20, 36, 20, 35, 36, 0, 21, 23, 0, 21, 22, 0, 22, 26, 0, 23, 24, 0, 26, 27, 0, 28, 29, 0, 32, 33, 28, 29, 30, 28, 47, 59, 31, 32, 33, 34, 35, 36, 35, 49, 50, 38, 39, 42, 40, 41, 42, 44, 45, 46, 48, 49, 50, 55, 56, 59, 57, 58, 59, 31, 0, 29, 0, 29, 0, 28, 0, 28, 0, 27, 0, 27, 0, 30, 0, 30, 0, 9, 0, 9, 0, 19, 0, 19, 0, 21, 0, 21, 0, 32, 0, 32, 0, 16, 0, 16, 0, 18, 0, 18, 0, 33, 0, 33, 0, 4, 0, 4, 0, 3, 0, 3, 0, 31, 0, 0, 0, 1, 0, 1, 0, 2, 0, 2, 0, 0, 0, 4, 0, 5, 0, 5, 0, 3, 0, 6, 0, 7, 0, 7, 0, 8, 0, 8, 0, 6, 0, 8, 0, 0, 0, 0, 0, 6, 0, 2, 0, 6, 0, 6, 0, 9, 0, 9, 0, 7, 0, 10, 0, 1, 0, 0, 0, 10, 0, 11, 0, 12, 0, 12, 0, 13, 0, 13, 0, 11, 0, 14, 0, 15, 0, 15, 0, 16, 0, 16, 0, 14, 0, 17, 0, 16, 0, 15, 0, 17, 0, 17, 0, 18, 0, 19, 0, 20, 0, 20, 0, 21, 0, 9, 0, 20, 0, 22, 0, 23, 0, 23, 0, 12, 0, 12, 0, 22, 0, 22, 0, 8, 0, 7, 0, 22, 0, 7, 0, 23, 0, 24, 0, 10, 0, 0, 0, 24, 0, 8, 0, 24, 0, 25, 0, 1, 0, 10, 0, 25, 0, 25, 0, 26, 0, 26, 0, 1, 0, 28, 0, 23, 0, 23, 0, 27, 0, 29, 0, 13, 0, 13, 0, 28, 0, 23, 0, 30, 0, 7, 0, 30, 0, 31, 0, 13, 0, 3, 0, 2, 0, 2, 0, 31, 0, 34, 0, 35, 0, 35, 0, 14, 0, 32, 0, 34, 0, 21, 0, 34, 0, 20, 0, 34, 0, 36, 0, 5, 0, 4, 0, 36, 0, 33, 0, 36, 0, 18, 0, 36, 0, 37, 0, 10, 0, 11, 0, 37, 0, 11, 0, 38, 0, 38, 0, 26, 0, 26, 0, 37, 0, 25, 0, 37, 0, 39, 0, 13, 0, 12, 0, 39, 0, 23, 0, 39, 0, 40, 0, 23, 0, 28, 0, 40, 0, 13, 0, 40, 0, 39, 0, 40, 0, 41, 0, 5, 0, 36, 0, 41, 0, 18, 0, 41, 0, 17, 0, 41, 0, 20, 0, 35, 0, 42, 0, 1, 0, 26, 0, 42, 0, 38, 0, 42, 0, 11, 0, 42, 0, 13, 0, 42, 0, 31, 0, 42, 0, 2, 0, 42, 0, 43, 0, 9, 0, 6, 0, 43, 0, 43, 0, 20, 0, 44, 0, 2, 0, 3, 0, 44, 0, 5, 0, 44, 0, 0, 0, 0, 0, 223, 79, 77, 190, 147, 58, 225, 189, 0, 0, 0, 0, 146, 58, 225, 61, 147, 58, 225, 61, 150, 67, 75, 62, 125, 34, 37, 60, 128, 198, 35, 57, 204, 11, 68, 181, 186, 126, 243, 55, 204, 11, 68, 181, 255, 146, 78, 57, 215, 129, 149, 52, 186, 126, 243, 55, 215, 129, 149, 52, 139, 108, 208, 56, 178, 196, 1, 189, 156, 96, 211, 185, 141, 35, 199, 61, 0, 0, 128, 63, 73, 67, 69, 1, 83, 85, 80, 77, 0, 0, 0, 0, 73, 67, 69, 1, 71, 65, 85, 83, 0, 0, 0, 0, 16, 0, 0, 0, 0, 6, 0, 0, 20, 20, 20, 20, 20, 20, 20, 20, 34, 21, 21, 21, 21, 21, 21, 21, 35, 35, 35, 35, 35, 35, 35, 35, 34, 21, 21, 21, 21, 21, 21, 21, 35, 35, 35, 35, 35, 35, 35, 35, 34, 21, 21, 21, 21, 21, 21, 21, 35, 35, 35, 35, 35, 35, 35, 35, 34, 32, 32, 32, 32, 32, 32, 32, 35, 35, 35, 35, 35, 35, 35, 35, 34, 32, 32, 32, 32, 32, 32, 32, 35, 35, 35, 35, 35, 35, 35, 35, 32, 32, 32, 32, 32, 32, 32, 32, 14, 14, 14, 14, 14, 14, 14, 14, 16, 16, 16, 16, 16, 16, 16, 16, 14, 14, 14, 14, 14, 14, 14, 14, 16, 16, 16, 16, 16, 16, 16, 16, 17, 17, 17, 17, 17, 17, 17, 17, 16, 16, 16, 16, 16, 16, 16, 16, 17, 17, 17, 17, 17, 17, 17, 17, 16, 16, 16, 16, 16, 16, 16, 16, 41, 41, 41, 41, 41, 41, 41, 41, 18, 18, 18, 18, 18, 18, 18, 18, 41, 41, 41, 41, 41, 41, 41, 41, 41, 18, 18, 18, 18, 18, 18, 18, 41, 41, 41, 41, 41, 41, 41, 41, 36, 18, 18, 18, 18, 18, 18, 18, 41, 41, 41, 41, 41, 41, 41, 41, 36, 33, 33, 33, 33, 33, 33, 33, 41, 41, 41, 41, 41, 41, 41, 36, 36, 33, 33, 33, 33, 33, 33, 33, 41, 41, 41, 41, 41, 41, 41, 36, 36, 33, 33, 33, 33, 33, 33, 33, 24, 8, 8, 8, 8, 8, 8, 8, 22, 22, 22, 23, 23, 23, 23, 23, 24, 8, 8, 8, 8, 8, 8, 8, 22, 22, 22, 23, 23, 23, 23, 23, 24, 24, 8, 8, 8, 8, 8, 8, 22, 22, 22, 23, 23, 23, 23, 23, 24, 24, 24, 8, 8, 8, 8, 8, 22, 22, 22, 23, 23, 23, 23, 23, 24, 24, 24, 24, 8, 8, 8, 8, 22, 22, 22, 23, 23, 23, 23, 23, 24, 24, 24, 24, 24, 8, 8, 8, 22, 22, 22, 23, 23, 23, 23, 23, 24, 24, 24, 24, 24, 24, 8, 8, 22, 22, 12, 12, 23, 23, 23, 23, 24, 24, 24, 24, 24, 24, 24, 8, 22, 12, 12, 12, 23, 23, 23, 23, 10, 10, 10, 10, 10, 10, 10, 37, 11, 11, 11, 12, 13, 13, 13, 13, 10, 10, 10, 10, 10, 10, 37, 37, 11, 11, 11, 13, 13, 13, 13, 13, 25, 25, 25, 25, 25, 25, 37, 37, 11, 11, 13, 13, 13, 13, 13, 13, 25, 25, 25, 25, 25, 25, 26, 26, 38, 42, 13, 13, 13, 13, 13, 13, 1, 25, 25, 25, 25, 26, 26, 26, 38, 42, 13, 13, 13, 13, 13, 13, 1, 1, 1, 25, 26, 26, 26, 26, 26, 42, 13, 13, 13, 13, 13, 13, 1, 1, 1, 1, 1, 26, 26, 26, 26, 42, 13, 13, 13, 13, 13, 13, 1, 1, 1, 1, 1, 26, 26, 26, 42, 42, 13, 13, 13, 13, 13, 13, 1, 1, 1, 1, 2, 2, 2, 2, 5, 5, 5, 5, 5, 5, 5, 5, 1, 1, 1, 1, 2, 2, 2, 2, 5, 5, 5, 5, 5, 5, 5, 5, 1, 1, 1, 1, 1, 2, 2, 2, 5, 5, 5, 5, 5, 5, 5, 5, 1, 1, 1, 1, 1, 2, 2, 2, 5, 5, 5, 5, 5, 5, 5, 5, 1, 1, 1, 1, 1, 2, 2, 2, 5, 5, 5, 5, 5, 5, 5, 5, 26, 1, 1, 1, 1, 2, 2, 2, 5, 5, 5, 5, 5, 5, 5, 5, 26, 26, 1, 1, 1, 2, 2, 2, 5, 5, 5, 5, 5, 5, 5, 5, 26, 26, 26, 1, 1, 2, 2, 2, 5, 5, 5, 5, 5, 5, 36, 36, 42, 42, 42, 42, 42, 42, 3, 3, 3, 3, 4, 5, 36, 36, 36, 36, 42, 42, 42, 13, 13, 31, 3, 3, 3, 3, 4, 4, 4, 33, 33, 33, 13, 13, 13, 13, 13, 31, 3, 3, 3, 3, 4, 4, 4, 33, 33, 33, 13, 13, 13, 13, 13, 31, 3, 3, 3, 3, 4, 4, 4, 33, 33, 33, 13, 13, 13, 13, 13, 31, 3, 3, 3, 3, 4, 4, 4, 33, 33, 33, 13, 13, 13, 13, 13, 31, 3, 3, 3, 3, 4, 4, 4, 33, 33, 33, 13, 13, 13, 13, 13, 31, 3, 3, 3, 3, 4, 4, 4, 33, 33, 33, 13, 13, 13, 13, 13, 31, 3, 3, 3, 3, 4, 4, 4, 33, 33, 33, 24, 0, 0, 0, 6, 6, 6, 6, 20, 20, 20, 20, 20, 20, 20, 20, 8, 8, 0, 0, 6, 6, 6, 6, 20, 20, 20, 20, 20, 20, 20, 20, 8, 8, 0, 0, 0, 6, 6, 6, 20, 20, 20, 20, 20, 20, 20, 20, 8, 8, 8, 0, 0, 6, 6, 6, 20, 20, 20, 20, 20, 20, 20, 20, 8, 8, 8, 0, 0, 6, 6, 6, 20, 20, 20, 20, 20, 20, 20, 20, 8, 8, 8, 8, 0, 6, 6, 6, 20, 20, 20, 20, 20, 20, 20, 20, 8, 8, 8, 8, 8, 6, 6, 6, 20, 20, 20, 20, 20, 20, 20, 20, 8, 8, 8, 8, 8, 7, 6, 6, 20, 20, 20, 20, 20, 20, 20, 20, 22, 22, 22, 22, 22, 23, 9, 9, 9, 9, 19, 20, 20, 20, 20, 34, 22, 22, 22, 23, 23, 30, 9, 9, 9, 9, 19, 19, 19, 21, 21, 21, 22, 23, 23, 23, 23, 30, 9, 9, 9, 9, 19, 19, 19, 21, 21, 21, 23, 23, 23, 23, 23, 30, 9, 9, 9, 9, 19, 19, 19, 21, 21, 21, 23, 23, 23, 23, 23, 30, 9, 9, 9, 9, 19, 19, 19, 21, 21, 21, 23, 23, 23, 23, 23, 30, 9, 9, 9, 9, 19, 19, 19, 21, 21, 21, 23, 23, 23, 23, 23, 30, 9, 9, 9, 9, 19, 19, 19, 21, 21, 21, 23, 23, 23, 23, 23, 30, 9, 9, 9, 9, 19, 19, 19, 21, 21, 21, 23, 23, 23, 23, 23, 23, 23, 23, 13, 13, 13, 13, 13, 13, 13, 13, 23, 23, 23, 23, 23, 23, 23, 23, 13, 13, 13, 13, 13, 13, 13, 13, 23, 23, 23, 23, 23, 23, 23, 23, 13, 13, 13, 13, 13, 13, 13, 13, 23, 23, 23, 23, 23, 23, 23, 23, 13, 13, 13, 13, 13, 13, 13, 13, 23, 23, 23, 23, 23, 23, 23, 23, 13, 13, 13, 13, 13, 13, 13, 13, 30, 30, 30, 23, 23, 23, 23, 23, 13, 13, 13, 13, 13, 31, 31, 31, 9, 30, 30, 30, 30, 30, 27, 28, 28, 29, 31, 31, 31, 31, 31, 3, 9, 9, 9, 9, 9, 9, 30, 27, 29, 31, 3, 3, 3, 3, 3, 3, 9, 9, 9, 9, 9, 9, 19, 21, 33, 4, 3, 3, 3, 3, 3, 3, 9, 19, 19, 19, 19, 19, 21, 32, 18, 33, 4, 4, 4, 4, 4, 3, 19, 19, 19, 19, 21, 21, 32, 16, 16, 18, 33, 33, 4, 4, 4, 4, 19, 19, 19, 21, 21, 21, 32, 16, 16, 18, 33, 33, 33, 4, 4, 4, 19, 21, 21, 21, 21, 32, 32, 16, 16, 18, 18, 33, 33, 33, 33, 4, 21, 21, 21, 21, 32, 32, 32, 16, 16, 18, 18, 18, 33, 33, 33, 33, 21, 21, 21, 21, 32, 32, 32, 16, 16, 18, 18, 18, 33, 33, 33, 33, 21, 21, 21, 32, 32, 32, 16, 16, 16, 16, 18, 18, 18, 33, 33, 33, 24, 24, 24, 24, 24, 24, 24, 24, 10, 10, 25, 25, 1, 1, 1, 1, 0, 24, 24, 24, 24, 24, 24, 24, 10, 10, 25, 1, 1, 1, 1, 1, 0, 0, 0, 24, 24, 24, 24, 24, 10, 25, 1, 1, 1, 1, 1, 1, 0, 0, 0, 0, 0, 24, 24, 24, 10, 1, 1, 1, 1, 1, 1, 1, 6, 0, 0, 0, 0, 0, 24, 24, 10, 1, 1, 1, 1, 1, 1, 2, 6, 6, 6, 0, 0, 0, 0, 0, 1, 1, 1, 1, 1, 2, 2, 2, 6, 6, 6, 6, 6, 0, 0, 0, 1, 1, 1, 2, 2, 2, 2, 2, 6, 6, 6, 6, 6, 6, 6, 6, 2, 2, 2, 2, 2, 2, 2, 2, 20, 20, 20, 20, 20, 20, 20, 35, 5, 5, 5, 5, 5, 5, 5, 5, 20, 20, 20, 20, 20, 20, 20, 35, 41, 5, 5, 5, 5, 5, 5, 5, 20, 20, 20, 20, 20, 20, 35, 14, 17, 41, 5, 5, 5, 5, 5, 5, 20, 20, 20, 20, 20, 35, 35, 14, 17, 41, 41, 5, 5, 5, 5, 5, 20, 20, 20, 20, 35, 35, 35, 14, 17, 41, 41, 41, 5, 5, 5, 5, 20, 20, 20, 35, 35, 35, 35, 14, 17, 41, 41, 41, 41, 5, 5, 5, 20, 20, 35, 35, 35, 35, 14, 14, 17, 17, 41, 41, 41, 41, 5, 5, 20, 35, 35, 35, 35, 35, 14, 14, 17, 17, 41, 41, 41, 41, 41, 5, 13, 13, 13, 13, 13, 13, 42, 42, 26, 26, 26, 1, 1, 1, 1, 1, 13, 13, 13, 13, 13, 13, 42, 26, 26, 26, 26, 1, 1, 1, 1, 1, 13, 13, 13, 13, 13, 13, 42, 26, 26, 26, 26, 26, 25, 1, 1, 1, 13, 13, 13, 13, 13, 13, 42, 38, 26, 26, 26, 25, 25, 25, 25, 1, 13, 13, 13, 13, 13, 13, 42, 38, 26, 26, 25, 25, 25, 25, 25, 25, 13, 13, 13, 13, 13, 13, 11, 11, 37, 37, 25, 25, 25, 25, 25, 25, 13, 13, 13, 13, 13, 11, 11, 11, 37, 37, 10, 10, 10, 10, 10, 10, 13, 13, 13, 13, 12, 11, 11, 11, 37, 10, 10, 10, 10, 10, 10, 10, 23, 23, 23, 23, 12, 12, 12, 12, 24, 24, 24, 24, 24, 24, 24, 24, 23, 23, 23, 23, 12, 12, 12, 22, 8, 24, 24, 24, 24, 24, 24, 24, 23, 23, 23, 23, 23, 12, 22, 22, 8, 8, 8, 24, 24, 24, 24, 24, 23, 23, 23, 23, 23, 22, 22, 22, 8, 8, 8, 24, 24, 24, 24, 24, 23, 23, 23, 23, 23, 22, 22, 22, 8, 8, 8, 8, 24, 24, 24, 24, 23, 23, 23, 23, 23, 22, 22, 22, 8, 8, 8, 8, 8, 24, 24, 24, 23, 23, 23, 23, 23, 22, 22, 22, 8, 8, 8, 8, 8, 8, 24, 24, 23, 23, 23, 23, 23, 22, 22, 22, 8, 8, 8, 8, 8, 8, 8, 24, 33, 33, 33, 33, 33, 33, 33, 36, 36, 5, 5, 5, 5, 5, 5, 5, 33, 33, 33, 33, 33, 33, 33, 36, 36, 41, 41, 41, 41, 41, 41, 41, 33, 33, 33, 33, 33, 33, 33, 36, 41, 41, 41, 41, 41, 41, 41, 41, 18, 18, 18, 18, 18, 18, 18, 36, 41, 41, 41, 41, 41, 41, 41, 41, 18, 18, 18, 18, 18, 18, 18, 41, 41, 41, 41, 41, 41, 41, 41, 41, 18, 18, 18, 18, 18, 18, 18, 18, 41, 41, 41, 41, 41, 41, 41, 41, 16, 16, 16, 16, 16, 16, 16, 16, 17, 17, 17, 17, 17, 17, 17, 17, 16, 16, 16, 16, 16, 16, 16, 16, 17, 17, 17, 17, 17, 17, 17, 17, 16, 16, 16, 16, 16, 16, 16, 16, 14, 14, 14, 14, 14, 14, 14, 14, 16, 16, 16, 16, 16, 16, 16, 16, 14, 14, 14, 14, 14, 14, 14, 14, 32, 32, 32, 32, 32, 32, 32, 32, 35, 35, 35, 35, 35, 35, 35, 35, 32, 32, 32, 32, 32, 32, 32, 34, 35, 35, 35, 35, 35, 35, 35, 35, 32, 32, 32, 32, 32, 32, 32, 34, 35, 35, 35, 35, 35, 35, 35, 35, 21, 21, 21, 21, 21, 21, 21, 34, 35, 35, 35, 35, 35, 35, 35, 35, 21, 21, 21, 21, 21, 21, 21, 34, 35, 35, 35, 35, 35, 35, 35, 35, 21, 21, 21, 21, 21, 21, 21, 34, 35, 35, 35, 35, 35, 35, 35, 35, 21, 21, 21, 19, 19, 19, 9, 9, 9, 9, 30, 23, 23, 23, 23, 23, 21, 21, 21, 19, 19, 19, 9, 9, 9, 9, 30, 23, 23, 23, 23, 23, 21, 21, 21, 19, 19, 19, 9, 9, 9, 9, 30, 23, 23, 23, 23, 23, 21, 21, 21, 19, 19, 19, 9, 9, 9, 9, 30, 23, 23, 23, 23, 23, 21, 21, 21, 19, 19, 19, 9, 9, 9, 9, 30, 23, 23, 23, 23, 23, 21, 21, 21, 19, 19, 19, 9, 9, 9, 9, 30, 23, 23, 23, 23, 22, 21, 21, 21, 19, 19, 19, 9, 9, 9, 9, 30, 23, 23, 22, 22, 22, 34, 20, 20, 20, 20, 19, 9, 9, 9, 9, 23, 22, 22, 22, 22, 22, 35, 20, 20, 20, 20, 20, 20, 20, 6, 6, 7, 8, 8, 8, 8, 8, 35, 20, 20, 20, 20, 20, 20, 20, 6, 6, 6, 8, 8, 8, 8, 8, 35, 20, 20, 20, 20, 20, 20, 20, 6, 6, 6, 0, 8, 8, 8, 8, 35, 20, 20, 20, 20, 20, 20, 20, 6, 6, 6, 0, 0, 8, 8, 8, 35, 20, 20, 20, 20, 20, 20, 20, 6, 6, 6, 0, 0, 8, 8, 8, 35, 20, 20, 20, 20, 20, 20, 20, 6, 6, 6, 0, 0, 0, 8, 8, 35, 20, 20, 20, 20, 20, 20, 20, 6, 6, 6, 6, 0, 0, 8, 8, 35, 20, 20, 20, 20, 20, 20, 20, 6, 6, 6, 6, 0, 0, 0, 8, 33, 33, 33, 4, 4, 4, 3, 3, 3, 3, 31, 13, 13, 13, 13, 13, 33, 33, 33, 4, 4, 4, 3, 3, 3, 3, 31, 13, 13, 13, 13, 13, 33, 33, 33, 4, 4, 4, 3, 3, 3, 3, 31, 13, 13, 13, 13, 13, 33, 33, 33, 4, 4, 4, 3, 3, 3, 3, 31, 13, 13, 13, 13, 13, 33, 33, 33, 4, 4, 4, 3, 3, 3, 3, 31, 13, 13, 13, 13, 13, 33, 33, 33, 4, 4, 4, 3, 3, 3, 3, 31, 13, 13, 13, 13, 13, 33, 33, 33, 4, 4, 4, 3, 3, 3, 3, 31, 13, 13, 42, 42, 42, 36, 36, 36, 36, 5, 4, 3, 3, 3, 3, 42, 42, 42, 42, 42, 42, 36, 36, 5, 5, 5, 5, 5, 5, 2, 2, 2, 1, 1, 26, 26, 26, 5, 5, 5, 5, 5, 5, 5, 5, 2, 2, 2, 1, 1, 1, 26, 26, 5, 5, 5, 5, 5, 5, 5, 5, 2, 2, 2, 1, 1, 1, 1, 26, 5, 5, 5, 5, 5, 5, 5, 5, 2, 2, 2, 1, 1, 1, 1, 1, 5, 5, 5, 5, 5, 5, 5, 5, 2, 2, 2, 1, 1, 1, 1, 1, 5, 5, 5, 5, 5, 5, 5, 5, 2, 2, 2, 1, 1, 1, 1, 1, 5, 5, 5, 5, 5, 5, 5, 5, 2, 2, 2, 2, 1, 1, 1, 1, 5, 5, 5, 5, 5, 5, 5, 5, 2, 2, 2, 2, 1, 1, 1, 1, 5, 41, 41, 41, 41, 41, 17, 17, 14, 14, 35, 35, 35, 35, 35, 35, 5, 41, 41, 41, 41, 41, 17, 17, 14, 14, 35, 35, 35, 35, 35, 20, 5, 5, 41, 41, 41, 41, 41, 17, 14, 35, 35, 35, 35, 35, 20, 20, 5, 5, 5, 41, 41, 41, 41, 17, 14, 35, 35, 35, 35, 20, 20, 20, 5, 5, 5, 5, 41, 41, 41, 17, 14, 35, 35, 35, 20, 20, 20, 20, 5, 5, 5, 5, 5, 41, 41, 17, 14, 35, 35, 20, 20, 20, 20, 20, 5, 5, 5, 5, 5, 5, 41, 41, 35, 35, 20, 20, 20, 20, 20, 20, 5, 5, 5, 5, 5, 5, 5, 41, 20, 20, 20, 20, 20, 20, 20, 20, 2, 2, 2, 2, 2, 2, 2, 2, 6, 6, 6, 6, 6, 6, 6, 6, 2, 2, 2, 2, 2, 1, 1, 1, 0, 0, 0, 6, 6, 6, 6, 6, 2, 2, 2, 1, 1, 1, 1, 1, 0, 0, 0, 0, 0, 6, 6, 6, 2, 1, 1, 1, 1, 1, 1, 10, 24, 24, 0, 0, 0, 0, 0, 6, 1, 1, 1, 1, 1, 1, 1, 10, 24, 24, 24, 0, 0, 0, 0, 0, 1, 1, 1, 1, 1, 1, 25, 10, 24, 24, 24, 24, 24, 0, 0, 0, 1, 1, 1, 1, 1, 25, 10, 10, 24, 24, 24, 24, 24, 24, 24, 0, 1, 1, 1, 1, 25, 25, 10, 10, 24, 24, 24, 24, 24, 24, 24, 24, 33, 33, 33, 18, 18, 18, 16, 16, 16, 16, 32, 32, 32, 21, 21, 21, 33, 33, 33, 33, 18, 18, 18, 16, 16, 32, 32, 32, 21, 21, 21, 21, 33, 33, 33, 33, 18, 18, 18, 16, 16, 32, 32, 32, 21, 21, 21, 21, 4, 33, 33, 33, 33, 18, 18, 16, 16, 32, 32, 21, 21, 21, 21, 19, 4, 4, 4, 33, 33, 33, 18, 16, 16, 32, 21, 21, 21, 19, 19, 19, 4, 4, 4, 4, 33, 33, 18, 16, 16, 32, 21, 21, 19, 19, 19, 19, 3, 4, 4, 4, 4, 4, 33, 18, 32, 21, 19, 19, 19, 19, 19, 9, 3, 3, 3, 3, 3, 3, 4, 33, 21, 19, 9, 9, 9, 9, 9, 9, 3, 3, 3, 3, 3, 3, 31, 29, 27, 30, 9, 9, 9, 9, 9, 9, 3, 31, 31, 31, 31, 31, 29, 28, 28, 27, 30, 30, 30, 30, 30, 9, 31, 31, 31, 13, 13, 13, 13, 13, 23, 23, 23, 23, 23, 30, 30, 30, 13, 13, 13, 13, 13, 13, 13, 13, 23, 23, 23, 23, 23, 23, 23, 23, 13, 13, 13, 13, 13, 13, 13, 13, 23, 23, 23, 23, 23, 23, 23, 23, 13, 13, 13, 13, 13, 13, 13, 13, 23, 23, 23, 23, 23, 23, 23, 23, 13, 13, 13, 13, 13, 13, 13, 13, 23, 23, 23, 23, 23, 23, 23, 23, 13, 13, 13, 13, 13, 13, 13, 13, 23, 23, 23, 23, 23, 23, 23, 23, 73, 67, 69, 1, 86, 65, 76, 69, 2, 0, 0, 0, 45, 0, 0, 0, 206, 0, 0, 0, 8, 0, 0, 0, 6, 6, 7, 5, 4, 5, 6, 6, 5, 6, 5, 5, 5, 8, 3, 3, 5, 4, 5, 3, 6, 4, 4, 8, 3, 4, 5, 3, 5, 3, 4, 5, 3, 3, 4, 3, 5, 4, 3, 4, 4, 4, 7, 3, 3, 1, 10, 24, 8, 6, 2, 2, 42, 26, 25, 10, 0, 0, 6, 44, 3, 31, 42, 1, 31, 2, 44, 5, 4, 3, 5, 36, 33, 3, 44, 41, 36, 4, 7, 9, 43, 2, 0, 8, 8, 22, 23, 30, 9, 6, 6, 0, 24, 22, 7, 19, 20, 43, 6, 7, 30, 1, 25, 37, 24, 0, 12, 37, 38, 42, 13, 13, 39, 23, 22, 11, 11, 42, 31, 29, 28, 40, 39, 12, 15, 35, 16, 16, 17, 14, 18, 17, 15, 14, 32, 16, 18, 41, 15, 33, 36, 41, 17, 16, 21, 20, 9, 21, 34, 35, 43, 9, 19, 32, 34, 20, 19, 23, 7, 8, 12, 12, 39, 40, 28, 27, 30, 7, 22, 10, 8, 0, 1, 26, 37, 10, 1, 42, 38, 37, 25, 30, 23, 28, 27, 23, 40, 13, 29, 28, 13, 31, 9, 7, 23, 27, 29, 13, 42, 2, 3, 16, 34, 21, 4, 36, 18, 35, 20, 21, 32, 14, 20, 34, 5, 41, 18, 33, 4, 10, 25, 26, 11, 26, 42, 11, 13, 40, 23, 12, 23, 39, 13, 28, 5, 17, 18, 36, 1, 2, 31, 13, 11, 38, 26, 9, 20, 6, 2, 5, 3, 0, 0, 128, 191, 141, 35, 199, 61, 21, 247, 4, 62, 32, 242, 101, 61, 32, 242, 101, 61]
            }
        }

        over "link4"
        {
            over "collisions" (
                prepend apiSchemas = ["PhysxCookedDataAPI:convexHull"]
            )
            {
                uchar[] physxCookedData:convexHull:buffer = [9, 239, 255, 46, 252, 246, 74, 243, 146, 146, 8, 248, 32, 207, 133, 100, 246, 78, 88, 83, 1, 67, 86, 88, 77, 14, 0, 0, 0, 0, 0, 0, 0, 73, 67, 69, 1, 67, 76, 72, 76, 9, 0, 0, 0, 36, 0, 0, 0, 98, 128, 0, 0, 64, 0, 0, 0, 196, 0, 0, 0, 70, 37, 117, 189, 130, 14, 4, 61, 121, 50, 73, 60, 24, 30, 64, 189, 167, 129, 21, 189, 58, 93, 22, 62, 122, 188, 58, 189, 197, 32, 48, 61, 100, 64, 22, 62, 247, 35, 210, 55, 72, 220, 35, 189, 213, 120, 233, 188, 83, 45, 56, 61, 233, 70, 88, 189, 252, 155, 196, 58, 57, 225, 47, 189, 0, 128, 82, 189, 252, 155, 196, 58, 233, 224, 47, 189, 220, 203, 103, 61, 252, 155, 196, 58, 10, 215, 35, 189, 23, 183, 209, 183, 213, 120, 233, 188, 62, 166, 127, 188, 6, 227, 22, 61, 213, 120, 233, 188, 133, 210, 87, 61, 23, 246, 15, 189, 40, 213, 254, 61, 71, 85, 51, 61, 166, 87, 52, 61, 190, 77, 31, 62, 20, 146, 12, 61, 249, 73, 21, 189, 171, 120, 51, 62, 229, 57, 108, 61, 41, 4, 151, 188, 252, 155, 196, 58, 10, 215, 35, 61, 23, 183, 209, 55, 213, 120, 233, 188, 223, 237, 80, 61, 91, 153, 80, 61, 252, 155, 196, 58, 16, 147, 16, 189, 247, 120, 252, 188, 209, 150, 51, 62, 177, 218, 2, 188, 140, 129, 21, 189, 88, 226, 65, 62, 53, 132, 190, 188, 14, 55, 251, 60, 82, 73, 61, 62, 226, 228, 126, 60, 120, 247, 22, 61, 213, 120, 233, 188, 134, 132, 185, 60, 252, 30, 48, 61, 244, 26, 59, 62, 203, 253, 9, 189, 155, 33, 48, 61, 119, 21, 50, 62, 50, 142, 22, 189, 162, 22, 89, 61, 169, 77, 28, 62, 37, 8, 196, 57, 176, 204, 86, 61, 16, 88, 57, 62, 13, 50, 46, 61, 225, 174, 99, 61, 184, 88, 209, 61, 71, 150, 231, 188, 102, 187, 231, 188, 213, 120, 233, 188, 79, 224, 231, 60, 40, 113, 231, 188, 213, 120, 233, 188, 246, 43, 56, 61, 168, 173, 108, 61, 252, 155, 196, 58, 100, 216, 87, 61, 129, 248, 15, 61, 120, 238, 253, 61, 158, 98, 85, 189, 6, 129, 21, 189, 252, 155, 196, 58, 190, 165, 23, 61, 125, 250, 89, 61, 227, 165, 27, 62, 141, 25, 23, 189, 23, 56, 47, 189, 88, 197, 27, 62, 249, 36, 255, 59, 204, 209, 3, 189, 177, 166, 66, 62, 221, 108, 1, 60, 170, 39, 216, 60, 143, 53, 67, 62, 70, 137, 103, 61, 215, 94, 21, 189, 252, 155, 196, 58, 132, 141, 33, 61, 139, 140, 46, 189, 49, 177, 25, 62, 191, 67, 246, 187, 116, 32, 48, 61, 135, 162, 64, 62, 0, 0, 0, 0, 0, 0, 0, 0, 0, 0, 128, 191, 214, 120, 233, 188, 0, 0, 7, 32, 146, 146, 126, 191, 188, 205, 135, 60, 181, 73, 213, 61, 205, 52, 123, 189, 7, 0, 3, 12, 106, 213, 115, 188, 178, 116, 109, 191, 192, 42, 191, 190, 69, 147, 67, 189, 10, 0, 3, 22, 41, 250, 79, 191, 203, 236, 20, 63, 221, 63, 34, 61, 165, 252, 138, 189, 13, 0, 3, 4, 192, 126, 67, 191, 182, 178, 138, 62, 36, 7, 22, 191, 122, 128, 65, 189, 16, 0, 3, 11, 8, 244, 13, 191, 28, 229, 187, 62, 89, 52, 63, 191, 114, 0, 50, 189, 19, 0, 3, 11, 174, 185, 112, 63, 129, 240, 225, 188, 29, 163, 173, 62, 99, 225, 189, 189, 22, 0, 3, 0, 62, 99, 97, 63, 221, 61, 173, 61, 149, 228, 238, 190, 111, 185, 70, 189, 25, 0, 3, 15, 207, 168, 236, 190, 45, 240, 59, 189, 4, 181, 98, 63, 177, 49, 49, 190, 28, 0, 3, 13, 163, 99, 109, 191, 117, 198, 129, 60, 62, 122, 191, 62, 131, 91, 200, 189, 31, 0, 3, 12, 16, 165, 5, 63, 232, 96, 177, 62, 205, 133, 71, 191, 235, 140, 48, 189, 34, 0, 3, 15, 44, 100, 73, 63, 60, 51, 109, 61, 149, 88, 29, 63, 58, 203, 7, 190, 37, 0, 3, 7, 81, 106, 106, 191, 35, 184, 228, 60, 54, 70, 205, 62, 32, 111, 208, 189, 40, 0, 3, 12, 129, 225, 52, 191, 110, 91, 241, 60, 42, 0, 53, 63, 104, 149, 23, 190, 43, 0, 3, 13, 137, 140, 75, 191, 185, 65, 254, 62, 233, 60, 178, 62, 240, 148, 222, 189, 46, 0, 3, 33, 8, 194, 165, 190, 219, 96, 86, 63, 229, 119, 225, 62, 238, 237, 252, 189, 49, 0, 3, 4, 108, 135, 51, 188, 22, 214, 127, 63, 249, 106, 11, 61, 75, 225, 111, 189, 52, 0, 3, 4, 122, 201, 139, 188, 223, 226, 127, 63, 4, 66, 200, 60, 60, 216, 106, 189, 55, 0, 3, 4, 89, 28, 67, 191, 68, 78, 37, 63, 184, 136, 62, 61, 29, 1, 142, 189, 58, 0, 3, 4, 1, 181, 145, 190, 225, 236, 47, 191, 44, 28, 43, 191, 111, 154, 62, 189, 61, 0, 3, 19, 96, 31, 141, 62, 185, 201, 41, 191, 116, 32, 50, 191, 149, 238, 61, 189, 64, 0, 3, 35, 92, 21, 94, 188, 223, 234, 127, 63, 42, 224, 175, 60, 206, 60, 106, 189, 67, 0, 3, 4, 79, 235, 63, 63, 250, 54, 41, 63, 214, 73, 5, 61, 94, 91, 147, 189, 70, 0, 3, 5, 184, 70, 246, 62, 42, 36, 217, 62, 132, 110, 68, 191, 254, 63, 56, 189, 73, 0, 3, 15, 173, 146, 6, 186, 30, 7, 82, 63, 212, 94, 18, 191, 135, 145, 62, 189, 76, 0, 3, 16, 222, 122, 56, 188, 204, 149, 84, 63, 9, 154, 14, 191, 70, 11, 63, 189, 79, 0, 3, 16, 53, 103, 118, 63, 183, 121, 212, 58, 13, 223, 138, 62, 65, 222, 172, 189, 82, 0, 3, 0, 50, 202, 127, 63, 171, 113, 54, 57, 145, 240, 37, 61, 154, 68, 108, 189, 85, 0, 3, 0, 135, 211, 126, 63, 138, 222, 195, 61, 238, 192, 183, 186, 182, 233, 99, 189, 88, 0, 3, 0, 118, 27, 95, 63, 38, 184, 249, 62, 108, 33, 80, 61, 147, 17, 142, 189, 91, 0, 3, 28, 47, 49, 89, 63, 35, 104, 5, 63, 59, 92, 190, 61, 152, 173, 152, 189, 94, 0, 3, 28, 119, 16, 126, 191, 60, 168, 240, 189, 216, 56, 17, 61, 189, 142, 101, 189, 97, 0, 3, 14, 75, 243, 104, 191, 213, 43, 27, 189, 23, 111, 211, 190, 143, 76, 69, 189, 100, 0, 3, 10, 204, 46, 53, 191, 103, 101, 150, 190, 45, 123, 36, 191, 145, 253, 62, 189, 103, 0, 3, 19, 153, 162, 40, 191, 204, 97, 207, 190, 204, 80, 34, 191, 51, 57, 69, 189, 106, 0, 3, 19, 238, 248, 89, 191, 21, 7, 6, 191, 122, 43, 249, 60, 205, 18, 130, 189, 109, 0, 3, 14, 102, 56, 71, 63, 12, 8, 30, 63, 15, 107, 236, 61, 220, 56, 162, 189, 112, 0, 3, 5, 38, 202, 147, 60, 230, 164, 127, 63, 249, 217, 74, 61, 166, 62, 123, 189, 115, 0, 3, 5, 160, 183, 165, 62, 14, 142, 87, 63, 98, 247, 220, 62, 200, 168, 250, 189, 118, 0, 3, 5, 114, 137, 25, 63, 53, 197, 33, 63, 175, 86, 251, 62, 168, 148, 5, 190, 121, 0, 3, 5, 173, 51, 131, 188, 75, 138, 127, 191, 185, 115, 108, 61, 34, 75, 85, 189, 124, 0, 3, 26, 185, 113, 201, 190, 239, 110, 78, 191, 152, 16, 226, 62, 100, 237, 237, 189, 127, 0, 3, 26, 34, 184, 32, 191, 166, 133, 44, 191, 230, 105, 199, 62, 192, 207, 227, 189, 130, 0, 3, 26, 224, 83, 14, 191, 244, 9, 84, 191, 159, 189, 142, 61, 47, 72, 136, 189, 133, 0, 3, 26, 67, 249, 55, 189, 46, 224, 22, 188, 19, 187, 127, 63, 75, 100, 66, 190, 136, 0, 3, 13, 56, 213, 67, 62, 7, 59, 76, 191, 235, 98, 18, 63, 8, 31, 11, 190, 139, 0, 3, 6, 85, 13, 249, 62, 154, 57, 44, 188, 243, 167, 95, 63, 119, 72, 46, 190, 142, 0, 3, 7, 162, 40, 246, 62, 131, 226, 20, 188, 160, 117, 96, 63, 77, 205, 46, 190, 145, 0, 3, 7, 89, 79, 25, 63, 194, 9, 217, 190, 11, 241, 45, 191, 166, 205, 69, 189, 148, 0, 3, 20, 190, 119, 41, 63, 8, 45, 140, 190, 47, 158, 50, 191, 143, 225, 61, 189, 151, 0, 3, 20, 170, 119, 88, 63, 83, 234, 91, 189, 87, 249, 7, 191, 173, 137, 72, 189, 154, 0, 3, 20, 48, 91, 127, 63, 54, 182, 129, 189, 25, 75, 2, 61, 34, 156, 112, 189, 157, 0, 3, 0, 147, 216, 80, 63, 107, 212, 19, 191, 43, 177, 1, 61, 79, 171, 137, 189, 160, 0, 3, 6, 145, 51, 25, 63, 156, 38, 76, 191, 171, 136, 157, 61, 39, 149, 141, 189, 163, 0, 3, 6, 207, 207, 83, 63, 98, 70, 247, 190, 198, 197, 146, 62, 148, 25, 197, 189, 166, 0, 3, 6, 157, 40, 175, 61, 3, 172, 118, 191, 46, 195, 129, 62, 56, 232, 168, 189, 169, 0, 3, 6, 47, 5, 210, 59, 171, 162, 124, 191, 240, 87, 37, 62, 42, 71, 136, 189, 172, 0, 3, 26, 250, 204, 129, 59, 87, 101, 127, 191, 40, 98, 140, 61, 213, 234, 88, 189, 175, 0, 3, 26, 141, 129, 167, 190, 46, 84, 58, 63, 64, 72, 26, 63, 14, 169, 22, 190, 178, 0, 3, 4, 221, 168, 228, 190, 176, 40, 180, 62, 101, 152, 82, 63, 52, 102, 49, 190, 181, 0, 3, 25, 77, 189, 92, 190, 203, 53, 133, 60, 84, 242, 121, 63, 106, 116, 62, 190, 184, 0, 3, 13, 16, 138, 19, 190, 14, 98, 131, 60, 172, 75, 125, 63, 53, 106, 64, 190, 187, 0, 3, 13, 48, 67, 44, 62, 164, 181, 152, 62, 226, 133, 112, 63, 186, 211, 64, 190, 190, 0, 3, 24, 200, 27, 27, 62, 159, 231, 2, 63, 53, 142, 88, 63, 174, 77, 56, 190, 193, 0, 3, 3, 25, 3, 24, 7, 8, 18, 13, 0, 1, 2, 3, 4, 5, 6, 0, 2, 7, 0, 6, 7, 6, 8, 9, 10, 11, 12, 13, 14, 15, 16, 17, 15, 2, 1, 18, 14, 13, 19, 11, 10, 20, 2, 15, 20, 15, 17, 21, 2, 20, 21, 20, 22, 21, 22, 23, 21, 23, 6, 21, 6, 2, 24, 3, 5, 25, 4, 3, 26, 6, 23, 26, 23, 14, 26, 14, 18, 26, 18, 8, 26, 8, 6, 27, 10, 9, 27, 9, 12, 27, 12, 14, 27, 14, 23, 27, 23, 10, 28, 1, 0, 28, 0, 7, 28, 7, 24, 28, 24, 5, 28, 5, 1, 29, 10, 23, 29, 23, 22, 29, 22, 19, 29, 19, 10, 30, 5, 4, 30, 16, 15, 30, 15, 1, 30, 1, 5, 31, 32, 16, 31, 16, 11, 31, 11, 19, 31, 19, 32, 33, 4, 25, 33, 25, 13, 33, 13, 12, 33, 12, 9, 33, 9, 4, 34, 4, 9, 34, 9, 11, 34, 11, 16, 34, 16, 30, 34, 30, 4, 35, 22, 20, 35, 20, 17, 35, 17, 16, 35, 16, 32, 35, 32, 19, 35, 19, 22, 0, 20, 0, 19, 0, 33, 0, 5, 0, 24, 0, 10, 0, 49, 1, 31, 1, 9, 1, 3, 2, 20, 2, 40, 2, 19, 3, 4, 3, 18, 4, 32, 4, 5, 5, 25, 6, 26, 6, 11, 6, 54, 7, 50, 7, 10, 7, 28, 8, 41, 8, 60, 8, 13, 9, 12, 9, 42, 10, 23, 11, 46, 11, 39, 12, 14, 12, 13, 13, 59, 14, 18, 14, 15, 15, 58, 15, 16, 16, 37, 16, 17, 17, 21, 17, 18, 19, 34, 20, 48, 21, 25, 21, 22, 22, 29, 22, 23, 23, 24, 24, 25, 26, 30, 26, 27, 27, 51, 27, 28, 28, 29, 29, 30, 30, 36, 31, 35, 31, 32, 32, 33, 33, 34, 34, 35, 35, 43, 36, 39, 36, 37, 37, 38, 38, 63, 38, 39, 40, 43, 40, 57, 41, 56, 41, 42, 42, 43, 44, 47, 44, 61, 44, 45, 45, 55, 45, 46, 46, 47, 47, 62, 48, 52, 48, 49, 49, 50, 50, 51, 51, 52, 52, 53, 53, 57, 53, 54, 54, 55, 55, 56, 56, 57, 58, 63, 58, 59, 59, 60, 60, 61, 61, 62, 62, 63, 1, 3, 4, 1, 9, 31, 1, 3, 9, 0, 2, 19, 2, 20, 40, 2, 19, 34, 3, 4, 5, 0, 4, 5, 0, 5, 24, 6, 26, 27, 6, 11, 26, 6, 11, 45, 7, 27, 28, 0, 7, 10, 7, 10, 22, 8, 9, 12, 8, 41, 44, 8, 13, 59, 0, 10, 23, 11, 38, 39, 12, 13, 14, 14, 15, 16, 15, 16, 37, 16, 17, 21, 0, 19, 33, 0, 20, 48, 21, 22, 23, 26, 27, 28, 31, 32, 33, 36, 37, 38, 40, 41, 42, 44, 45, 46, 44, 47, 61, 48, 49, 50, 53, 54, 55, 58, 59, 60, 25, 0, 3, 0, 3, 0, 24, 0, 24, 0, 7, 0, 7, 0, 8, 0, 8, 0, 18, 0, 18, 0, 13, 0, 13, 0, 25, 0, 0, 0, 1, 0, 1, 0, 2, 0, 2, 0, 0, 0, 3, 0, 4, 0, 4, 0, 5, 0, 5, 0, 3, 0, 6, 0, 0, 0, 2, 0, 6, 0, 7, 0, 0, 0, 6, 0, 7, 0, 6, 0, 8, 0, 9, 0, 10, 0, 10, 0, 11, 0, 11, 0, 9, 0, 12, 0, 13, 0, 13, 0, 14, 0, 14, 0, 12, 0, 15, 0, 16, 0, 16, 0, 17, 0, 17, 0, 15, 0, 15, 0, 2, 0, 1, 0, 15, 0, 18, 0, 14, 0, 19, 0, 11, 0, 10, 0, 19, 0, 20, 0, 2, 0, 15, 0, 20, 0, 17, 0, 20, 0, 21, 0, 2, 0, 20, 0, 21, 0, 20, 0, 22, 0, 22, 0, 21, 0, 22, 0, 23, 0, 23, 0, 21, 0, 23, 0, 6, 0, 6, 0, 21, 0, 5, 0, 24, 0, 25, 0, 4, 0, 26, 0, 6, 0, 23, 0, 26, 0, 23, 0, 14, 0, 14, 0, 26, 0, 18, 0, 26, 0, 8, 0, 26, 0, 27, 0, 10, 0, 9, 0, 27, 0, 9, 0, 12, 0, 12, 0, 27, 0, 14, 0, 27, 0, 23, 0, 27, 0, 23, 0, 10, 0, 28, 0, 1, 0, 0, 0, 28, 0, 7, 0, 28, 0, 24, 0, 28, 0, 5, 0, 28, 0, 5, 0, 1, 0, 29, 0, 10, 0, 23, 0, 29, 0, 22, 0, 29, 0, 22, 0, 19, 0, 19, 0, 29, 0, 30, 0, 5, 0, 4, 0, 30, 0, 30, 0, 16, 0, 15, 0, 30, 0, 1, 0, 30, 0, 31, 0, 32, 0, 32, 0, 16, 0, 16, 0, 31, 0, 16, 0, 11, 0, 11, 0, 31, 0, 19, 0, 31, 0, 19, 0, 32, 0, 33, 0, 4, 0, 25, 0, 33, 0, 13, 0, 33, 0, 12, 0, 33, 0, 9, 0, 33, 0, 9, 0, 4, 0, 34, 0, 4, 0, 9, 0, 34, 0, 11, 0, 34, 0, 16, 0, 34, 0, 30, 0, 34, 0, 35, 0, 22, 0, 20, 0, 35, 0, 17, 0, 35, 0, 16, 0, 35, 0, 32, 0, 35, 0, 19, 0, 35, 0, 0, 0, 0, 0, 70, 37, 117, 189, 232, 70, 88, 189, 216, 120, 233, 188, 230, 57, 108, 61, 168, 173, 108, 61, 143, 53, 67, 62, 36, 132, 5, 59, 104, 124, 161, 55, 63, 170, 106, 50, 177, 98, 233, 179, 63, 170, 106, 50, 194, 83, 161, 55, 48, 96, 51, 181, 177, 98, 233, 179, 48, 96, 51, 181, 12, 201, 95, 54, 236, 237, 83, 58, 85, 97, 103, 59, 217, 117, 150, 61, 0, 0, 128, 63, 73, 67, 69, 1, 83, 85, 80, 77, 0, 0, 0, 0, 73, 67, 69, 1, 71, 65, 85, 83, 0, 0, 0, 0, 16, 0, 0, 0, 0, 6, 0, 0, 4, 4, 4, 4, 4, 4, 4, 4, 4, 9, 34, 11, 11, 11, 11, 11, 4, 4, 4, 4, 4, 4, 4, 4, 9, 9, 34, 11, 11, 11, 11, 11, 4, 4, 4, 4, 4, 4, 4, 4, 9, 9, 34, 11, 11, 11, 11, 11, 33, 33, 33, 33, 33, 33, 33, 33, 9, 9, 9, 11, 11, 11, 11, 11, 33, 33, 33, 33, 33, 33, 33, 33, 9, 9, 9, 11, 11, 11, 11, 11, 13, 33, 33, 33, 33, 33, 33, 33, 9, 9, 9, 11, 11, 11, 11, 11, 13, 13, 33, 33, 33, 33, 33, 33, 9, 9, 9, 11, 11, 11, 11, 11, 13, 13, 13, 33, 33, 33, 33, 33, 9, 9, 9, 11, 11, 11, 11, 11, 13, 13, 13, 13, 12, 12, 12, 12, 27, 27, 10, 10, 10, 10, 19, 19, 13, 13, 13, 14, 14, 14, 14, 14, 27, 27, 10, 10, 10, 10, 19, 19, 13, 14, 14, 14, 14, 14, 14, 14, 27, 10, 10, 10, 10, 10, 19, 19, 14, 14, 14, 14, 14, 14, 14, 14, 27, 10, 10, 10, 10, 10, 19, 19, 14, 14, 14, 14, 14, 14, 14, 14, 23, 10, 10, 10, 10, 10, 19, 19, 14, 14, 14, 14, 14, 14, 14, 14, 23, 10, 10, 10, 10, 10, 19, 19, 14, 14, 14, 14, 14, 14, 14, 14, 23, 29, 29, 10, 10, 10, 19, 19, 26, 26, 26, 26, 26, 26, 26, 26, 23, 29, 29, 29, 29, 10, 19, 19, 5, 5, 5, 5, 5, 5, 5, 5, 5, 1, 1, 1, 1, 15, 15, 15, 5, 5, 5, 5, 5, 5, 5, 5, 1, 1, 1, 1, 15, 15, 15, 15, 5, 5, 5, 5, 5, 5, 5, 5, 1, 1, 1, 1, 15, 15, 15, 15, 24, 28, 28, 28, 28, 28, 28, 28, 1, 1, 1, 1, 15, 15, 15, 15, 24, 28, 28, 28, 28, 28, 28, 28, 1, 1, 1, 1, 15, 15, 15, 15, 7, 7, 28, 28, 28, 28, 28, 28, 1, 1, 1, 1, 15, 15, 15, 15, 7, 7, 7, 28, 28, 28, 28, 28, 1, 1, 1, 15, 15, 15, 15, 15, 7, 7, 7, 7, 28, 28, 0, 0, 1, 1, 1, 15, 15, 15, 15, 15, 7, 7, 7, 7, 0, 0, 0, 0, 0, 2, 2, 20, 20, 20, 20, 20, 7, 7, 7, 0, 0, 0, 0, 0, 0, 2, 2, 20, 20, 20, 20, 20, 7, 7, 0, 0, 0, 0, 0, 0, 0, 2, 2, 20, 20, 20, 20, 20, 7, 6, 6, 6, 0, 0, 0, 0, 0, 2, 2, 20, 20, 20, 20, 20, 6, 6, 6, 6, 6, 6, 0, 0, 2, 2, 2, 20, 20, 20, 20, 20, 6, 6, 6, 6, 6, 6, 6, 6, 2, 2, 21, 21, 20, 20, 20, 20, 6, 6, 6, 6, 6, 6, 6, 6, 21, 21, 21, 21, 20, 20, 20, 20, 6, 6, 6, 6, 6, 6, 6, 6, 21, 21, 21, 21, 21, 20, 20, 20, 6, 6, 6, 6, 6, 8, 8, 8, 18, 18, 26, 26, 26, 26, 26, 26, 6, 6, 6, 6, 6, 6, 8, 8, 18, 26, 26, 26, 26, 26, 26, 26, 6, 6, 6, 6, 6, 6, 6, 8, 26, 26, 26, 26, 26, 26, 26, 26, 6, 6, 6, 6, 6, 6, 6, 6, 26, 26, 26, 26, 26, 26, 26, 26, 6, 6, 6, 6, 6, 6, 6, 6, 26, 26, 26, 26, 26, 26, 26, 26, 6, 6, 6, 6, 6, 6, 6, 6, 26, 26, 26, 26, 26, 26, 26, 26, 6, 6, 6, 6, 6, 6, 6, 6, 26, 26, 26, 26, 26, 26, 26, 26, 6, 6, 6, 6, 6, 6, 6, 6, 26, 26, 26, 26, 26, 26, 26, 26, 21, 21, 21, 21, 21, 21, 21, 21, 29, 23, 23, 23, 23, 23, 23, 23, 21, 21, 21, 21, 21, 21, 21, 22, 22, 29, 29, 29, 29, 29, 29, 29, 21, 21, 21, 21, 21, 21, 22, 22, 22, 22, 29, 29, 29, 29, 29, 29, 21, 21, 21, 21, 21, 22, 22, 22, 22, 22, 22, 29, 29, 29, 29, 29, 21, 20, 20, 20, 20, 22, 22, 22, 22, 22, 22, 19, 29, 29, 29, 29, 20, 20, 20, 20, 20, 22, 22, 22, 22, 22, 22, 19, 19, 19, 29, 10, 20, 20, 20, 20, 35, 22, 22, 22, 22, 22, 22, 19, 19, 19, 19, 19, 20, 20, 20, 20, 35, 35, 22, 22, 22, 22, 22, 19, 19, 19, 19, 19, 5, 5, 5, 5, 24, 3, 3, 3, 3, 3, 3, 4, 4, 4, 4, 4, 5, 5, 5, 5, 5, 3, 3, 3, 3, 3, 4, 4, 4, 4, 4, 4, 5, 5, 5, 5, 5, 5, 3, 3, 3, 3, 4, 4, 4, 4, 4, 4, 5, 5, 5, 5, 5, 5, 5, 3, 3, 4, 4, 4, 4, 4, 4, 4, 5, 5, 5, 5, 5, 5, 5, 5, 4, 4, 4, 4, 4, 4, 4, 4, 5, 5, 5, 5, 5, 5, 5, 5, 4, 4, 4, 4, 4, 4, 4, 4, 5, 5, 5, 5, 5, 5, 5, 5, 4, 4, 4, 4, 4, 4, 4, 4, 5, 5, 5, 5, 5, 5, 5, 5, 4, 4, 4, 4, 4, 4, 4, 4, 5, 5, 5, 5, 5, 5, 30, 30, 4, 4, 4, 4, 4, 4, 4, 4, 1, 1, 1, 30, 30, 30, 30, 30, 34, 34, 34, 34, 34, 34, 34, 9, 1, 1, 30, 30, 30, 30, 16, 16, 16, 11, 11, 34, 34, 34, 34, 34, 1, 30, 30, 30, 30, 16, 16, 16, 16, 11, 11, 11, 11, 11, 11, 11, 1, 15, 15, 15, 16, 16, 16, 16, 16, 16, 11, 11, 11, 11, 11, 11, 15, 15, 15, 15, 16, 16, 16, 16, 16, 16, 11, 11, 11, 11, 11, 11, 15, 15, 15, 16, 16, 16, 16, 16, 16, 16, 11, 11, 11, 11, 11, 11, 15, 15, 15, 16, 16, 16, 16, 16, 16, 16, 31, 11, 11, 11, 11, 11, 15, 15, 15, 15, 15, 15, 15, 15, 20, 20, 20, 20, 20, 20, 20, 20, 15, 15, 15, 15, 15, 15, 15, 15, 17, 20, 20, 20, 20, 20, 20, 20, 15, 15, 15, 15, 15, 15, 15, 15, 17, 17, 20, 20, 20, 20, 20, 20, 16, 16, 16, 16, 16, 15, 15, 15, 17, 17, 17, 20, 20, 20, 20, 20, 16, 16, 16, 16, 16, 16, 16, 16, 17, 17, 35, 35, 35, 35, 35, 35, 16, 16, 16, 16, 16, 16, 16, 16, 17, 35, 35, 35, 35, 35, 35, 35, 16, 16, 16, 16, 16, 16, 16, 16, 35, 35, 35, 35, 35, 35, 35, 22, 16, 16, 16, 16, 16, 16, 16, 16, 32, 35, 35, 35, 35, 35, 22, 22, 16, 16, 16, 16, 16, 31, 31, 31, 32, 32, 35, 35, 35, 22, 22, 22, 16, 31, 31, 31, 31, 31, 31, 31, 32, 32, 19, 19, 19, 22, 22, 22, 31, 31, 31, 31, 31, 31, 31, 31, 32, 19, 19, 19, 19, 19, 19, 22, 11, 11, 11, 11, 31, 31, 31, 31, 19, 19, 19, 19, 19, 19, 19, 19, 11, 11, 11, 11, 11, 11, 11, 11, 19, 19, 19, 19, 19, 19, 19, 19, 11, 11, 11, 11, 11, 11, 11, 11, 19, 19, 19, 19, 19, 19, 19, 19, 11, 11, 11, 11, 11, 11, 11, 11, 19, 19, 19, 19, 19, 19, 19, 19, 11, 11, 11, 11, 11, 11, 11, 11, 19, 19, 19, 19, 19, 19, 19, 19, 5, 5, 5, 24, 24, 7, 7, 7, 7, 7, 7, 7, 6, 6, 6, 6, 5, 5, 24, 24, 24, 7, 7, 7, 7, 7, 7, 7, 6, 6, 6, 6, 5, 5, 24, 24, 24, 24, 7, 7, 7, 7, 7, 7, 6, 6, 6, 6, 5, 24, 24, 24, 24, 24, 7, 7, 7, 7, 7, 8, 8, 6, 6, 6, 24, 24, 24, 24, 24, 24, 24, 7, 7, 7, 8, 8, 8, 8, 8, 6, 3, 3, 24, 24, 24, 24, 24, 7, 7, 7, 8, 8, 8, 8, 8, 8, 3, 3, 3, 3, 24, 24, 24, 7, 7, 8, 8, 8, 8, 8, 8, 8, 3, 3, 3, 3, 3, 3, 3, 24, 8, 8, 8, 8, 8, 8, 8, 8, 3, 3, 3, 3, 3, 3, 3, 25, 18, 18, 18, 18, 18, 18, 18, 18, 3, 3, 3, 3, 25, 25, 25, 13, 13, 18, 18, 18, 18, 18, 18, 18, 3, 3, 25, 25, 25, 25, 25, 13, 13, 13, 18, 18, 18, 18, 18, 26, 4, 25, 25, 25, 25, 25, 25, 13, 13, 13, 18, 18, 18, 18, 26, 26, 4, 4, 25, 25, 25, 25, 13, 13, 13, 13, 13, 18, 26, 26, 26, 26, 4, 4, 4, 25, 25, 25, 13, 13, 13, 13, 13, 14, 14, 26, 26, 26, 4, 4, 4, 25, 25, 13, 13, 13, 13, 13, 13, 14, 14, 14, 26, 26, 4, 4, 4, 33, 33, 13, 13, 13, 13, 13, 13, 14, 14, 14, 14, 26, 20, 20, 20, 21, 21, 21, 21, 21, 6, 6, 6, 6, 6, 6, 6, 6, 20, 20, 20, 20, 21, 21, 21, 21, 6, 6, 6, 6, 6, 6, 6, 6, 20, 20, 20, 20, 21, 21, 2, 2, 6, 6, 6, 6, 6, 6, 6, 6, 20, 20, 20, 20, 20, 2, 2, 2, 0, 0, 6, 6, 6, 6, 6, 6, 20, 20, 20, 20, 20, 2, 2, 0, 0, 0, 0, 0, 6, 6, 6, 7, 20, 20, 20, 20, 20, 2, 2, 0, 0, 0, 0, 0, 0, 0, 7, 7, 20, 20, 20, 20, 20, 2, 2, 0, 0, 0, 0, 0, 0, 7, 7, 7, 20, 20, 20, 20, 20, 2, 2, 0, 0, 0, 0, 0, 7, 7, 7, 7, 15, 15, 15, 15, 15, 1, 1, 1, 0, 0, 28, 28, 7, 7, 7, 7, 15, 15, 15, 15, 15, 1, 1, 1, 28, 28, 28, 28, 28, 7, 7, 7, 15, 15, 15, 15, 1, 1, 1, 1, 28, 28, 28, 28, 28, 28, 7, 7, 15, 15, 15, 15, 1, 1, 1, 1, 28, 28, 28, 28, 28, 28, 28, 24, 15, 15, 15, 15, 1, 1, 1, 1, 28, 28, 28, 28, 28, 28, 28, 24, 15, 15, 15, 15, 1, 1, 1, 1, 5, 5, 5, 5, 5, 5, 5, 5, 15, 15, 15, 15, 1, 1, 1, 1, 5, 5, 5, 5, 5, 5, 5, 5, 15, 15, 15, 1, 1, 1, 1, 5, 5, 5, 5, 5, 5, 5, 5, 5, 19, 19, 10, 29, 29, 29, 29, 23, 26, 26, 26, 26, 26, 26, 26, 26, 19, 19, 10, 10, 10, 29, 29, 23, 14, 14, 14, 14, 14, 14, 14, 14, 19, 19, 10, 10, 10, 10, 10, 23, 14, 14, 14, 14, 14, 14, 14, 14, 19, 19, 10, 10, 10, 10, 10, 23, 14, 14, 14, 14, 14, 14, 14, 14, 19, 19, 10, 10, 10, 10, 10, 27, 14, 14, 14, 14, 14, 14, 14, 14, 19, 19, 10, 10, 10, 10, 10, 27, 14, 14, 14, 14, 14, 14, 14, 13, 19, 19, 10, 10, 10, 10, 27, 27, 14, 14, 14, 14, 14, 13, 13, 13, 19, 19, 10, 10, 10, 10, 27, 27, 12, 12, 12, 12, 13, 13, 13, 13, 11, 11, 11, 11, 11, 9, 9, 9, 33, 33, 33, 33, 33, 13, 13, 13, 11, 11, 11, 11, 11, 9, 9, 9, 33, 33, 33, 33, 33, 33, 13, 13, 11, 11, 11, 11, 11, 9, 9, 9, 33, 33, 33, 33, 33, 33, 33, 13, 11, 11, 11, 11, 11, 9, 9, 9, 33, 33, 33, 33, 33, 33, 33, 33, 11, 11, 11, 11, 11, 9, 9, 9, 33, 33, 33, 33, 33, 33, 33, 33, 11, 11, 11, 11, 11, 34, 9, 9, 4, 4, 4, 4, 4, 4, 4, 4, 11, 11, 11, 11, 11, 34, 9, 9, 4, 4, 4, 4, 4, 4, 4, 4, 11, 11, 11, 11, 11, 34, 9, 4, 4, 4, 4, 4, 4, 4, 4, 4, 11, 11, 11, 11, 11, 31, 16, 16, 16, 16, 16, 16, 16, 15, 15, 15, 11, 11, 11, 11, 11, 11, 16, 16, 16, 16, 16, 16, 16, 15, 15, 15, 11, 11, 11, 11, 11, 11, 16, 16, 16, 16, 16, 16, 15, 15, 15, 15, 11, 11, 11, 11, 11, 11, 16, 16, 16, 16, 16, 16, 15, 15, 15, 1, 11, 11, 11, 11, 11, 11, 11, 16, 16, 16, 16, 30, 30, 30, 30, 1, 34, 34, 34, 34, 34, 11, 11, 16, 16, 16, 30, 30, 30, 30, 1, 1, 9, 34, 34, 34, 34, 34, 34, 34, 30, 30, 30, 30, 30, 1, 1, 1, 4, 4, 4, 4, 4, 4, 4, 4, 30, 30, 5, 5, 5, 5, 5, 5, 4, 4, 4, 4, 4, 4, 4, 4, 5, 5, 5, 5, 5, 5, 5, 5, 4, 4, 4, 4, 4, 4, 4, 4, 5, 5, 5, 5, 5, 5, 5, 5, 4, 4, 4, 4, 4, 4, 4, 4, 5, 5, 5, 5, 5, 5, 5, 5, 4, 4, 4, 4, 4, 4, 4, 4, 5, 5, 5, 5, 5, 5, 5, 5, 4, 4, 4, 4, 4, 4, 4, 3, 3, 5, 5, 5, 5, 5, 5, 5, 4, 4, 4, 4, 4, 4, 3, 3, 3, 3, 5, 5, 5, 5, 5, 5, 4, 4, 4, 4, 4, 4, 3, 3, 3, 3, 3, 5, 5, 5, 5, 5, 4, 4, 4, 4, 4, 3, 3, 3, 3, 3, 3, 24, 5, 5, 5, 5, 19, 19, 19, 19, 19, 22, 22, 22, 22, 22, 35, 35, 20, 20, 20, 20, 19, 19, 19, 19, 19, 22, 22, 22, 22, 22, 22, 35, 20, 20, 20, 20, 10, 29, 19, 19, 19, 22, 22, 22, 22, 22, 22, 20, 20, 20, 20, 20, 29, 29, 29, 29, 19, 22, 22, 22, 22, 22, 22, 20, 20, 20, 20, 21, 29, 29, 29, 29, 29, 22, 22, 22, 22, 22, 22, 21, 21, 21, 21, 21, 29, 29, 29, 29, 29, 29, 22, 22, 22, 22, 21, 21, 21, 21, 21, 21, 29, 29, 29, 29, 29, 29, 29, 22, 22, 21, 21, 21, 21, 21, 21, 21, 23, 23, 23, 23, 23, 23, 23, 29, 21, 21, 21, 21, 21, 21, 21, 21, 26, 26, 26, 26, 26, 26, 26, 26, 6, 6, 6, 6, 6, 6, 6, 6, 26, 26, 26, 26, 26, 26, 26, 26, 6, 6, 6, 6, 6, 6, 6, 6, 26, 26, 26, 26, 26, 26, 26, 26, 6, 6, 6, 6, 6, 6, 6, 6, 26, 26, 26, 26, 26, 26, 26, 26, 6, 6, 6, 6, 6, 6, 6, 6, 26, 26, 26, 26, 26, 26, 26, 26, 6, 6, 6, 6, 6, 6, 6, 6, 26, 26, 26, 26, 26, 26, 26, 26, 8, 6, 6, 6, 6, 6, 6, 6, 26, 26, 26, 26, 26, 26, 26, 18, 8, 8, 6, 6, 6, 6, 6, 6, 26, 26, 26, 26, 26, 26, 18, 18, 8, 8, 8, 6, 6, 6, 6, 6, 26, 14, 14, 14, 14, 13, 13, 13, 13, 13, 13, 33, 33, 4, 4, 4, 26, 26, 14, 14, 14, 13, 13, 13, 13, 13, 13, 25, 25, 4, 4, 4, 26, 26, 26, 14, 14, 13, 13, 13, 13, 13, 25, 25, 25, 4, 4, 4, 26, 26, 26, 26, 18, 13, 13, 13, 13, 13, 25, 25, 25, 25, 4, 4, 26, 26, 18, 18, 18, 18, 13, 13, 13, 25, 25, 25, 25, 25, 25, 4, 26, 18, 18, 18, 18, 18, 13, 13, 13, 25, 25, 25, 25, 25, 3, 3, 18, 18, 18, 18, 18, 18, 18, 13, 13, 25, 25, 25, 3, 3, 3, 3, 18, 18, 18, 18, 18, 18, 18, 18, 25, 3, 3, 3, 3, 3, 3, 3, 8, 8, 8, 8, 8, 8, 8, 8, 24, 3, 3, 3, 3, 3, 3, 3, 8, 8, 8, 8, 8, 8, 8, 7, 7, 24, 24, 24, 3, 3, 3, 3, 8, 8, 8, 8, 8, 8, 7, 7, 7, 24, 24, 24, 24, 24, 3, 3, 6, 8, 8, 8, 8, 8, 7, 7, 7, 24, 24, 24, 24, 24, 24, 24, 6, 6, 6, 8, 8, 7, 7, 7, 7, 7, 24, 24, 24, 24, 24, 5, 6, 6, 6, 6, 7, 7, 7, 7, 7, 7, 24, 24, 24, 24, 5, 5, 6, 6, 6, 6, 7, 7, 7, 7, 7, 7, 7, 24, 24, 24, 5, 5, 6, 6, 6, 6, 7, 7, 7, 7, 7, 7, 7, 24, 24, 5, 5, 5, 19, 19, 19, 19, 19, 19, 19, 19, 11, 11, 11, 11, 11, 11, 11, 11, 19, 19, 19, 19, 19, 19, 19, 19, 11, 11, 11, 11, 11, 11, 11, 11, 19, 19, 19, 19, 19, 19, 19, 19, 11, 11, 11, 11, 11, 11, 11, 11, 19, 19, 19, 19, 19, 19, 19, 19, 11, 11, 11, 11, 11, 11, 11, 11, 19, 19, 19, 19, 19, 19, 19, 19, 31, 31, 31, 31, 11, 11, 11, 11, 22, 19, 19, 19, 19, 19, 19, 32, 31, 31, 31, 31, 31, 31, 31, 31, 22, 22, 22, 19, 19, 19, 32, 32, 31, 31, 31, 31, 31, 31, 31, 16, 22, 22, 22, 35, 35, 35, 32, 32, 31, 31, 31, 16, 16, 16, 16, 16, 22, 22, 35, 35, 35, 35, 35, 32, 16, 16, 16, 16, 16, 16, 16, 16, 22, 35, 35, 35, 35, 35, 35, 35, 16, 16, 16, 16, 16, 16, 16, 16, 35, 35, 35, 35, 35, 35, 35, 17, 16, 16, 16, 16, 16, 16, 16, 16, 35, 35, 35, 35, 35, 35, 17, 17, 16, 16, 16, 16, 16, 16, 16, 16, 20, 20, 20, 20, 20, 17, 17, 17, 15, 15, 15, 16, 16, 16, 16, 16, 20, 20, 20, 20, 20, 20, 17, 17, 15, 15, 15, 15, 15, 15, 15, 15, 20, 20, 20, 20, 20, 20, 20, 17, 15, 15, 15, 15, 15, 15, 15, 15, 20, 20, 20, 20, 20, 20, 20, 20, 15, 15, 15, 15, 15, 15, 15, 15, 73, 67, 69, 1, 86, 65, 76, 69, 2, 0, 0, 0, 36, 0, 0, 0, 196, 0, 0, 0, 8, 0, 0, 0, 5, 6, 6, 4, 7, 6, 7, 5, 4, 7, 6, 6, 5, 5, 6, 6, 8, 4, 4, 7, 6, 5, 6, 8, 4, 4, 5, 5, 5, 4, 6, 4, 4, 5, 5, 6, 1, 28, 7, 6, 2, 2, 15, 30, 5, 28, 0, 0, 6, 21, 20, 15, 1, 24, 5, 4, 25, 5, 30, 34, 9, 33, 25, 3, 3, 24, 28, 1, 30, 4, 0, 7, 8, 26, 23, 21, 2, 8, 6, 0, 28, 24, 18, 26, 6, 7, 10, 27, 12, 33, 4, 34, 11, 11, 19, 29, 23, 27, 9, 9, 34, 16, 31, 19, 10, 13, 33, 9, 27, 14, 25, 33, 12, 14, 18, 12, 27, 23, 26, 18, 13, 16, 30, 1, 2, 20, 17, 17, 35, 32, 31, 11, 34, 30, 15, 15, 20, 35, 16, 13, 14, 26, 8, 11, 31, 32, 35, 22, 29, 10, 2, 21, 22, 35, 17, 15, 2, 6, 23, 22, 20, 21, 23, 29, 19, 35, 20, 21, 6, 26, 14, 27, 10, 29, 22, 7, 28, 5, 3, 3, 4, 33, 13, 6, 8, 18, 14, 23, 10, 23, 14, 12, 9, 1, 5, 24, 7, 0, 10, 19, 22, 23, 5, 1, 15, 16, 34, 4, 32, 19, 11, 16, 16, 35, 19, 31, 4, 9, 12, 13, 25, 4, 30, 16, 11, 9, 22, 19, 32, 16, 17, 20, 0, 0, 128, 191, 16, 105, 82, 61, 5, 246, 242, 60, 5, 246, 242, 60, 24, 183, 191, 61]
            }
        }

        over "mcp_link"
        {
            over "collisions" (
                prepend apiSchemas = ["PhysxCookedDataAPI:convexHull"]
            )
            {
                uchar[] physxCookedData:convexHull:buffer = [9, 68, 86, 10, 200, 202, 71, 192, 102, 223, 52, 152, 85, 200, 25, 158, 123, 78, 88, 83, 1, 67, 86, 88, 77, 14, 0, 0, 0, 0, 0, 0, 0, 73, 67, 69, 1, 67, 76, 72, 76, 9, 0, 0, 0, 32, 0, 0, 0, 65, 128, 0, 0, 35, 0, 0, 0, 130, 0, 0, 0, 115, 67, 61, 189, 201, 128, 92, 61, 12, 67, 33, 60, 68, 24, 61, 189, 184, 40, 35, 61, 219, 251, 149, 60, 82, 255, 244, 188, 184, 40, 35, 61, 81, 67, 150, 60, 213, 191, 191, 188, 165, 199, 95, 61, 70, 133, 15, 60, 76, 237, 224, 188, 92, 153, 96, 61, 190, 224, 16, 60, 175, 253, 86, 188, 240, 32, 105, 188, 150, 249, 137, 60, 42, 21, 62, 189, 20, 228, 128, 60, 89, 42, 149, 60, 11, 144, 82, 189, 46, 73, 23, 60, 12, 67, 33, 60, 11, 144, 82, 189, 46, 73, 23, 60, 9, 107, 38, 188, 233, 90, 57, 188, 81, 228, 120, 188, 149, 141, 140, 188, 125, 207, 208, 58, 101, 210, 88, 60, 3, 225, 133, 60, 125, 207, 208, 58, 101, 210, 88, 60, 1, 117, 136, 188, 67, 99, 193, 188, 92, 153, 96, 61, 187, 8, 22, 188, 3, 126, 172, 187, 161, 198, 119, 188, 149, 141, 140, 188, 214, 132, 242, 187, 21, 163, 128, 188, 106, 253, 106, 60, 224, 199, 181, 187, 124, 9, 116, 188, 187, 110, 140, 60, 183, 163, 137, 186, 22, 188, 50, 188, 150, 249, 137, 60, 85, 187, 197, 58, 54, 76, 233, 58, 150, 249, 137, 60, 85, 187, 197, 58, 54, 76, 233, 58, 149, 141, 140, 188, 41, 125, 169, 58, 189, 45, 10, 60, 186, 2, 143, 188, 216, 138, 151, 186, 85, 160, 54, 188, 149, 141, 140, 188, 115, 67, 61, 189, 92, 153, 96, 61, 190, 224, 16, 60, 115, 67, 61, 189, 92, 153, 96, 61, 187, 8, 22, 188, 9, 246, 73, 189, 45, 38, 28, 61, 35, 206, 23, 186, 237, 84, 148, 188, 189, 45, 10, 60, 186, 2, 143, 188, 159, 192, 125, 188, 194, 205, 48, 188, 186, 2, 143, 188, 67, 99, 193, 188, 201, 128, 92, 61, 9, 107, 38, 188, 115, 67, 61, 189, 201, 128, 92, 61, 9, 107, 38, 188, 11, 144, 82, 189, 20, 228, 128, 60, 12, 67, 33, 60, 11, 144, 82, 189, 20, 228, 128, 60, 9, 107, 38, 188, 24, 242, 113, 187, 240, 32, 105, 188, 150, 249, 137, 60, 233, 90, 57, 188, 81, 228, 120, 188, 150, 249, 137, 60, 220, 242, 211, 60, 143, 198, 147, 188, 101, 223, 127, 63, 137, 246, 137, 188, 0, 0, 6, 24, 166, 85, 111, 60, 164, 246, 9, 63, 106, 156, 87, 63, 16, 107, 21, 189, 6, 0, 5, 9, 230, 135, 236, 190, 21, 139, 11, 191, 180, 25, 51, 63, 35, 186, 209, 188, 11, 0, 3, 26, 30, 66, 5, 191, 226, 148, 90, 191, 246, 188, 17, 187, 168, 207, 154, 188, 14, 0, 4, 12, 56, 118, 192, 62, 148, 104, 195, 62, 137, 43, 88, 63, 181, 84, 159, 188, 18, 0, 3, 25, 128, 238, 90, 63, 226, 174, 4, 63, 145, 116, 173, 186, 120, 15, 7, 188, 21, 0, 4, 7, 134, 113, 56, 60, 167, 241, 127, 191, 170, 121, 144, 188, 87, 181, 123, 188, 25, 0, 3, 21, 144, 15, 203, 61, 70, 195, 46, 61, 23, 129, 126, 63, 41, 4, 139, 188, 28, 0, 3, 25, 194, 154, 105, 63, 78, 29, 54, 60, 134, 89, 209, 190, 155, 209, 9, 188, 31, 0, 3, 7, 56, 254, 127, 63, 100, 206, 241, 187, 0, 0, 0, 0, 59, 1, 196, 186, 34, 0, 4, 28, 110, 214, 122, 63, 119, 153, 76, 190, 16, 181, 217, 186, 50, 42, 147, 186, 38, 0, 4, 21, 142, 12, 62, 62, 9, 182, 28, 189, 147, 92, 123, 191, 255, 189, 139, 188, 42, 0, 3, 1, 0, 0, 0, 0, 253, 254, 127, 63, 149, 159, 181, 187, 20, 101, 96, 189, 45, 0, 5, 14, 183, 180, 123, 191, 144, 196, 58, 62, 0, 0, 0, 0, 182, 13, 99, 189, 50, 0, 3, 17, 0, 0, 0, 0, 254, 4, 53, 63, 231, 4, 53, 63, 59, 109, 56, 189, 53, 0, 3, 9, 224, 96, 17, 60, 119, 149, 134, 188, 147, 244, 127, 191, 213, 241, 141, 188, 56, 0, 6, 1, 59, 82, 209, 190, 148, 120, 226, 190, 51, 90, 76, 191, 188, 33, 205, 188, 62, 0, 3, 3, 215, 251, 48, 63, 157, 202, 2, 63, 141, 202, 2, 191, 94, 32, 134, 188, 65, 0, 3, 7, 44, 10, 168, 58, 119, 172, 34, 62, 179, 191, 124, 191, 140, 246, 151, 188, 68, 0, 5, 15, 0, 0, 0, 0, 254, 4, 53, 63, 232, 4, 53, 191, 146, 86, 57, 189, 73, 0, 4, 15, 137, 132, 124, 191, 127, 219, 9, 62, 98, 42, 193, 61, 82, 45, 92, 189, 77, 0, 4, 18, 31, 6, 92, 191, 238, 105, 212, 59, 146, 218, 2, 63, 28, 233, 73, 189, 81, 0, 4, 18, 47, 71, 119, 191, 53, 255, 6, 62, 239, 13, 100, 62, 11, 221, 92, 189, 85, 0, 3, 18, 0, 0, 128, 191, 0, 0, 0, 0, 0, 0, 0, 0, 11, 144, 82, 189, 88, 0, 4, 10, 153, 225, 126, 191, 25, 66, 191, 61, 0, 0, 0, 0, 50, 169, 87, 189, 92, 0, 3, 17, 232, 84, 124, 191, 126, 193, 9, 62, 6, 106, 208, 189, 240, 114, 92, 189, 95, 0, 4, 17, 132, 176, 102, 190, 207, 226, 140, 60, 87, 97, 121, 191, 218, 234, 173, 188, 99, 0, 5, 17, 123, 145, 94, 62, 53, 25, 49, 190, 32, 237, 117, 63, 181, 33, 146, 188, 104, 0, 3, 27, 243, 217, 190, 62, 98, 138, 109, 191, 102, 139, 6, 60, 198, 115, 67, 188, 107, 0, 4, 22, 101, 9, 50, 63, 25, 236, 55, 191, 130, 101, 89, 188, 202, 134, 243, 187, 111, 0, 3, 21, 56, 82, 72, 63, 118, 101, 31, 191, 66, 41, 250, 58, 240, 179, 196, 187, 114, 0, 3, 22, 251, 32, 21, 61, 61, 97, 119, 191, 125, 107, 130, 62, 242, 6, 152, 188, 117, 0, 3, 22, 8, 60, 66, 189, 49, 106, 200, 189, 92, 123, 126, 63, 4, 178, 153, 188, 120, 0, 4, 19, 119, 111, 240, 190, 94, 4, 98, 191, 0, 0, 0, 0, 98, 100, 153, 188, 124, 0, 3, 12, 221, 200, 4, 190, 172, 214, 125, 191, 0, 0, 0, 0, 183, 105, 135, 188, 127, 0, 3, 12, 15, 16, 17, 2, 1, 6, 0, 1, 2, 3, 4, 5, 6, 7, 5, 7, 8, 9, 3, 2, 10, 11, 12, 3, 10, 13, 14, 9, 17, 10, 2, 18, 19, 11, 18, 11, 10, 17, 18, 17, 16, 20, 18, 20, 19, 21, 4, 3, 12, 22, 21, 22, 23, 21, 0, 4, 24, 19, 20, 13, 9, 25, 25, 9, 8, 26, 12, 11, 26, 11, 19, 24, 27, 26, 27, 22, 12, 28, 0, 21, 23, 28, 7, 6, 1, 28, 1, 0, 29, 8, 7, 28, 29, 28, 23, 23, 22, 27, 29, 27, 24, 25, 8, 29, 30, 16, 15, 30, 15, 14, 13, 30, 13, 20, 30, 20, 16, 31, 14, 15, 15, 6, 5, 31, 31, 5, 9, 31, 9, 14, 0, 27, 0, 10, 0, 7, 0, 1, 0, 21, 0, 32, 1, 22, 1, 4, 1, 12, 1, 14, 2, 32, 2, 21, 2, 3, 3, 23, 3, 16, 3, 33, 4, 7, 4, 5, 5, 17, 5, 12, 5, 9, 6, 28, 6, 34, 6, 15, 7, 9, 8, 11, 8, 18, 8, 9, 9, 10, 10, 30, 10, 11, 11, 15, 12, 14, 12, 19, 12, 13, 13, 25, 13, 20, 14, 20, 15, 18, 15, 29, 15, 16, 15, 26, 16, 26, 17, 19, 17, 18, 18, 26, 18, 19, 19, 25, 20, 22, 20, 24, 21, 23, 21, 22, 23, 26, 23, 24, 24, 25, 25, 26, 27, 30, 27, 28, 28, 31, 28, 29, 29, 30, 31, 34, 31, 32, 32, 33, 33, 34, 1, 14, 20, 0, 1, 21, 0, 1, 4, 1, 4, 5, 1, 12, 14, 2, 3, 32, 0, 2, 21, 2, 3, 21, 3, 16, 23, 3, 6, 15, 4, 5, 7, 5, 8, 9, 5, 12, 17, 6, 15, 28, 6, 28, 31, 0, 27, 28, 0, 10, 27, 0, 7, 9, 8, 9, 10, 8, 11, 15, 10, 11, 15, 12, 13, 14, 12, 13, 19, 13, 20, 24, 15, 18, 26, 15, 16, 26, 17, 18, 19, 18, 19, 25, 20, 21, 22, 23, 24, 25, 27, 28, 29, 31, 32, 33, 15, 0, 16, 0, 16, 0, 17, 0, 17, 0, 2, 0, 2, 0, 1, 0, 1, 0, 6, 0, 6, 0, 15, 0, 0, 0, 1, 0, 2, 0, 3, 0, 3, 0, 4, 0, 4, 0, 0, 0, 5, 0, 6, 0, 6, 0, 7, 0, 7, 0, 5, 0, 7, 0, 8, 0, 8, 0, 9, 0, 9, 0, 5, 0, 2, 0, 10, 0, 10, 0, 3, 0, 11, 0, 12, 0, 12, 0, 3, 0, 10, 0, 11, 0, 13, 0, 14, 0, 14, 0, 9, 0, 9, 0, 13, 0, 17, 0, 10, 0, 18, 0, 19, 0, 19, 0, 11, 0, 11, 0, 18, 0, 17, 0, 18, 0, 16, 0, 20, 0, 20, 0, 18, 0, 20, 0, 19, 0, 21, 0, 4, 0, 12, 0, 22, 0, 22, 0, 21, 0, 22, 0, 23, 0, 23, 0, 21, 0, 21, 0, 0, 0, 24, 0, 19, 0, 20, 0, 13, 0, 9, 0, 25, 0, 25, 0, 24, 0, 8, 0, 25, 0, 26, 0, 12, 0, 11, 0, 26, 0, 24, 0, 27, 0, 27, 0, 26, 0, 27, 0, 22, 0, 28, 0, 0, 0, 23, 0, 28, 0, 28, 0, 7, 0, 1, 0, 28, 0, 29, 0, 8, 0, 28, 0, 29, 0, 23, 0, 29, 0, 27, 0, 29, 0, 30, 0, 16, 0, 15, 0, 30, 0, 15, 0, 14, 0, 13, 0, 30, 0, 20, 0, 30, 0, 31, 0, 14, 0, 15, 0, 31, 0, 5, 0, 31, 0, 9, 0, 31, 0, 0, 0, 0, 0, 11, 144, 82, 189, 20, 163, 128, 188, 186, 2, 143, 188, 128, 207, 208, 58, 92, 153, 96, 61, 82, 67, 150, 60, 27, 177, 163, 56, 26, 27, 111, 51, 146, 175, 59, 51, 151, 89, 93, 49, 146, 175, 59, 51, 184, 114, 144, 51, 73, 2, 37, 177, 151, 89, 93, 49, 73, 2, 37, 177, 94, 12, 236, 51, 71, 109, 200, 188, 87, 62, 152, 60, 255, 7, 160, 58, 0, 0, 128, 191, 0, 0, 128, 191, 196, 227, 135, 60, 116, 233, 28, 60, 113, 91, 163, 60, 116, 233, 28, 60]
            }
        }

        over "link6"
        {
            over "collisions" (
                prepend apiSchemas = ["PhysxCookedDataAPI:convexHull"]
            )
            {
                uchar[] physxCookedData:convexHull:buffer = [9, 156, 139, 179, 94, 63, 43, 43, 61, 4, 168, 127, 123, 151, 254, 41, 198, 78, 88, 83, 1, 67, 86, 88, 77, 14, 0, 0, 0, 0, 0, 0, 0, 73, 67, 69, 1, 67, 76, 72, 76, 9, 0, 0, 0, 36, 0, 0, 0, 76, 128, 0, 0, 42, 0, 0, 0, 152, 0, 0, 0, 51, 209, 150, 188, 247, 38, 0, 188, 249, 15, 100, 186, 189, 200, 159, 188, 126, 181, 203, 183, 0, 0, 0, 0, 135, 225, 163, 188, 67, 252, 208, 183, 10, 215, 163, 188, 51, 209, 150, 60, 247, 38, 0, 60, 249, 15, 100, 186, 189, 200, 159, 60, 239, 187, 203, 55, 0, 0, 0, 0, 135, 225, 163, 60, 141, 0, 209, 55, 10, 215, 163, 188, 24, 250, 150, 60, 163, 203, 254, 187, 249, 15, 100, 186, 24, 250, 150, 188, 163, 203, 254, 59, 249, 15, 100, 186, 19, 141, 255, 59, 192, 229, 150, 188, 249, 15, 100, 186, 245, 173, 204, 55, 119, 190, 159, 188, 0, 0, 0, 0, 4, 182, 209, 55, 10, 215, 163, 188, 10, 215, 163, 188, 211, 140, 255, 187, 192, 229, 150, 60, 249, 15, 100, 186, 246, 109, 204, 183, 119, 190, 159, 60, 0, 0, 0, 0, 4, 182, 209, 183, 10, 215, 163, 60, 10, 215, 163, 188, 71, 10, 254, 187, 111, 14, 151, 188, 249, 15, 100, 186, 92, 10, 254, 59, 111, 14, 151, 60, 249, 15, 100, 186, 51, 209, 150, 188, 247, 38, 0, 188, 10, 215, 163, 188, 96, 57, 103, 188, 23, 24, 104, 188, 10, 215, 163, 188, 96, 57, 103, 188, 23, 24, 104, 188, 249, 15, 100, 186, 51, 209, 150, 60, 247, 38, 0, 60, 10, 215, 163, 188, 96, 57, 103, 60, 23, 24, 104, 60, 10, 215, 163, 188, 96, 57, 103, 60, 23, 24, 104, 60, 249, 15, 100, 186, 24, 250, 150, 60, 163, 203, 254, 187, 10, 215, 163, 188, 218, 205, 103, 60, 157, 131, 103, 188, 249, 15, 100, 186, 218, 205, 103, 60, 157, 131, 103, 188, 10, 215, 163, 188, 24, 250, 150, 188, 163, 203, 254, 59, 10, 215, 163, 188, 218, 205, 103, 188, 157, 131, 103, 60, 249, 15, 100, 186, 218, 205, 103, 188, 157, 131, 103, 60, 10, 215, 163, 188, 19, 141, 255, 59, 192, 229, 150, 188, 10, 215, 163, 188, 211, 140, 255, 187, 192, 229, 150, 60, 10, 215, 163, 188, 71, 10, 254, 187, 111, 14, 151, 188, 10, 215, 163, 188, 92, 10, 254, 59, 111, 14, 151, 60, 10, 215, 163, 188, 84, 2, 98, 188, 47, 186, 97, 60, 0, 0, 0, 0, 84, 2, 98, 60, 47, 186, 97, 188, 0, 0, 0, 0, 159, 113, 97, 188, 120, 74, 98, 188, 0, 0, 0, 0, 159, 113, 97, 60, 120, 74, 98, 60, 0, 0, 0, 0, 0, 0, 0, 0, 0, 0, 0, 0, 255, 255, 127, 191, 9, 215, 163, 188, 0, 0, 16, 1, 160, 86, 125, 191, 135, 20, 17, 190, 151, 191, 202, 60, 172, 38, 158, 188, 16, 0, 3, 5, 161, 86, 125, 63, 138, 20, 17, 62, 145, 191, 202, 60, 173, 38, 158, 188, 19, 0, 3, 2, 155, 109, 125, 63, 166, 140, 14, 190, 118, 191, 202, 60, 182, 38, 158, 188, 22, 0, 3, 2, 155, 109, 125, 191, 170, 140, 14, 62, 115, 191, 202, 60, 182, 38, 158, 188, 25, 0, 3, 5, 212, 159, 15, 62, 231, 99, 125, 191, 14, 191, 202, 60, 192, 36, 158, 188, 28, 0, 3, 13, 213, 159, 15, 190, 231, 99, 125, 63, 126, 191, 202, 60, 190, 36, 158, 188, 31, 0, 3, 10, 74, 24, 13, 190, 162, 122, 125, 191, 191, 191, 202, 60, 181, 36, 158, 188, 34, 0, 3, 13, 96, 24, 13, 62, 161, 122, 125, 63, 83, 191, 202, 60, 183, 36, 158, 188, 37, 0, 3, 10, 246, 242, 83, 191, 6, 147, 15, 191, 0, 0, 0, 0, 63, 205, 160, 188, 40, 0, 4, 3, 200, 206, 122, 191, 1, 49, 77, 190, 0, 0, 0, 0, 22, 153, 160, 188, 44, 0, 3, 3, 246, 242, 83, 63, 6, 147, 15, 63, 0, 0, 0, 0, 63, 205, 160, 188, 47, 0, 4, 0, 202, 206, 122, 63, 7, 49, 77, 62, 0, 0, 0, 0, 23, 153, 160, 188, 51, 0, 3, 0, 91, 239, 122, 63, 220, 175, 74, 190, 0, 0, 0, 0, 33, 153, 160, 188, 54, 0, 3, 2, 151, 78, 84, 63, 104, 11, 15, 191, 0, 0, 0, 0, 59, 205, 160, 188, 57, 0, 4, 7, 94, 239, 122, 191, 226, 175, 74, 62, 0, 0, 0, 0, 35, 153, 160, 188, 61, 0, 3, 5, 151, 78, 84, 191, 104, 11, 15, 63, 0, 0, 0, 0, 59, 205, 160, 188, 64, 0, 4, 6, 172, 79, 15, 63, 136, 32, 84, 191, 0, 0, 0, 0, 69, 205, 160, 188, 68, 0, 4, 26, 57, 241, 75, 62, 22, 223, 122, 191, 0, 0, 0, 0, 55, 153, 160, 188, 72, 0, 3, 13, 142, 79, 15, 191, 157, 32, 84, 63, 0, 0, 0, 0, 65, 205, 160, 188, 75, 0, 4, 8, 105, 241, 75, 190, 19, 223, 122, 63, 0, 0, 0, 0, 54, 153, 160, 188, 79, 0, 3, 8, 84, 112, 73, 190, 113, 255, 122, 191, 0, 0, 0, 0, 44, 153, 160, 188, 82, 0, 3, 15, 27, 199, 14, 191, 140, 124, 84, 191, 0, 0, 0, 0, 68, 205, 160, 188, 85, 0, 4, 15, 67, 112, 73, 62, 113, 255, 122, 63, 0, 0, 0, 0, 44, 153, 160, 188, 89, 0, 3, 10, 37, 199, 14, 63, 132, 124, 84, 63, 0, 0, 0, 0, 68, 205, 160, 188, 92, 0, 4, 17, 194, 168, 29, 190, 159, 174, 189, 62, 147, 126, 106, 63, 162, 216, 236, 187, 96, 0, 3, 28, 244, 166, 249, 190, 59, 196, 56, 63, 133, 133, 251, 62, 87, 143, 136, 188, 99, 0, 3, 28, 237, 235, 56, 191, 194, 47, 249, 62, 8, 135, 251, 62, 7, 143, 136, 188, 102, 0, 3, 22, 170, 158, 189, 190, 2, 233, 28, 62, 215, 137, 106, 63, 65, 149, 236, 187, 105, 0, 3, 22, 188, 168, 29, 62, 125, 174, 189, 190, 155, 126, 106, 63, 130, 216, 236, 187, 108, 0, 3, 29, 39, 167, 249, 62, 40, 196, 56, 191, 144, 133, 251, 62, 90, 143, 136, 188, 111, 0, 3, 27, 237, 235, 56, 63, 194, 47, 249, 190, 8, 135, 251, 62, 7, 143, 136, 188, 114, 0, 3, 25, 167, 158, 189, 62, 253, 232, 28, 190, 216, 137, 106, 63, 60, 149, 236, 187, 117, 0, 3, 25, 93, 107, 189, 190, 121, 218, 29, 190, 20, 138, 106, 63, 213, 147, 236, 187, 120, 0, 3, 19, 228, 154, 56, 191, 92, 26, 250, 190, 76, 140, 251, 62, 11, 142, 136, 188, 123, 0, 3, 19, 134, 182, 248, 190, 70, 18, 57, 191, 59, 142, 251, 62, 176, 141, 136, 188, 126, 0, 3, 31, 75, 182, 28, 190, 32, 225, 189, 190, 132, 126, 106, 63, 222, 216, 236, 187, 129, 0, 3, 31, 95, 107, 189, 62, 126, 218, 29, 62, 19, 138, 106, 63, 216, 147, 236, 187, 132, 0, 3, 16, 228, 154, 56, 63, 92, 26, 250, 62, 76, 140, 251, 62, 11, 142, 136, 188, 135, 0, 3, 16, 150, 182, 248, 62, 63, 18, 57, 63, 60, 142, 251, 62, 176, 141, 136, 188, 138, 0, 3, 17, 102, 182, 28, 62, 37, 225, 189, 62, 131, 126, 106, 63, 239, 216, 236, 187, 141, 0, 3, 30, 0, 0, 0, 0, 0, 0, 0, 0, 0, 0, 128, 63, 0, 0, 0, 128, 144, 0, 8, 2, 31, 20, 19, 5, 22, 24, 28, 10, 30, 17, 16, 2, 25, 27, 29, 13, 0, 1, 2, 3, 4, 5, 6, 5, 4, 7, 2, 1, 8, 9, 10, 11, 12, 13, 14, 10, 9, 15, 13, 12, 16, 17, 18, 0, 16, 0, 2, 19, 20, 21, 3, 19, 3, 5, 22, 5, 6, 22, 6, 23, 24, 25, 2, 7, 25, 7, 26, 27, 28, 24, 23, 8, 28, 8, 10, 29, 27, 26, 11, 29, 11, 13, 30, 10, 14, 30, 14, 18, 17, 31, 13, 15, 31, 15, 21, 20, 32, 12, 11, 32, 11, 26, 32, 26, 7, 32, 7, 1, 33, 9, 8, 33, 8, 23, 33, 23, 6, 33, 6, 4, 34, 1, 0, 34, 0, 18, 34, 18, 14, 34, 14, 9, 35, 4, 3, 35, 3, 21, 35, 21, 15, 35, 15, 12, 35, 12, 32, 1, 34, 9, 33, 4, 0, 24, 0, 11, 0, 12, 0, 13, 0, 14, 0, 17, 0, 18, 0, 21, 0, 22, 0, 9, 0, 10, 0, 15, 0, 16, 0, 19, 0, 20, 0, 23, 1, 33, 1, 4, 1, 10, 2, 37, 2, 3, 2, 12, 3, 13, 3, 32, 4, 15, 4, 28, 5, 29, 5, 7, 5, 18, 6, 25, 6, 8, 6, 20, 7, 21, 7, 36, 8, 23, 8, 40, 9, 22, 9, 34, 9, 10, 11, 24, 11, 38, 11, 12, 13, 14, 14, 31, 14, 17, 15, 16, 16, 27, 16, 19, 17, 30, 17, 18, 19, 26, 19, 20, 21, 22, 22, 35, 23, 24, 24, 39, 25, 41, 25, 26, 26, 27, 27, 28, 28, 41, 29, 41, 29, 30, 30, 31, 31, 32, 32, 41, 33, 41, 33, 34, 34, 35, 35, 36, 36, 41, 37, 41, 37, 38, 38, 39, 39, 40, 40, 41, 1, 9, 10, 1, 4, 28, 0, 1, 4, 2, 11, 12, 2, 3, 32, 0, 2, 3, 3, 13, 14, 4, 15, 16, 5, 17, 18, 5, 7, 29, 0, 5, 7, 6, 19, 20, 6, 8, 25, 0, 6, 8, 7, 21, 22, 8, 23, 24, 0, 9, 10, 0, 9, 22, 9, 22, 34, 0, 11, 12, 0, 11, 24, 11, 24, 38, 0, 13, 14, 14, 17, 30, 0, 14, 17, 0, 15, 16, 16, 19, 26, 0, 16, 19, 0, 17, 18, 0, 19, 20, 0, 21, 22, 0, 23, 24, 25, 26, 27, 29, 30, 31, 33, 34, 35, 37, 38, 39, 31, 0, 20, 0, 20, 0, 19, 0, 19, 0, 5, 0, 5, 0, 22, 0, 22, 0, 24, 0, 24, 0, 28, 0, 28, 0, 10, 0, 10, 0, 30, 0, 30, 0, 17, 0, 17, 0, 16, 0, 16, 0, 2, 0, 2, 0, 25, 0, 25, 0, 27, 0, 27, 0, 29, 0, 29, 0, 13, 0, 13, 0, 31, 0, 0, 0, 1, 0, 1, 0, 2, 0, 2, 0, 0, 0, 3, 0, 4, 0, 4, 0, 5, 0, 5, 0, 3, 0, 6, 0, 5, 0, 4, 0, 6, 0, 7, 0, 2, 0, 1, 0, 7, 0, 8, 0, 9, 0, 9, 0, 10, 0, 10, 0, 8, 0, 11, 0, 12, 0, 12, 0, 13, 0, 13, 0, 11, 0, 14, 0, 10, 0, 9, 0, 14, 0, 15, 0, 13, 0, 12, 0, 15, 0, 17, 0, 18, 0, 18, 0, 0, 0, 0, 0, 16, 0, 20, 0, 21, 0, 21, 0, 3, 0, 3, 0, 19, 0, 6, 0, 22, 0, 6, 0, 23, 0, 23, 0, 24, 0, 7, 0, 25, 0, 7, 0, 26, 0, 26, 0, 27, 0, 23, 0, 8, 0, 8, 0, 28, 0, 26, 0, 11, 0, 11, 0, 29, 0, 14, 0, 30, 0, 14, 0, 18, 0, 15, 0, 31, 0, 15, 0, 21, 0, 32, 0, 12, 0, 11, 0, 32, 0, 26, 0, 32, 0, 7, 0, 32, 0, 1, 0, 32, 0, 33, 0, 9, 0, 8, 0, 33, 0, 23, 0, 33, 0, 6, 0, 33, 0, 4, 0, 33, 0, 34, 0, 1, 0, 0, 0, 34, 0, 18, 0, 34, 0, 14, 0, 34, 0, 9, 0, 34, 0, 35, 0, 4, 0, 3, 0, 35, 0, 21, 0, 35, 0, 15, 0, 35, 0, 12, 0, 35, 0, 0, 0, 0, 0, 135, 225, 163, 188, 10, 215, 163, 188, 10, 215, 163, 188, 135, 225, 163, 60, 10, 215, 163, 60, 0, 0, 0, 0, 31, 51, 204, 55, 100, 26, 193, 49, 230, 14, 168, 37, 239, 62, 22, 37, 230, 14, 168, 37, 133, 27, 193, 49, 201, 154, 41, 165, 239, 62, 22, 37, 201, 154, 41, 165, 171, 20, 162, 49, 8, 88, 236, 47, 101, 198, 30, 176, 194, 124, 36, 188, 0, 0, 128, 63, 73, 67, 69, 1, 83, 85, 80, 77, 0, 0, 0, 0, 73, 67, 69, 1, 71, 65, 85, 83, 0, 0, 0, 0, 16, 0, 0, 0, 0, 6, 0, 0, 24, 24, 24, 24, 24, 24, 24, 24, 23, 23, 23, 23, 23, 23, 33, 33, 24, 24, 24, 24, 24, 24, 24, 24, 23, 23, 23, 23, 23, 23, 33, 33, 24, 24, 24, 24, 24, 24, 24, 24, 23, 23, 23, 23, 23, 33, 33, 33, 22, 22, 22, 22, 22, 22, 22, 22, 6, 6, 6, 6, 6, 6, 6, 6, 22, 22, 22, 22, 22, 22, 22, 22, 6, 6, 6, 6, 6, 6, 6, 6, 22, 22, 22, 22, 22, 22, 22, 22, 6, 6, 6, 6, 6, 6, 6, 6, 5, 5, 5, 5, 5, 5, 5, 5, 6, 6, 6, 6, 4, 4, 4, 4, 5, 5, 5, 5, 5, 5, 5, 5, 4, 4, 4, 4, 4, 4, 4, 4, 5, 5, 5, 5, 5, 5, 5, 5, 4, 4, 4, 4, 4, 4, 4, 4, 5, 5, 5, 5, 5, 5, 5, 5, 3, 3, 3, 3, 4, 4, 4, 4, 19, 19, 19, 19, 19, 19, 19, 19, 3, 3, 3, 3, 3, 3, 3, 3, 19, 19, 19, 19, 19, 19, 19, 19, 3, 3, 3, 3, 3, 3, 3, 3, 19, 19, 19, 19, 19, 19, 19, 19, 3, 3, 3, 3, 3, 3, 3, 3, 20, 20, 20, 20, 20, 20, 20, 20, 21, 21, 21, 21, 21, 35, 35, 35, 20, 20, 20, 20, 20, 20, 20, 20, 21, 21, 21, 21, 21, 21, 35, 35, 20, 20, 20, 20, 20, 20, 20, 20, 21, 21, 21, 21, 21, 21, 35, 35, 17, 17, 17, 17, 17, 17, 17, 17, 18, 18, 18, 18, 18, 18, 34, 34, 17, 17, 17, 17, 17, 17, 17, 17, 18, 18, 18, 18, 18, 18, 34, 34, 17, 17, 17, 17, 17, 17, 17, 17, 18, 18, 18, 18, 18, 34, 34, 34, 16, 16, 16, 16, 16, 16, 16, 16, 0, 0, 0, 0, 0, 0, 0, 0, 16, 16, 16, 16, 16, 16, 16, 16, 0, 0, 0, 0, 0, 0, 0, 0, 16, 16, 16, 16, 16, 16, 16, 16, 0, 0, 0, 0, 0, 0, 0, 0, 2, 2, 2, 2, 2, 2, 2, 2, 0, 0, 0, 0, 1, 1, 1, 1, 2, 2, 2, 2, 2, 2, 2, 2, 1, 1, 1, 1, 1, 1, 1, 1, 2, 2, 2, 2, 2, 2, 2, 2, 1, 1, 1, 1, 1, 1, 1, 1, 2, 2, 2, 2, 2, 2, 2, 2, 7, 7, 7, 7, 1, 1, 1, 1, 25, 25, 25, 25, 25, 25, 25, 25, 7, 7, 7, 7, 7, 7, 7, 7, 25, 25, 25, 25, 25, 25, 25, 25, 7, 7, 7, 7, 7, 7, 7, 7, 25, 25, 25, 25, 25, 25, 25, 25, 7, 7, 7, 7, 7, 7, 7, 7, 27, 27, 27, 27, 27, 27, 27, 27, 26, 26, 26, 26, 26, 32, 32, 32, 27, 27, 27, 27, 27, 27, 27, 27, 26, 26, 26, 26, 26, 26, 32, 32, 27, 27, 27, 27, 27, 27, 27, 27, 26, 26, 26, 26, 26, 26, 32, 32, 27, 27, 27, 29, 29, 29, 13, 13, 13, 13, 31, 31, 31, 20, 20, 20, 27, 27, 27, 29, 29, 29, 13, 13, 13, 13, 31, 31, 31, 20, 20, 20, 27, 27, 27, 29, 29, 29, 13, 13, 13, 13, 31, 31, 31, 20, 20, 20, 27, 27, 27, 29, 29, 29, 13, 13, 13, 13, 31, 31, 31, 20, 20, 20, 27, 27, 27, 29, 29, 29, 13, 13, 13, 13, 31, 31, 31, 20, 20, 20, 27, 27, 27, 29, 29, 29, 13, 13, 13, 13, 31, 31, 31, 20, 20, 20, 27, 27, 27, 29, 29, 29, 13, 13, 13, 13, 31, 31, 31, 20, 20, 20, 27, 27, 27, 29, 29, 29, 13, 13, 13, 13, 31, 31, 31, 20, 20, 20, 26, 26, 26, 11, 11, 11, 11, 12, 12, 15, 15, 15, 15, 21, 21, 21, 26, 26, 26, 11, 11, 11, 11, 12, 12, 15, 15, 15, 15, 21, 21, 21, 26, 26, 26, 11, 11, 11, 11, 12, 12, 15, 15, 15, 15, 21, 21, 21, 26, 26, 26, 11, 11, 11, 11, 12, 12, 15, 15, 15, 15, 21, 21, 21, 26, 26, 26, 11, 11, 11, 12, 12, 12, 12, 15, 15, 15, 21, 21, 21, 26, 26, 32, 11, 11, 11, 12, 12, 12, 12, 15, 15, 15, 35, 21, 21, 32, 32, 32, 11, 11, 11, 12, 12, 12, 12, 15, 15, 15, 35, 35, 35, 32, 32, 32, 11, 11, 11, 12, 12, 12, 12, 15, 15, 15, 35, 35, 35, 17, 17, 17, 30, 30, 30, 10, 10, 10, 10, 28, 28, 28, 24, 24, 24, 17, 17, 17, 30, 30, 30, 10, 10, 10, 10, 28, 28, 28, 24, 24, 24, 17, 17, 17, 30, 30, 30, 10, 10, 10, 10, 28, 28, 28, 24, 24, 24, 17, 17, 17, 30, 30, 30, 10, 10, 10, 10, 28, 28, 28, 24, 24, 24, 17, 17, 17, 30, 30, 30, 10, 10, 10, 10, 28, 28, 28, 24, 24, 24, 17, 17, 17, 30, 30, 30, 10, 10, 10, 10, 28, 28, 28, 24, 24, 24, 17, 17, 17, 30, 30, 30, 10, 10, 10, 10, 28, 28, 28, 24, 24, 24, 17, 17, 17, 30, 30, 30, 10, 10, 10, 10, 28, 28, 28, 24, 24, 24, 18, 18, 18, 14, 14, 14, 14, 9, 9, 8, 8, 8, 8, 23, 23, 23, 18, 18, 18, 14, 14, 14, 14, 9, 9, 8, 8, 8, 8, 23, 23, 23, 18, 18, 18, 14, 14, 14, 14, 9, 9, 8, 8, 8, 8, 23, 23, 23, 18, 18, 18, 14, 14, 14, 14, 9, 9, 8, 8, 8, 8, 23, 23, 23, 18, 18, 18, 14, 14, 14, 9, 9, 9, 9, 8, 8, 8, 23, 23, 23, 18, 18, 34, 14, 14, 14, 9, 9, 9, 9, 8, 8, 8, 33, 23, 23, 34, 34, 34, 14, 14, 14, 9, 9, 9, 9, 8, 8, 8, 33, 33, 33, 34, 34, 34, 14, 14, 14, 9, 9, 9, 9, 8, 8, 8, 33, 33, 33, 34, 34, 34, 0, 0, 0, 1, 1, 1, 1, 7, 7, 7, 32, 32, 32, 34, 34, 34, 34, 0, 0, 1, 1, 1, 1, 7, 7, 32, 32, 32, 32, 34, 34, 34, 34, 34, 0, 1, 1, 1, 1, 7, 32, 32, 32, 32, 32, 14, 34, 34, 34, 34, 34, 0, 1, 1, 7, 32, 32, 32, 32, 32, 11, 14, 14, 34, 34, 34, 34, 0, 1, 1, 7, 32, 32, 32, 32, 11, 11, 14, 14, 14, 34, 34, 34, 34, 1, 1, 32, 32, 32, 32, 11, 11, 11, 9, 9, 9, 14, 14, 34, 34, 1, 1, 32, 32, 11, 11, 12, 12, 12, 9, 9, 9, 9, 9, 9, 9, 34, 32, 12, 12, 12, 12, 12, 12, 12, 9, 9, 9, 9, 9, 9, 9, 33, 35, 12, 12, 12, 12, 12, 12, 12, 9, 9, 9, 8, 8, 33, 33, 4, 4, 35, 35, 15, 15, 12, 12, 12, 8, 8, 8, 33, 33, 33, 33, 4, 4, 35, 35, 35, 35, 15, 15, 15, 8, 8, 33, 33, 33, 33, 6, 4, 4, 3, 35, 35, 35, 35, 15, 15, 8, 33, 33, 33, 33, 33, 6, 4, 4, 3, 35, 35, 35, 35, 35, 15, 33, 33, 33, 33, 33, 6, 4, 4, 4, 4, 3, 35, 35, 35, 35, 35, 33, 33, 33, 33, 6, 6, 4, 4, 4, 4, 3, 3, 35, 35, 35, 35, 33, 33, 33, 6, 6, 6, 4, 4, 4, 4, 3, 3, 3, 35, 35, 35, 17, 17, 17, 16, 16, 16, 2, 2, 2, 2, 25, 25, 25, 27, 27, 27, 17, 17, 17, 17, 16, 16, 16, 2, 2, 25, 25, 25, 27, 27, 27, 27, 17, 17, 17, 17, 16, 16, 16, 2, 2, 25, 25, 25, 27, 27, 27, 27, 30, 17, 17, 17, 17, 16, 16, 2, 2, 25, 25, 27, 27, 27, 27, 29, 30, 30, 30, 17, 17, 17, 16, 2, 2, 25, 27, 27, 27, 29, 29, 29, 30, 30, 30, 30, 17, 17, 16, 2, 2, 25, 27, 27, 29, 29, 29, 29, 10, 30, 30, 30, 30, 30, 17, 16, 25, 27, 29, 29, 29, 29, 29, 13, 10, 10, 10, 10, 10, 10, 30, 17, 27, 29, 13, 13, 13, 13, 13, 13, 10, 10, 10, 10, 10, 10, 28, 24, 20, 31, 13, 13, 13, 13, 13, 13, 10, 28, 28, 28, 28, 28, 24, 22, 19, 20, 31, 31, 31, 31, 31, 13, 28, 28, 28, 28, 24, 24, 22, 5, 5, 19, 20, 20, 31, 31, 31, 31, 28, 28, 28, 24, 24, 24, 22, 5, 5, 19, 20, 20, 20, 31, 31, 31, 28, 24, 24, 24, 24, 22, 22, 5, 5, 19, 19, 20, 20, 20, 20, 31, 24, 24, 24, 24, 22, 22, 22, 5, 5, 19, 19, 19, 20, 20, 20, 20, 24, 24, 24, 24, 22, 22, 22, 5, 5, 19, 19, 19, 20, 20, 20, 20, 24, 24, 24, 22, 22, 22, 5, 5, 5, 5, 19, 19, 19, 20, 20, 20, 32, 32, 26, 26, 26, 26, 26, 26, 27, 27, 27, 27, 27, 27, 27, 27, 32, 32, 26, 26, 26, 26, 26, 26, 27, 27, 27, 27, 27, 27, 27, 27, 32, 32, 32, 26, 26, 26, 26, 26, 27, 27, 27, 27, 27, 27, 27, 27, 7, 7, 7, 7, 7, 7, 7, 7, 25, 25, 25, 25, 25, 25, 25, 25, 7, 7, 7, 7, 7, 7, 7, 7, 25, 25, 25, 25, 25, 25, 25, 25, 7, 7, 7, 7, 7, 7, 7, 7, 25, 25, 25, 25, 25, 25, 25, 25, 1, 1, 1, 1, 7, 7, 7, 7, 2, 2, 2, 2, 2, 2, 2, 2, 1, 1, 1, 1, 1, 1, 1, 1, 2, 2, 2, 2, 2, 2, 2, 2, 1, 1, 1, 1, 1, 1, 1, 1, 2, 2, 2, 2, 2, 2, 2, 2, 1, 1, 1, 1, 0, 0, 0, 0, 2, 2, 2, 2, 2, 2, 2, 2, 0, 0, 0, 0, 0, 0, 0, 0, 16, 16, 16, 16, 16, 16, 16, 16, 0, 0, 0, 0, 0, 0, 0, 0, 16, 16, 16, 16, 16, 16, 16, 16, 0, 0, 0, 0, 0, 0, 0, 0, 16, 16, 16, 16, 16, 16, 16, 16, 34, 34, 34, 18, 18, 18, 18, 18, 17, 17, 17, 17, 17, 17, 17, 17, 34, 34, 18, 18, 18, 18, 18, 18, 17, 17, 17, 17, 17, 17, 17, 17, 34, 34, 18, 18, 18, 18, 18, 18, 17, 17, 17, 17, 17, 17, 17, 17, 35, 35, 21, 21, 21, 21, 21, 21, 20, 20, 20, 20, 20, 20, 20, 20, 35, 35, 21, 21, 21, 21, 21, 21, 20, 20, 20, 20, 20, 20, 20, 20, 35, 35, 35, 21, 21, 21, 21, 21, 20, 20, 20, 20, 20, 20, 20, 20, 3, 3, 3, 3, 3, 3, 3, 3, 19, 19, 19, 19, 19, 19, 19, 19, 3, 3, 3, 3, 3, 3, 3, 3, 19, 19, 19, 19, 19, 19, 19, 19, 3, 3, 3, 3, 3, 3, 3, 3, 19, 19, 19, 19, 19, 19, 19, 19, 4, 4, 4, 4, 3, 3, 3, 3, 5, 5, 5, 5, 5, 5, 5, 5, 4, 4, 4, 4, 4, 4, 4, 4, 5, 5, 5, 5, 5, 5, 5, 5, 4, 4, 4, 4, 4, 4, 4, 4, 5, 5, 5, 5, 5, 5, 5, 5, 4, 4, 4, 4, 6, 6, 6, 6, 5, 5, 5, 5, 5, 5, 5, 5, 6, 6, 6, 6, 6, 6, 6, 6, 22, 22, 22, 22, 22, 22, 22, 22, 6, 6, 6, 6, 6, 6, 6, 6, 22, 22, 22, 22, 22, 22, 22, 22, 6, 6, 6, 6, 6, 6, 6, 6, 22, 22, 22, 22, 22, 22, 22, 22, 33, 33, 33, 23, 23, 23, 23, 23, 24, 24, 24, 24, 24, 24, 24, 24, 33, 33, 23, 23, 23, 23, 23, 23, 24, 24, 24, 24, 24, 24, 24, 24, 33, 33, 23, 23, 23, 23, 23, 23, 24, 24, 24, 24, 24, 24, 24, 24, 33, 33, 33, 8, 8, 8, 9, 9, 9, 9, 14, 14, 14, 34, 34, 34, 33, 33, 33, 8, 8, 8, 9, 9, 9, 9, 14, 14, 14, 34, 34, 34, 23, 23, 33, 8, 8, 8, 9, 9, 9, 9, 14, 14, 14, 34, 18, 18, 23, 23, 23, 8, 8, 8, 9, 9, 9, 9, 14, 14, 14, 18, 18, 18, 23, 23, 23, 8, 8, 8, 8, 9, 9, 14, 14, 14, 14, 18, 18, 18, 23, 23, 23, 8, 8, 8, 8, 9, 9, 14, 14, 14, 14, 18, 18, 18, 23, 23, 23, 8, 8, 8, 8, 9, 9, 14, 14, 14, 14, 18, 18, 18, 23, 23, 23, 8, 8, 8, 8, 9, 9, 14, 14, 14, 14, 18, 18, 18, 24, 24, 24, 28, 28, 28, 10, 10, 10, 10, 30, 30, 30, 17, 17, 17, 24, 24, 24, 28, 28, 28, 10, 10, 10, 10, 30, 30, 30, 17, 17, 17, 24, 24, 24, 28, 28, 28, 10, 10, 10, 10, 30, 30, 30, 17, 17, 17, 24, 24, 24, 28, 28, 28, 10, 10, 10, 10, 30, 30, 30, 17, 17, 17, 24, 24, 24, 28, 28, 28, 10, 10, 10, 10, 30, 30, 30, 17, 17, 17, 24, 24, 24, 28, 28, 28, 10, 10, 10, 10, 30, 30, 30, 17, 17, 17, 24, 24, 24, 28, 28, 28, 10, 10, 10, 10, 30, 30, 30, 17, 17, 17, 24, 24, 24, 28, 28, 28, 10, 10, 10, 10, 30, 30, 30, 17, 17, 17, 35, 35, 35, 15, 15, 15, 12, 12, 12, 12, 11, 11, 11, 32, 32, 32, 35, 35, 35, 15, 15, 15, 12, 12, 12, 12, 11, 11, 11, 32, 32, 32, 21, 21, 35, 15, 15, 15, 12, 12, 12, 12, 11, 11, 11, 32, 26, 26, 21, 21, 21, 15, 15, 15, 12, 12, 12, 12, 11, 11, 11, 26, 26, 26, 21, 21, 21, 15, 15, 15, 15, 12, 12, 11, 11, 11, 11, 26, 26, 26, 21, 21, 21, 15, 15, 15, 15, 12, 12, 11, 11, 11, 11, 26, 26, 26, 21, 21, 21, 15, 15, 15, 15, 12, 12, 11, 11, 11, 11, 26, 26, 26, 21, 21, 21, 15, 15, 15, 15, 12, 12, 11, 11, 11, 11, 26, 26, 26, 20, 20, 20, 31, 31, 31, 13, 13, 13, 13, 29, 29, 29, 27, 27, 27, 20, 20, 20, 31, 31, 31, 13, 13, 13, 13, 29, 29, 29, 27, 27, 27, 20, 20, 20, 31, 31, 31, 13, 13, 13, 13, 29, 29, 29, 27, 27, 27, 20, 20, 20, 31, 31, 31, 13, 13, 13, 13, 29, 29, 29, 27, 27, 27, 20, 20, 20, 31, 31, 31, 13, 13, 13, 13, 29, 29, 29, 27, 27, 27, 20, 20, 20, 31, 31, 31, 13, 13, 13, 13, 29, 29, 29, 27, 27, 27, 20, 20, 20, 31, 31, 31, 13, 13, 13, 13, 29, 29, 29, 27, 27, 27, 20, 20, 20, 31, 31, 31, 13, 13, 13, 13, 29, 29, 29, 27, 27, 27, 20, 20, 20, 19, 19, 19, 5, 5, 5, 5, 22, 22, 22, 24, 24, 24, 20, 20, 20, 20, 19, 19, 19, 5, 5, 22, 22, 22, 24, 24, 24, 24, 20, 20, 20, 20, 19, 19, 19, 5, 5, 22, 22, 22, 24, 24, 24, 24, 31, 20, 20, 20, 20, 19, 19, 5, 5, 22, 22, 24, 24, 24, 24, 28, 31, 31, 31, 20, 20, 20, 19, 5, 5, 22, 24, 24, 24, 28, 28, 28, 31, 31, 31, 31, 20, 20, 19, 5, 5, 22, 24, 24, 28, 28, 28, 28, 13, 31, 31, 31, 31, 31, 20, 19, 22, 24, 28, 28, 28, 28, 28, 10, 13, 13, 13, 13, 13, 13, 31, 20, 24, 28, 10, 10, 10, 10, 10, 10, 13, 13, 13, 13, 13, 13, 29, 27, 17, 30, 10, 10, 10, 10, 10, 10, 13, 29, 29, 29, 29, 29, 27, 25, 16, 17, 30, 30, 30, 30, 30, 10, 29, 29, 29, 29, 27, 27, 25, 2, 2, 16, 17, 17, 30, 30, 30, 30, 29, 29, 29, 27, 27, 27, 25, 2, 2, 16, 17, 17, 17, 30, 30, 30, 29, 27, 27, 27, 27, 25, 25, 2, 2, 16, 16, 17, 17, 17, 17, 30, 27, 27, 27, 27, 25, 25, 25, 2, 2, 16, 16, 16, 17, 17, 17, 17, 27, 27, 27, 27, 25, 25, 25, 2, 2, 16, 16, 16, 17, 17, 17, 17, 27, 27, 27, 25, 25, 25, 2, 2, 2, 2, 16, 16, 16, 17, 17, 17, 35, 35, 35, 3, 3, 3, 4, 4, 4, 4, 6, 6, 6, 33, 33, 33, 35, 35, 35, 35, 3, 3, 4, 4, 4, 4, 6, 6, 33, 33, 33, 33, 35, 35, 35, 35, 35, 3, 4, 4, 4, 4, 6, 33, 33, 33, 33, 33, 15, 35, 35, 35, 35, 35, 3, 4, 4, 6, 33, 33, 33, 33, 33, 8, 15, 15, 35, 35, 35, 35, 3, 4, 4, 6, 33, 33, 33, 33, 8, 8, 15, 15, 15, 35, 35, 35, 35, 4, 4, 33, 33, 33, 33, 8, 8, 8, 12, 12, 12, 15, 15, 35, 35, 4, 4, 33, 33, 8, 8, 9, 9, 9, 12, 12, 12, 12, 12, 12, 12, 35, 33, 9, 9, 9, 9, 9, 9, 9, 12, 12, 12, 12, 12, 12, 12, 32, 34, 9, 9, 9, 9, 9, 9, 9, 12, 12, 12, 11, 11, 32, 32, 1, 1, 34, 34, 14, 14, 9, 9, 9, 11, 11, 11, 32, 32, 32, 32, 1, 1, 34, 34, 34, 34, 14, 14, 14, 11, 11, 32, 32, 32, 32, 7, 1, 1, 0, 34, 34, 34, 34, 14, 14, 11, 32, 32, 32, 32, 32, 7, 1, 1, 0, 34, 34, 34, 34, 34, 14, 32, 32, 32, 32, 32, 7, 1, 1, 1, 1, 0, 34, 34, 34, 34, 34, 32, 32, 32, 32, 7, 7, 1, 1, 1, 1, 0, 0, 34, 34, 34, 34, 32, 32, 32, 7, 7, 7, 1, 1, 1, 1, 0, 0, 0, 34, 34, 34, 73, 67, 69, 1, 86, 65, 76, 69, 2, 0, 0, 0, 36, 0, 0, 0, 152, 0, 0, 0, 5, 0, 0, 0, 5, 5, 5, 5, 5, 5, 5, 5, 5, 5, 5, 5, 5, 5, 5, 5, 3, 3, 4, 3, 3, 4, 3, 4, 3, 3, 4, 3, 3, 3, 3, 3, 5, 5, 5, 5, 1, 34, 18, 16, 2, 2, 7, 32, 34, 0, 25, 7, 1, 0, 16, 4, 35, 21, 19, 5, 5, 6, 33, 35, 3, 22, 6, 4, 3, 19, 5, 22, 23, 33, 4, 2, 25, 26, 32, 1, 9, 33, 23, 28, 10, 10, 14, 34, 33, 8, 30, 14, 9, 8, 28, 12, 32, 26, 29, 13, 13, 15, 35, 32, 11, 31, 15, 12, 11, 29, 10, 30, 18, 34, 9, 13, 31, 21, 35, 12, 2, 0, 17, 16, 18, 30, 0, 34, 14, 17, 5, 3, 20, 19, 21, 31, 3, 35, 15, 20, 24, 6, 5, 24, 8, 33, 6, 28, 23, 22, 27, 7, 2, 27, 11, 32, 7, 29, 26, 25, 10, 8, 24, 13, 11, 27, 17, 14, 10, 20, 15, 13, 12, 1, 7, 26, 11, 9, 4, 6, 23, 8, 1, 9, 14, 18, 0, 4, 12, 15, 21, 3, 0, 0, 128, 191, 81, 49, 35, 60, 91, 242, 153, 60, 74, 112, 188, 59, 74, 112, 188, 59]
            }
        }

        over "thumb_pip_link"
        {
            over "collisions" (
                prepend apiSchemas = ["PhysxCookedDataAPI:convexHull"]
            )
            {
                uchar[] physxCookedData:convexHull:buffer = [9, 238, 45, 86, 153, 119, 143, 132, 49, 232, 235, 241, 8, 225, 251, 216, 253, 78, 88, 83, 1, 67, 86, 88, 77, 14, 0, 0, 0, 0, 0, 0, 0, 73, 67, 69, 1, 67, 76, 72, 76, 9, 0, 0, 0, 22, 0, 0, 0, 45, 128, 0, 0, 25, 0, 0, 0, 90, 0, 0, 0, 150, 230, 150, 187, 224, 148, 140, 187, 150, 67, 139, 60, 213, 125, 16, 188, 250, 84, 11, 188, 150, 67, 139, 60, 17, 133, 189, 187, 203, 33, 204, 187, 150, 67, 139, 188, 166, 29, 6, 187, 45, 155, 9, 60, 150, 67, 139, 60, 146, 147, 0, 187, 47, 150, 116, 60, 150, 67, 139, 60, 87, 116, 177, 188, 99, 159, 118, 60, 187, 184, 141, 60, 215, 99, 157, 188, 95, 93, 148, 187, 150, 67, 139, 60, 8, 122, 119, 188, 250, 84, 11, 188, 150, 67, 139, 60, 215, 99, 157, 188, 95, 93, 148, 187, 150, 67, 139, 188, 158, 118, 84, 188, 132, 212, 20, 188, 184, 64, 130, 188, 25, 213, 114, 188, 214, 151, 7, 188, 187, 184, 141, 188, 196, 34, 21, 188, 214, 151, 7, 188, 187, 184, 141, 188, 188, 60, 20, 187, 99, 159, 118, 60, 187, 184, 141, 188, 166, 29, 6, 187, 45, 155, 9, 60, 150, 67, 139, 188, 58, 56, 179, 188, 45, 155, 9, 60, 150, 67, 139, 60, 58, 56, 179, 188, 45, 155, 9, 60, 150, 67, 139, 188, 188, 60, 20, 187, 106, 221, 129, 60, 2, 43, 135, 60, 188, 60, 20, 187, 106, 221, 129, 60, 2, 43, 135, 188, 87, 116, 177, 188, 106, 221, 129, 60, 2, 43, 135, 60, 87, 116, 177, 188, 106, 221, 129, 60, 2, 43, 135, 188, 87, 116, 177, 188, 99, 159, 118, 60, 187, 184, 141, 188, 119, 65, 134, 187, 250, 47, 43, 187, 0, 111, 129, 188, 89, 201, 120, 60, 131, 14, 216, 187, 5, 247, 127, 63, 205, 49, 138, 188, 0, 0, 7, 20, 38, 255, 52, 63, 38, 255, 52, 191, 38, 156, 129, 60, 174, 65, 66, 184, 7, 0, 3, 19, 103, 13, 50, 191, 64, 240, 55, 191, 0, 0, 0, 0, 40, 30, 136, 188, 10, 0, 3, 16, 0, 0, 0, 0, 213, 245, 127, 191, 191, 83, 144, 60, 171, 55, 16, 188, 13, 0, 3, 17, 30, 133, 201, 190, 26, 83, 107, 191, 85, 126, 25, 188, 252, 223, 94, 188, 16, 0, 3, 16, 145, 75, 38, 191, 77, 157, 66, 191, 86, 210, 42, 188, 99, 227, 131, 188, 19, 0, 3, 16, 0, 0, 0, 0, 67, 186, 93, 191, 192, 233, 255, 190, 147, 142, 129, 188, 22, 0, 3, 16, 181, 125, 249, 61, 210, 80, 18, 189, 191, 237, 125, 191, 168, 233, 133, 188, 25, 0, 4, 5, 208, 132, 6, 63, 54, 203, 89, 191, 103, 226, 35, 188, 84, 78, 31, 187, 29, 0, 3, 18, 237, 152, 78, 62, 20, 186, 122, 191, 149, 19, 6, 188, 189, 15, 210, 187, 32, 0, 3, 18, 90, 186, 122, 191, 240, 190, 78, 190, 0, 0, 0, 0, 47, 163, 161, 188, 35, 0, 4, 4, 135, 12, 62, 190, 5, 182, 28, 189, 146, 92, 123, 63, 221, 94, 167, 188, 39, 0, 3, 12, 23, 58, 134, 60, 171, 175, 245, 62, 206, 143, 96, 63, 216, 148, 180, 188, 42, 0, 3, 10, 157, 126, 115, 63, 115, 17, 158, 62, 0, 0, 0, 0, 16, 191, 51, 187, 45, 0, 3, 6, 196, 246, 127, 63, 243, 126, 137, 60, 0, 0, 0, 0, 144, 183, 249, 58, 48, 0, 5, 14, 0, 0, 0, 0, 250, 4, 53, 63, 236, 4, 53, 63, 20, 104, 187, 188, 53, 0, 3, 10, 0, 0, 0, 0, 0, 0, 128, 63, 0, 0, 0, 0, 106, 221, 129, 188, 56, 0, 4, 9, 114, 225, 127, 191, 176, 32, 250, 60, 0, 0, 0, 0, 162, 60, 181, 188, 60, 0, 6, 3, 0, 0, 0, 0, 0, 0, 0, 0, 0, 0, 128, 191, 187, 184, 141, 188, 66, 0, 4, 5, 184, 200, 185, 189, 156, 232, 217, 188, 129, 218, 126, 191, 146, 231, 153, 188, 70, 0, 3, 4, 136, 12, 62, 190, 5, 182, 28, 189, 146, 92, 123, 191, 221, 94, 167, 188, 73, 0, 3, 4, 0, 0, 0, 0, 250, 4, 53, 63, 236, 4, 53, 191, 20, 104, 187, 188, 76, 0, 4, 1, 105, 58, 83, 63, 69, 219, 87, 190, 60, 48, 6, 191, 92, 166, 178, 187, 80, 0, 3, 5, 153, 74, 123, 63, 139, 126, 67, 190, 0, 0, 0, 0, 95, 187, 108, 59, 83, 0, 4, 18, 71, 66, 104, 63, 239, 75, 215, 190, 148, 139, 244, 187, 223, 229, 35, 59, 87, 0, 3, 18, 0, 3, 4, 5, 6, 7, 1, 0, 1, 2, 7, 6, 8, 7, 9, 1, 10, 9, 7, 10, 7, 8, 11, 9, 10, 11, 12, 13, 2, 11, 2, 1, 11, 1, 9, 14, 15, 8, 6, 14, 6, 5, 16, 5, 4, 17, 16, 4, 4, 3, 13, 12, 17, 18, 5, 16, 18, 16, 17, 19, 19, 20, 15, 14, 5, 18, 20, 12, 11, 10, 20, 10, 8, 20, 8, 15, 20, 19, 17, 12, 21, 2, 13, 21, 13, 3, 0, 21, 0, 2, 0, 23, 0, 14, 0, 12, 0, 11, 0, 2, 0, 3, 0, 1, 1, 8, 1, 24, 2, 10, 2, 5, 3, 4, 3, 9, 4, 6, 4, 5, 5, 19, 6, 9, 6, 18, 7, 18, 7, 14, 7, 22, 7, 8, 8, 9, 10, 17, 10, 20, 10, 11, 11, 17, 12, 15, 12, 13, 13, 16, 13, 14, 14, 23, 14, 21, 15, 17, 15, 16, 16, 21, 16, 17, 17, 21, 17, 20, 18, 21, 18, 19, 19, 20, 22, 24, 22, 23, 23, 24, 0, 1, 23, 0, 1, 3, 1, 7, 8, 0, 14, 23, 0, 12, 13, 0, 11, 12, 0, 2, 10, 0, 2, 3, 2, 5, 10, 3, 4, 6, 4, 5, 6, 6, 7, 8, 7, 14, 18, 7, 14, 22, 10, 11, 17, 10, 17, 20, 12, 13, 15, 13, 14, 16, 15, 16, 17, 16, 17, 21, 17, 18, 19, 22, 23, 24, 0, 0, 3, 0, 3, 0, 4, 0, 4, 0, 5, 0, 5, 0, 6, 0, 6, 0, 7, 0, 7, 0, 1, 0, 1, 0, 0, 0, 1, 0, 2, 0, 2, 0, 0, 0, 6, 0, 8, 0, 8, 0, 7, 0, 7, 0, 9, 0, 9, 0, 1, 0, 10, 0, 9, 0, 7, 0, 10, 0, 8, 0, 10, 0, 11, 0, 9, 0, 10, 0, 11, 0, 11, 0, 12, 0, 12, 0, 13, 0, 13, 0, 2, 0, 2, 0, 11, 0, 1, 0, 11, 0, 14, 0, 15, 0, 15, 0, 8, 0, 6, 0, 14, 0, 5, 0, 14, 0, 16, 0, 5, 0, 4, 0, 16, 0, 17, 0, 16, 0, 4, 0, 17, 0, 3, 0, 13, 0, 12, 0, 17, 0, 18, 0, 5, 0, 16, 0, 18, 0, 17, 0, 19, 0, 19, 0, 18, 0, 19, 0, 20, 0, 20, 0, 15, 0, 20, 0, 12, 0, 10, 0, 20, 0, 8, 0, 20, 0, 21, 0, 2, 0, 13, 0, 21, 0, 0, 0, 21, 0, 0, 0, 0, 0, 58, 56, 179, 188, 132, 212, 20, 188, 187, 184, 141, 188, 144, 147, 0, 187, 106, 221, 129, 60, 187, 184, 141, 60, 6, 79, 109, 55, 226, 191, 33, 49, 153, 114, 99, 48, 37, 125, 99, 173, 153, 114, 99, 48, 107, 133, 129, 49, 85, 17, 73, 44, 37, 125, 99, 173, 85, 17, 73, 44, 73, 55, 102, 49, 141, 96, 67, 188, 17, 138, 160, 59, 160, 243, 177, 184, 0, 0, 128, 191, 0, 0, 128, 191, 210, 236, 19, 60, 38, 207, 170, 59, 38, 207, 170, 59, 12, 186, 139, 60]
            }
        }

        over "link3"
        {
            over "collisions" (
                prepend apiSchemas = ["PhysxCookedDataAPI:convexHull"]
            )
            {
                uchar[] physxCookedData:convexHull:buffer = [9, 8, 59, 2, 13, 98, 243, 249, 218, 17, 13, 248, 45, 203, 48, 204, 43, 78, 88, 83, 1, 67, 86, 88, 77, 14, 0, 0, 0, 0, 0, 0, 0, 73, 67, 69, 1, 67, 76, 72, 76, 9, 0, 0, 0, 36, 0, 0, 0, 91, 128, 0, 0, 57, 0, 0, 0, 182, 0, 0, 0, 116, 236, 128, 189, 183, 200, 103, 61, 33, 176, 146, 62, 68, 19, 205, 60, 132, 183, 108, 61, 33, 176, 146, 62, 10, 215, 35, 189, 236, 81, 184, 61, 231, 127, 209, 183, 205, 29, 146, 189, 163, 234, 50, 61, 176, 174, 146, 62, 15, 199, 148, 189, 6, 30, 14, 189, 100, 176, 146, 62, 116, 236, 128, 189, 37, 213, 82, 189, 33, 176, 146, 62, 205, 59, 206, 60, 51, 216, 89, 189, 29, 173, 146, 62, 32, 78, 22, 61, 211, 44, 21, 189, 255, 175, 146, 62, 63, 157, 28, 61, 118, 156, 174, 187, 222, 175, 146, 62, 185, 98, 16, 61, 65, 148, 57, 61, 54, 175, 146, 62, 10, 215, 35, 61, 236, 81, 184, 61, 27, 0, 210, 55, 122, 126, 146, 189, 178, 157, 111, 61, 0, 0, 0, 0, 15, 193, 231, 188, 246, 156, 111, 189, 203, 21, 137, 189, 252, 142, 150, 184, 63, 49, 87, 188, 66, 187, 153, 189, 234, 71, 152, 183, 178, 157, 111, 189, 250, 138, 148, 189, 32, 171, 229, 60, 56, 145, 111, 61, 69, 125, 135, 189, 0, 0, 0, 0, 178, 157, 111, 61, 82, 126, 146, 189, 23, 160, 210, 55, 236, 81, 184, 61, 72, 220, 35, 189, 116, 115, 150, 61, 150, 225, 41, 61, 3, 0, 127, 57, 224, 191, 148, 61, 21, 153, 111, 189, 228, 79, 9, 185, 82, 126, 146, 61, 178, 157, 111, 61, 0, 0, 0, 0, 139, 67, 135, 61, 77, 151, 111, 61, 84, 116, 228, 188, 79, 224, 231, 60, 236, 81, 184, 61, 189, 112, 231, 188, 71, 150, 231, 188, 236, 81, 184, 61, 60, 188, 231, 188, 88, 66, 141, 61, 57, 31, 168, 188, 153, 234, 238, 188, 109, 3, 82, 61, 178, 157, 111, 189, 250, 10, 82, 189, 39, 92, 89, 189, 33, 177, 157, 188, 185, 187, 88, 189, 69, 223, 136, 189, 178, 157, 111, 189, 119, 20, 231, 188, 222, 159, 140, 189, 92, 135, 180, 60, 148, 22, 238, 188, 8, 234, 79, 189, 254, 148, 111, 61, 238, 151, 79, 189, 38, 170, 87, 61, 95, 188, 186, 60, 53, 236, 87, 189, 234, 0, 237, 60, 133, 120, 164, 188, 245, 111, 141, 189, 196, 132, 151, 189, 121, 37, 36, 189, 31, 32, 3, 185, 138, 66, 230, 188, 143, 111, 111, 61, 244, 206, 135, 189, 196, 138, 148, 189, 178, 157, 111, 189, 44, 0, 57, 55, 212, 75, 135, 189, 178, 144, 111, 61, 111, 202, 230, 188, 186, 25, 13, 55, 52, 177, 45, 57, 0, 0, 128, 63, 143, 175, 146, 190, 0, 0, 9, 13, 146, 193, 94, 188, 16, 73, 126, 63, 139, 253, 234, 61, 132, 49, 184, 189, 9, 0, 3, 14, 103, 117, 146, 184, 186, 101, 126, 63, 183, 205, 228, 61, 136, 42, 183, 189, 12, 0, 3, 14, 125, 222, 52, 191, 92, 12, 53, 63, 179, 251, 211, 60, 71, 59, 188, 189, 15, 0, 3, 19, 217, 122, 70, 190, 123, 254, 96, 189, 73, 192, 122, 191, 228, 21, 152, 189, 18, 0, 3, 9, 55, 138, 64, 62, 175, 119, 69, 61, 128, 33, 123, 191, 170, 123, 149, 189, 21, 0, 3, 4, 18, 197, 9, 62, 81, 110, 51, 63, 235, 80, 51, 191, 228, 149, 186, 189, 24, 0, 3, 5, 29, 30, 126, 63, 96, 143, 14, 188, 141, 66, 247, 61, 112, 170, 148, 189, 27, 0, 3, 32, 137, 184, 121, 63, 12, 36, 221, 61, 92, 108, 68, 190, 69, 214, 155, 189, 30, 0, 3, 4, 139, 49, 51, 63, 103, 100, 51, 63, 139, 22, 13, 190, 77, 127, 186, 189, 33, 0, 3, 5, 246, 186, 51, 63, 193, 224, 51, 63, 118, 231, 236, 61, 34, 8, 187, 189, 36, 0, 3, 34, 240, 237, 30, 63, 145, 159, 61, 63, 186, 117, 131, 190, 129, 95, 187, 189, 39, 0, 3, 5, 174, 242, 10, 63, 201, 217, 36, 63, 253, 8, 10, 191, 177, 90, 181, 189, 42, 0, 3, 5, 164, 174, 131, 62, 62, 1, 62, 63, 77, 109, 30, 191, 10, 133, 187, 189, 45, 0, 3, 5, 188, 87, 125, 63, 208, 11, 111, 61, 255, 121, 6, 62, 116, 233, 153, 189, 48, 0, 3, 32, 216, 39, 124, 63, 220, 195, 232, 61, 170, 21, 5, 62, 10, 233, 157, 189, 51, 0, 3, 34, 63, 139, 68, 63, 75, 210, 32, 63, 182, 45, 1, 62, 24, 188, 187, 189, 54, 0, 3, 34, 3, 132, 86, 191, 76, 132, 11, 63, 232, 90, 235, 60, 128, 12, 188, 189, 57, 0, 3, 19, 0, 0, 0, 0, 255, 255, 127, 63, 0, 0, 0, 0, 235, 81, 184, 189, 60, 0, 5, 14, 143, 149, 125, 63, 198, 253, 72, 189, 173, 10, 3, 62, 168, 48, 153, 189, 65, 0, 3, 11, 184, 184, 80, 63, 124, 122, 15, 191, 23, 224, 20, 62, 211, 97, 188, 189, 68, 0, 3, 11, 253, 98, 103, 63, 204, 88, 78, 190, 95, 60, 193, 190, 155, 176, 158, 189, 71, 0, 3, 3, 99, 204, 120, 63, 250, 216, 34, 61, 0, 183, 109, 190, 228, 122, 149, 189, 74, 0, 3, 4, 194, 166, 125, 63, 166, 69, 253, 187, 162, 41, 10, 190, 213, 88, 148, 189, 77, 0, 3, 4, 35, 22, 50, 191, 4, 99, 68, 190, 15, 59, 49, 191, 223, 47, 158, 189, 80, 0, 3, 9, 202, 27, 91, 191, 86, 117, 204, 188, 170, 60, 4, 191, 174, 250, 149, 189, 83, 0, 3, 8, 77, 100, 77, 191, 175, 126, 39, 61, 225, 114, 24, 191, 164, 29, 150, 189, 86, 0, 3, 7, 217, 60, 49, 63, 69, 194, 95, 62, 196, 12, 48, 191, 6, 26, 159, 189, 89, 0, 3, 4, 153, 173, 90, 63, 83, 241, 35, 61, 193, 180, 4, 191, 10, 242, 149, 189, 92, 0, 3, 4, 135, 225, 76, 63, 252, 237, 197, 188, 6, 94, 25, 191, 198, 217, 149, 189, 95, 0, 3, 3, 24, 112, 88, 62, 49, 191, 29, 61, 156, 5, 122, 191, 20, 19, 149, 189, 98, 0, 3, 4, 82, 44, 5, 63, 141, 121, 25, 61, 119, 108, 90, 191, 124, 245, 149, 189, 101, 0, 3, 4, 2, 189, 24, 63, 238, 251, 198, 188, 110, 89, 77, 191, 160, 205, 149, 189, 104, 0, 3, 3, 250, 251, 191, 62, 182, 156, 77, 190, 19, 176, 103, 191, 128, 122, 158, 189, 107, 0, 3, 3, 22, 104, 66, 62, 188, 81, 95, 189, 209, 244, 122, 191, 47, 36, 152, 189, 110, 0, 3, 3, 96, 246, 127, 191, 125, 204, 135, 60, 116, 203, 142, 59, 125, 34, 150, 189, 113, 0, 3, 19, 152, 235, 127, 191, 16, 206, 203, 60, 250, 2, 253, 58, 217, 109, 149, 189, 116, 0, 3, 19, 187, 200, 125, 191, 163, 118, 203, 60, 31, 3, 4, 190, 161, 51, 148, 189, 119, 0, 3, 8, 220, 246, 120, 191, 22, 100, 201, 188, 146, 22, 109, 190, 112, 110, 149, 189, 122, 0, 3, 8, 217, 187, 58, 190, 46, 51, 71, 61, 62, 102, 123, 191, 248, 175, 149, 189, 125, 0, 3, 7, 211, 237, 145, 190, 150, 250, 181, 59, 170, 96, 117, 191, 191, 62, 147, 189, 128, 0, 3, 8, 11, 218, 248, 190, 93, 122, 177, 59, 66, 185, 95, 191, 32, 80, 147, 189, 131, 0, 3, 8, 39, 67, 17, 191, 147, 162, 37, 61, 155, 138, 82, 191, 169, 50, 149, 189, 134, 0, 3, 7, 88, 63, 206, 190, 188, 30, 52, 63, 96, 220, 21, 191, 70, 236, 186, 189, 137, 0, 3, 6, 234, 255, 130, 190, 110, 85, 62, 63, 104, 44, 30, 191, 35, 166, 187, 189, 140, 0, 3, 6, 39, 77, 6, 190, 77, 138, 51, 63, 2, 95, 51, 191, 14, 171, 186, 189, 143, 0, 3, 6, 16, 52, 127, 191, 250, 243, 160, 189, 210, 218, 200, 59, 231, 126, 157, 189, 146, 0, 3, 18, 252, 40, 122, 191, 6, 217, 160, 189, 137, 14, 74, 190, 3, 143, 154, 189, 149, 0, 3, 9, 139, 252, 100, 55, 0, 0, 128, 191, 74, 6, 151, 182, 223, 156, 111, 189, 152, 0, 6, 2, 4, 36, 75, 56, 191, 244, 127, 191, 198, 214, 151, 60, 177, 143, 111, 189, 158, 0, 3, 17, 4, 0, 159, 188, 229, 222, 127, 191, 106, 39, 206, 60, 34, 67, 117, 189, 161, 0, 3, 22, 4, 119, 93, 191, 63, 244, 255, 190, 18, 181, 40, 61, 196, 101, 188, 189, 164, 0, 3, 20, 111, 39, 83, 191, 175, 162, 148, 61, 44, 139, 15, 191, 249, 163, 152, 189, 167, 0, 3, 7, 73, 156, 122, 191, 184, 156, 152, 61, 220, 149, 66, 190, 119, 86, 152, 189, 170, 0, 3, 7, 137, 66, 51, 191, 151, 103, 51, 63, 51, 122, 11, 190, 159, 138, 186, 189, 173, 0, 3, 6, 178, 141, 30, 191, 107, 233, 61, 63, 38, 156, 131, 190, 157, 124, 187, 189, 176, 0, 3, 6, 132, 122, 22, 191, 28, 24, 52, 63, 15, 136, 204, 190, 212, 215, 186, 189, 179, 0, 3, 6, 0, 3, 4, 5, 6, 7, 8, 9, 1, 0, 1, 2, 10, 2, 1, 11, 0, 2, 12, 13, 14, 15, 13, 16, 15, 16, 17, 18, 8, 19, 20, 18, 21, 20, 21, 10, 20, 10, 1, 22, 10, 21, 22, 21, 15, 22, 15, 17, 9, 8, 18, 9, 18, 20, 9, 20, 1, 3, 0, 11, 23, 2, 10, 22, 17, 7, 19, 8, 7, 6, 19, 24, 19, 25, 24, 21, 18, 24, 18, 19, 26, 12, 27, 26, 27, 28, 26, 28, 29, 30, 15, 21, 30, 21, 24, 30, 24, 25, 31, 13, 15, 31, 15, 30, 31, 30, 25, 31, 25, 14, 31, 14, 13, 32, 4, 3, 32, 3, 11, 32, 11, 28, 32, 28, 27, 33, 16, 13, 33, 13, 12, 33, 12, 26, 33, 26, 29, 33, 29, 23, 33, 23, 17, 33, 17, 16, 34, 4, 32, 34, 32, 27, 34, 27, 12, 14, 25, 19, 34, 19, 6, 34, 6, 5, 34, 5, 4, 35, 29, 28, 35, 28, 11, 35, 11, 2, 35, 2, 23, 35, 23, 29, 0, 17, 0, 35, 0, 51, 0, 50, 0, 20, 0, 19, 0, 14, 0, 16, 0, 1, 1, 2, 1, 3, 2, 18, 2, 10, 3, 17, 3, 54, 4, 40, 4, 34, 4, 48, 5, 30, 5, 39, 5, 6, 6, 45, 6, 13, 7, 14, 7, 19, 7, 23, 8, 15, 8, 22, 8, 9, 9, 11, 9, 10, 10, 16, 11, 18, 11, 12, 12, 27, 12, 13, 13, 18, 14, 15, 15, 16, 17, 36, 18, 55, 18, 44, 19, 20, 20, 49, 21, 23, 21, 48, 21, 29, 22, 28, 22, 23, 24, 41, 24, 48, 24, 25, 25, 38, 25, 26, 26, 52, 26, 42, 27, 31, 27, 28, 28, 29, 29, 32, 30, 34, 30, 31, 31, 32, 32, 33, 33, 48, 33, 34, 35, 46, 35, 36, 36, 37, 37, 53, 37, 38, 38, 47, 39, 45, 39, 40, 40, 41, 41, 42, 42, 43, 43, 56, 43, 44, 44, 45, 46, 51, 46, 47, 47, 48, 48, 49, 49, 50, 50, 51, 52, 56, 52, 53, 53, 54, 54, 55, 55, 56, 0, 1, 3, 0, 1, 2, 1, 2, 3, 0, 17, 35, 0, 35, 46, 0, 50, 51, 0, 20, 49, 0, 19, 20, 0, 7, 14, 0, 14, 15, 2, 9, 10, 3, 17, 36, 4, 24, 40, 4, 5, 30, 4, 33, 34, 5, 6, 12, 5, 6, 39, 6, 13, 18, 7, 8, 14, 7, 19, 20, 8, 9, 10, 8, 9, 11, 11, 12, 13, 18, 43, 44, 21, 22, 23, 21, 29, 32, 24, 25, 26, 24, 25, 38, 25, 26, 37, 26, 42, 43, 27, 28, 29, 30, 31, 32, 35, 36, 37, 39, 40, 41, 46, 47, 48, 52, 53, 54, 0, 0, 3, 0, 3, 0, 4, 0, 4, 0, 5, 0, 5, 0, 6, 0, 6, 0, 7, 0, 7, 0, 8, 0, 8, 0, 9, 0, 9, 0, 1, 0, 1, 0, 0, 0, 1, 0, 2, 0, 2, 0, 0, 0, 10, 0, 2, 0, 1, 0, 10, 0, 11, 0, 0, 0, 2, 0, 11, 0, 12, 0, 13, 0, 13, 0, 14, 0, 14, 0, 12, 0, 15, 0, 13, 0, 13, 0, 16, 0, 16, 0, 15, 0, 16, 0, 17, 0, 17, 0, 15, 0, 18, 0, 8, 0, 8, 0, 19, 0, 19, 0, 18, 0, 20, 0, 18, 0, 18, 0, 21, 0, 21, 0, 20, 0, 21, 0, 10, 0, 10, 0, 20, 0, 1, 0, 20, 0, 22, 0, 10, 0, 21, 0, 22, 0, 21, 0, 15, 0, 15, 0, 22, 0, 17, 0, 22, 0, 18, 0, 9, 0, 20, 0, 9, 0, 11, 0, 3, 0, 23, 0, 2, 0, 17, 0, 23, 0, 7, 0, 19, 0, 6, 0, 19, 0, 24, 0, 19, 0, 19, 0, 25, 0, 25, 0, 24, 0, 24, 0, 21, 0, 18, 0, 24, 0, 26, 0, 12, 0, 12, 0, 27, 0, 27, 0, 26, 0, 27, 0, 28, 0, 28, 0, 26, 0, 28, 0, 29, 0, 29, 0, 26, 0, 30, 0, 15, 0, 21, 0, 30, 0, 24, 0, 30, 0, 25, 0, 30, 0, 31, 0, 13, 0, 15, 0, 31, 0, 30, 0, 31, 0, 25, 0, 31, 0, 25, 0, 14, 0, 14, 0, 31, 0, 32, 0, 4, 0, 3, 0, 32, 0, 11, 0, 32, 0, 11, 0, 28, 0, 28, 0, 32, 0, 27, 0, 32, 0, 33, 0, 16, 0, 13, 0, 33, 0, 12, 0, 33, 0, 26, 0, 33, 0, 29, 0, 33, 0, 29, 0, 23, 0, 23, 0, 33, 0, 17, 0, 33, 0, 34, 0, 4, 0, 32, 0, 34, 0, 27, 0, 34, 0, 19, 0, 34, 0, 6, 0, 34, 0, 5, 0, 34, 0, 35, 0, 29, 0, 28, 0, 35, 0, 11, 0, 35, 0, 2, 0, 35, 0, 23, 0, 35, 0, 0, 0, 0, 0, 196, 132, 151, 189, 177, 157, 111, 189, 65, 187, 153, 189, 116, 115, 150, 61, 236, 81, 184, 61, 100, 176, 146, 62, 195, 201, 186, 59, 175, 82, 247, 56, 69, 132, 104, 52, 103, 85, 219, 54, 69, 132, 104, 52, 167, 49, 246, 56, 171, 181, 95, 182, 103, 85, 219, 54, 171, 181, 95, 182, 87, 194, 136, 55, 222, 198, 207, 187, 128, 182, 5, 60, 108, 112, 202, 61, 0, 0, 128, 63, 73, 67, 69, 1, 83, 85, 80, 77, 0, 0, 0, 0, 73, 67, 69, 1, 71, 65, 85, 83, 0, 0, 0, 0, 16, 0, 0, 0, 0, 6, 0, 0, 25, 25, 25, 25, 25, 19, 19, 19, 19, 6, 6, 6, 6, 6, 6, 6, 25, 25, 25, 25, 25, 19, 19, 19, 19, 6, 6, 6, 6, 6, 6, 6, 25, 25, 25, 25, 25, 19, 19, 19, 19, 6, 6, 6, 6, 6, 6, 6, 25, 25, 25, 25, 25, 19, 19, 19, 19, 7, 7, 7, 7, 7, 7, 7, 25, 25, 25, 25, 25, 19, 19, 19, 19, 7, 7, 7, 7, 7, 7, 7, 25, 25, 25, 25, 25, 19, 19, 19, 19, 7, 7, 7, 7, 7, 7, 7, 25, 25, 25, 25, 25, 19, 19, 19, 19, 7, 7, 7, 7, 7, 7, 7, 25, 25, 25, 24, 24, 24, 19, 19, 19, 7, 7, 7, 7, 7, 7, 7, 30, 30, 30, 21, 21, 21, 18, 18, 18, 9, 9, 9, 9, 9, 9, 9, 30, 30, 21, 21, 21, 21, 21, 20, 20, 9, 9, 9, 9, 9, 9, 9, 15, 21, 21, 21, 21, 21, 21, 20, 20, 9, 9, 9, 9, 9, 9, 9, 15, 21, 21, 21, 21, 21, 21, 20, 20, 9, 9, 9, 9, 9, 9, 9, 15, 21, 21, 21, 21, 21, 21, 20, 20, 9, 9, 9, 9, 9, 9, 9, 15, 21, 21, 21, 21, 21, 21, 20, 20, 9, 9, 9, 9, 9, 9, 9, 15, 21, 21, 21, 21, 21, 21, 20, 20, 1, 1, 1, 1, 1, 1, 1, 15, 21, 21, 21, 21, 21, 21, 20, 20, 1, 1, 1, 1, 1, 1, 1, 12, 27, 27, 27, 27, 27, 34, 34, 5, 5, 5, 5, 5, 5, 5, 5, 12, 27, 27, 27, 27, 27, 34, 34, 5, 5, 5, 5, 5, 5, 5, 5, 12, 27, 27, 27, 27, 27, 34, 34, 5, 5, 5, 5, 5, 5, 5, 5, 12, 27, 27, 27, 27, 27, 34, 34, 5, 5, 5, 5, 5, 5, 5, 5, 12, 27, 27, 27, 27, 27, 34, 34, 4, 4, 4, 4, 4, 4, 4, 4, 12, 27, 27, 27, 27, 27, 34, 34, 4, 4, 4, 4, 4, 4, 4, 4, 26, 27, 27, 27, 27, 27, 34, 34, 4, 4, 4, 4, 4, 4, 4, 4, 26, 26, 26, 27, 27, 27, 32, 32, 4, 4, 4, 4, 4, 4, 4, 4, 29, 29, 29, 28, 28, 28, 28, 11, 3, 3, 3, 3, 3, 3, 3, 3, 29, 29, 29, 35, 35, 35, 35, 11, 3, 3, 3, 3, 3, 3, 3, 3, 29, 29, 29, 35, 35, 35, 35, 11, 3, 3, 3, 3, 3, 3, 3, 3, 29, 29, 29, 35, 35, 35, 35, 11, 3, 3, 3, 3, 3, 3, 3, 3, 29, 29, 29, 35, 35, 35, 35, 11, 3, 3, 3, 3, 3, 3, 3, 3, 29, 29, 29, 35, 35, 35, 35, 11, 0, 0, 0, 0, 0, 0, 0, 0, 29, 29, 29, 35, 35, 35, 35, 11, 0, 0, 0, 0, 0, 0, 0, 0, 29, 29, 29, 35, 35, 35, 35, 11, 0, 0, 0, 0, 0, 0, 0, 0, 29, 29, 29, 33, 33, 33, 33, 16, 16, 15, 15, 15, 15, 15, 15, 15, 29, 29, 29, 29, 33, 33, 17, 17, 17, 17, 15, 15, 15, 15, 15, 21, 29, 29, 29, 23, 23, 23, 17, 17, 17, 17, 22, 22, 22, 22, 21, 21, 35, 29, 23, 23, 23, 23, 17, 17, 17, 17, 22, 22, 22, 22, 21, 21, 35, 35, 23, 23, 23, 23, 23, 17, 17, 22, 22, 22, 22, 22, 21, 21, 35, 35, 23, 23, 23, 23, 23, 17, 17, 22, 22, 22, 22, 22, 21, 21, 35, 2, 2, 2, 23, 23, 23, 17, 17, 22, 22, 22, 10, 10, 10, 21, 11, 2, 2, 2, 2, 2, 2, 23, 22, 10, 10, 10, 10, 10, 10, 20, 0, 0, 0, 2, 2, 2, 2, 2, 10, 10, 10, 10, 10, 10, 10, 20, 0, 0, 0, 0, 0, 0, 0, 0, 1, 1, 1, 1, 1, 1, 1, 1, 0, 0, 0, 0, 0, 0, 0, 0, 1, 1, 1, 1, 1, 1, 1, 1, 0, 0, 0, 0, 0, 0, 0, 0, 1, 1, 1, 1, 1, 1, 1, 1, 0, 0, 0, 0, 0, 0, 0, 0, 1, 1, 1, 1, 1, 1, 1, 1, 0, 0, 0, 0, 0, 0, 0, 0, 1, 1, 1, 1, 1, 1, 1, 1, 0, 0, 0, 0, 0, 0, 0, 0, 1, 1, 1, 1, 1, 1, 1, 1, 0, 0, 0, 0, 0, 0, 0, 0, 1, 1, 1, 1, 1, 1, 1, 1, 12, 12, 12, 12, 12, 12, 12, 14, 14, 14, 14, 25, 25, 25, 25, 25, 27, 12, 12, 12, 12, 12, 12, 14, 14, 14, 14, 25, 25, 25, 25, 25, 27, 27, 12, 12, 12, 12, 12, 14, 14, 14, 25, 25, 25, 25, 25, 25, 27, 27, 27, 12, 12, 12, 12, 14, 14, 14, 25, 25, 25, 25, 25, 25, 27, 27, 27, 27, 12, 12, 12, 14, 14, 25, 25, 25, 25, 25, 25, 25, 27, 27, 27, 27, 27, 12, 12, 12, 14, 25, 25, 25, 25, 25, 19, 19, 34, 27, 27, 27, 27, 27, 12, 12, 14, 25, 25, 25, 19, 19, 19, 19, 34, 34, 34, 34, 34, 34, 27, 12, 25, 19, 19, 19, 19, 19, 19, 19, 5, 5, 5, 5, 5, 5, 5, 5, 6, 6, 19, 19, 19, 19, 19, 19, 5, 5, 5, 5, 5, 5, 5, 5, 6, 6, 6, 6, 6, 6, 6, 6, 5, 5, 5, 5, 5, 5, 5, 5, 6, 6, 6, 6, 6, 6, 6, 6, 5, 5, 5, 5, 5, 5, 5, 5, 6, 6, 6, 6, 6, 6, 6, 6, 5, 5, 5, 5, 5, 5, 5, 5, 6, 6, 6, 6, 6, 6, 6, 6, 5, 5, 5, 5, 5, 5, 5, 5, 6, 6, 6, 6, 6, 6, 6, 6, 5, 5, 5, 5, 5, 5, 5, 5, 6, 6, 6, 6, 6, 6, 6, 6, 5, 5, 5, 5, 5, 5, 5, 5, 6, 6, 6, 6, 6, 6, 6, 6, 5, 5, 5, 5, 4, 4, 4, 4, 3, 3, 3, 3, 3, 0, 0, 0, 5, 5, 5, 5, 4, 4, 4, 4, 3, 3, 3, 3, 0, 0, 0, 0, 5, 5, 5, 5, 5, 4, 4, 4, 3, 3, 3, 3, 0, 0, 0, 0, 5, 5, 5, 5, 5, 4, 4, 4, 3, 3, 3, 0, 0, 0, 0, 0, 5, 5, 5, 5, 5, 5, 4, 4, 3, 3, 0, 0, 0, 0, 0, 0, 5, 5, 5, 5, 5, 5, 5, 4, 3, 3, 0, 0, 0, 0, 0, 0, 5, 5, 5, 5, 5, 5, 5, 4, 3, 0, 0, 0, 0, 0, 0, 0, 5, 5, 5, 5, 5, 5, 5, 5, 0, 0, 0, 0, 0, 0, 0, 0, 6, 6, 6, 6, 6, 6, 6, 6, 1, 1, 1, 1, 1, 1, 1, 1, 6, 6, 6, 6, 6, 6, 6, 7, 9, 1, 1, 1, 1, 1, 1, 1, 6, 6, 6, 6, 6, 6, 7, 7, 9, 9, 1, 1, 1, 1, 1, 1, 6, 6, 6, 6, 6, 6, 7, 7, 9, 9, 9, 1, 1, 1, 1, 1, 6, 6, 6, 6, 6, 7, 7, 7, 9, 9, 9, 9, 1, 1, 1, 1, 6, 6, 6, 6, 7, 7, 7, 7, 9, 9, 9, 9, 1, 1, 1, 1, 6, 6, 6, 6, 7, 7, 7, 7, 9, 9, 9, 9, 9, 1, 1, 1, 6, 6, 6, 7, 7, 7, 7, 7, 9, 9, 9, 9, 9, 9, 1, 1, 12, 12, 12, 12, 12, 12, 26, 26, 29, 29, 29, 29, 29, 29, 29, 29, 12, 12, 12, 12, 12, 12, 12, 26, 29, 29, 29, 29, 29, 29, 29, 29, 12, 12, 12, 12, 12, 12, 12, 26, 29, 29, 29, 29, 29, 29, 29, 29, 12, 12, 12, 12, 12, 12, 12, 12, 33, 33, 33, 33, 33, 33, 33, 33, 12, 12, 12, 12, 12, 12, 12, 12, 33, 33, 33, 33, 33, 33, 33, 33, 12, 12, 12, 12, 12, 12, 12, 12, 33, 33, 33, 33, 33, 33, 33, 33, 12, 12, 12, 12, 12, 12, 12, 12, 33, 33, 33, 33, 33, 33, 33, 33, 14, 14, 14, 14, 14, 14, 14, 14, 16, 16, 16, 16, 16, 16, 16, 16, 14, 14, 14, 14, 14, 14, 14, 14, 16, 16, 16, 16, 16, 16, 16, 16, 14, 14, 14, 14, 14, 14, 14, 14, 15, 15, 15, 15, 15, 15, 15, 15, 14, 14, 14, 14, 14, 14, 14, 31, 15, 15, 15, 15, 15, 15, 15, 15, 25, 25, 25, 25, 25, 25, 25, 31, 15, 15, 15, 15, 15, 15, 15, 15, 25, 25, 25, 25, 25, 25, 25, 31, 15, 15, 15, 15, 15, 15, 15, 15, 25, 25, 25, 25, 25, 25, 25, 25, 30, 15, 15, 15, 15, 15, 15, 15, 25, 25, 25, 25, 25, 25, 25, 25, 30, 30, 15, 15, 15, 15, 15, 15, 25, 25, 25, 25, 25, 25, 25, 25, 30, 30, 15, 15, 15, 15, 15, 15, 0, 0, 0, 0, 0, 0, 0, 0, 11, 35, 35, 35, 35, 29, 29, 29, 0, 0, 0, 0, 0, 0, 0, 0, 11, 35, 35, 35, 35, 29, 29, 29, 0, 0, 0, 0, 0, 0, 0, 0, 11, 35, 35, 35, 35, 29, 29, 29, 3, 3, 3, 3, 3, 3, 3, 3, 11, 35, 35, 35, 35, 29, 29, 29, 3, 3, 3, 3, 3, 3, 3, 3, 11, 35, 35, 35, 35, 29, 29, 29, 3, 3, 3, 3, 3, 3, 3, 3, 11, 35, 35, 35, 35, 29, 29, 29, 3, 3, 3, 3, 3, 3, 3, 3, 11, 35, 35, 35, 35, 29, 29, 29, 3, 3, 3, 3, 3, 3, 3, 3, 11, 28, 28, 28, 28, 29, 29, 29, 4, 4, 4, 4, 4, 4, 4, 4, 32, 32, 27, 27, 27, 26, 26, 26, 4, 4, 4, 4, 4, 4, 4, 4, 34, 34, 27, 27, 27, 27, 27, 26, 4, 4, 4, 4, 4, 4, 4, 4, 34, 34, 27, 27, 27, 27, 27, 12, 4, 4, 4, 4, 4, 4, 4, 4, 34, 34, 27, 27, 27, 27, 27, 12, 5, 5, 5, 5, 5, 5, 5, 5, 34, 34, 27, 27, 27, 27, 27, 12, 5, 5, 5, 5, 5, 5, 5, 5, 34, 34, 27, 27, 27, 27, 27, 12, 5, 5, 5, 5, 5, 5, 5, 5, 34, 34, 27, 27, 27, 27, 27, 12, 5, 5, 5, 5, 5, 5, 5, 5, 34, 34, 27, 27, 27, 27, 27, 12, 1, 1, 1, 1, 1, 1, 1, 20, 20, 21, 21, 21, 21, 21, 21, 15, 1, 1, 1, 1, 1, 1, 1, 20, 20, 21, 21, 21, 21, 21, 21, 15, 9, 9, 9, 9, 9, 9, 9, 20, 20, 21, 21, 21, 21, 21, 21, 15, 9, 9, 9, 9, 9, 9, 9, 20, 20, 21, 21, 21, 21, 21, 21, 15, 9, 9, 9, 9, 9, 9, 9, 20, 20, 21, 21, 21, 21, 21, 21, 15, 9, 9, 9, 9, 9, 9, 9, 20, 20, 21, 21, 21, 21, 21, 21, 15, 9, 9, 9, 9, 9, 9, 9, 20, 20, 21, 21, 21, 21, 21, 30, 30, 9, 9, 9, 9, 9, 9, 9, 18, 18, 18, 21, 21, 21, 30, 30, 30, 7, 7, 7, 7, 7, 7, 7, 19, 19, 19, 24, 24, 24, 25, 25, 25, 7, 7, 7, 7, 7, 7, 7, 19, 19, 19, 19, 25, 25, 25, 25, 25, 7, 7, 7, 7, 7, 7, 7, 19, 19, 19, 19, 25, 25, 25, 25, 25, 7, 7, 7, 7, 7, 7, 7, 19, 19, 19, 19, 25, 25, 25, 25, 25, 7, 7, 7, 7, 7, 7, 7, 19, 19, 19, 19, 25, 25, 25, 25, 25, 6, 6, 6, 6, 6, 6, 6, 19, 19, 19, 19, 25, 25, 25, 25, 25, 6, 6, 6, 6, 6, 6, 6, 19, 19, 19, 19, 25, 25, 25, 25, 25, 6, 6, 6, 6, 6, 6, 6, 19, 19, 19, 19, 25, 25, 25, 25, 25, 6, 6, 6, 6, 6, 6, 6, 6, 5, 5, 5, 5, 5, 5, 5, 5, 6, 6, 6, 6, 6, 6, 6, 6, 5, 5, 5, 5, 5, 5, 5, 5, 6, 6, 6, 6, 6, 6, 6, 6, 5, 5, 5, 5, 5, 5, 5, 5, 6, 6, 6, 6, 6, 6, 6, 6, 5, 5, 5, 5, 5, 5, 5, 5, 6, 6, 6, 6, 6, 6, 6, 6, 5, 5, 5, 5, 5, 5, 5, 5, 6, 6, 6, 6, 6, 6, 6, 6, 5, 5, 5, 5, 5, 5, 5, 5, 6, 6, 6, 6, 6, 6, 6, 6, 5, 5, 5, 5, 5, 5, 5, 5, 19, 19, 19, 19, 19, 19, 6, 6, 5, 5, 5, 5, 5, 5, 5, 5, 19, 19, 19, 19, 19, 19, 19, 25, 12, 27, 34, 34, 34, 34, 34, 34, 19, 19, 19, 19, 25, 25, 25, 14, 12, 12, 27, 27, 27, 27, 27, 34, 19, 19, 25, 25, 25, 25, 25, 14, 12, 12, 12, 27, 27, 27, 27, 27, 25, 25, 25, 25, 25, 25, 25, 14, 14, 12, 12, 12, 27, 27, 27, 27, 25, 25, 25, 25, 25, 25, 14, 14, 14, 12, 12, 12, 12, 27, 27, 27, 25, 25, 25, 25, 25, 25, 14, 14, 14, 12, 12, 12, 12, 12, 27, 27, 25, 25, 25, 25, 25, 14, 14, 14, 14, 12, 12, 12, 12, 12, 12, 27, 25, 25, 25, 25, 25, 14, 14, 14, 14, 12, 12, 12, 12, 12, 12, 12, 1, 1, 1, 1, 1, 1, 1, 1, 0, 0, 0, 0, 0, 0, 0, 0, 1, 1, 1, 1, 1, 1, 1, 1, 0, 0, 0, 0, 0, 0, 0, 0, 1, 1, 1, 1, 1, 1, 1, 1, 0, 0, 0, 0, 0, 0, 0, 0, 1, 1, 1, 1, 1, 1, 1, 1, 0, 0, 0, 0, 0, 0, 0, 0, 1, 1, 1, 1, 1, 1, 1, 1, 0, 0, 0, 0, 0, 0, 0, 0, 1, 1, 1, 1, 1, 1, 1, 1, 0, 0, 0, 0, 0, 0, 0, 0, 1, 1, 1, 1, 1, 1, 1, 1, 0, 0, 0, 0, 0, 0, 0, 0, 20, 10, 10, 10, 10, 10, 10, 10, 2, 2, 2, 2, 2, 0, 0, 0, 20, 10, 10, 10, 10, 10, 10, 22, 23, 2, 2, 2, 2, 2, 2, 11, 21, 10, 10, 10, 22, 22, 22, 17, 17, 23, 23, 23, 2, 2, 2, 35, 21, 21, 22, 22, 22, 22, 22, 17, 17, 23, 23, 23, 23, 23, 35, 35, 21, 21, 22, 22, 22, 22, 22, 17, 17, 23, 23, 23, 23, 23, 35, 35, 21, 21, 22, 22, 22, 22, 17, 17, 17, 17, 23, 23, 23, 23, 29, 35, 21, 21, 22, 22, 22, 22, 17, 17, 17, 17, 23, 23, 23, 29, 29, 29, 21, 15, 15, 15, 15, 15, 17, 17, 17, 17, 33, 33, 29, 29, 29, 29, 15, 15, 15, 15, 15, 15, 15, 16, 16, 33, 33, 33, 33, 29, 29, 29, 15, 15, 15, 15, 15, 15, 30, 30, 25, 25, 25, 25, 25, 25, 25, 25, 15, 15, 15, 15, 15, 15, 30, 30, 25, 25, 25, 25, 25, 25, 25, 25, 15, 15, 15, 15, 15, 15, 15, 30, 25, 25, 25, 25, 25, 25, 25, 25, 15, 15, 15, 15, 15, 15, 15, 15, 31, 25, 25, 25, 25, 25, 25, 25, 15, 15, 15, 15, 15, 15, 15, 15, 31, 25, 25, 25, 25, 25, 25, 25, 15, 15, 15, 15, 15, 15, 15, 15, 31, 14, 14, 14, 14, 14, 14, 14, 15, 15, 15, 15, 15, 15, 15, 15, 14, 14, 14, 14, 14, 14, 14, 14, 16, 16, 16, 16, 16, 16, 16, 16, 14, 14, 14, 14, 14, 14, 14, 14, 16, 16, 16, 16, 16, 16, 16, 16, 14, 14, 14, 14, 14, 14, 14, 14, 33, 33, 33, 33, 33, 33, 33, 33, 12, 12, 12, 12, 12, 12, 12, 12, 33, 33, 33, 33, 33, 33, 33, 33, 12, 12, 12, 12, 12, 12, 12, 12, 33, 33, 33, 33, 33, 33, 33, 33, 12, 12, 12, 12, 12, 12, 12, 12, 33, 33, 33, 33, 33, 33, 33, 33, 12, 12, 12, 12, 12, 12, 12, 12, 29, 29, 29, 29, 29, 29, 29, 29, 26, 12, 12, 12, 12, 12, 12, 12, 29, 29, 29, 29, 29, 29, 29, 29, 26, 12, 12, 12, 12, 12, 12, 12, 29, 29, 29, 29, 29, 29, 29, 29, 26, 26, 12, 12, 12, 12, 12, 12, 1, 1, 9, 9, 9, 9, 9, 9, 7, 7, 7, 7, 7, 6, 6, 6, 1, 1, 1, 9, 9, 9, 9, 9, 7, 7, 7, 7, 6, 6, 6, 6, 1, 1, 1, 1, 9, 9, 9, 9, 7, 7, 7, 7, 6, 6, 6, 6, 1, 1, 1, 1, 9, 9, 9, 9, 7, 7, 7, 6, 6, 6, 6, 6, 1, 1, 1, 1, 1, 9, 9, 9, 7, 7, 6, 6, 6, 6, 6, 6, 1, 1, 1, 1, 1, 1, 9, 9, 7, 7, 6, 6, 6, 6, 6, 6, 1, 1, 1, 1, 1, 1, 1, 9, 7, 6, 6, 6, 6, 6, 6, 6, 1, 1, 1, 1, 1, 1, 1, 1, 6, 6, 6, 6, 6, 6, 6, 6, 0, 0, 0, 0, 0, 0, 0, 0, 5, 5, 5, 5, 5, 5, 5, 5, 0, 0, 0, 0, 0, 0, 0, 3, 4, 5, 5, 5, 5, 5, 5, 5, 0, 0, 0, 0, 0, 0, 3, 3, 4, 5, 5, 5, 5, 5, 5, 5, 0, 0, 0, 0, 0, 0, 3, 3, 4, 4, 5, 5, 5, 5, 5, 5, 0, 0, 0, 0, 0, 3, 3, 3, 4, 4, 4, 5, 5, 5, 5, 5, 0, 0, 0, 0, 3, 3, 3, 3, 4, 4, 4, 5, 5, 5, 5, 5, 0, 0, 0, 0, 3, 3, 3, 3, 4, 4, 4, 4, 5, 5, 5, 5, 0, 0, 0, 3, 3, 3, 3, 3, 4, 4, 4, 4, 5, 5, 5, 5, 73, 67, 69, 1, 86, 65, 76, 69, 2, 0, 0, 0, 36, 0, 0, 0, 182, 0, 0, 0, 7, 0, 0, 0, 4, 5, 6, 4, 4, 3, 4, 3, 4, 4, 5, 6, 5, 6, 4, 7, 4, 5, 6, 7, 5, 7, 4, 5, 5, 5, 5, 5, 6, 5, 5, 5, 6, 7, 6, 5, 3, 11, 2, 1, 0, 2, 10, 20, 9, 0, 11, 35, 23, 10, 1, 4, 32, 11, 0, 5, 34, 32, 3, 6, 34, 4, 7, 19, 34, 5, 8, 19, 6, 9, 18, 19, 7, 1, 20, 18, 8, 2, 22, 21, 20, 1, 0, 3, 32, 28, 35, 2, 13, 33, 26, 27, 14, 14, 31, 15, 16, 33, 12, 12, 25, 31, 13, 13, 31, 30, 21, 22, 17, 16, 15, 17, 33, 13, 15, 22, 23, 33, 16, 8, 9, 20, 21, 24, 19, 18, 24, 25, 34, 6, 7, 8, 18, 9, 1, 10, 21, 20, 10, 22, 15, 30, 24, 18, 10, 17, 15, 21, 2, 35, 29, 33, 17, 19, 18, 21, 30, 25, 24, 30, 31, 14, 19, 12, 33, 29, 28, 27, 26, 28, 32, 34, 12, 26, 29, 35, 11, 32, 27, 26, 33, 23, 35, 28, 15, 31, 25, 24, 21, 13, 14, 25, 30, 15, 4, 34, 27, 28, 11, 3, 16, 17, 23, 29, 26, 12, 13, 4, 5, 6, 19, 27, 32, 29, 23, 2, 11, 28, 0, 0, 128, 191, 132, 189, 132, 61, 122, 70, 25, 61, 122, 70, 25, 61, 108, 182, 30, 62]
            }
        }

        over "root_joint" (
            prepend apiSchemas = ["PhysicsArticulationRootAPI", "PhysxArticulationAPI"]
        )
        {
        }
    }
}

def Xform "Environment"
{
    quatd xformOp:orient = (1, 0, 0, 0)
    double3 xformOp:scale = (1, 1, 1)
    double3 xformOp:translate = (0, 0, 0)
    uniform token[] xformOpOrder = ["xformOp:translate", "xformOp:orient", "xformOp:scale"]

    def DistantLight "defaultLight" (
        prepend apiSchemas = ["ShapingAPI"]
    )
    {
        float inputs:angle = 1
        float inputs:intensity = 3000
        float inputs:shaping:cone:angle = 180
        float inputs:shaping:cone:softness
        float inputs:shaping:focus
        color3f inputs:shaping:focusTint
        asset inputs:shaping:ies:file
        quatd xformOp:orient = (0.6532814824381883, 0.2705980500730985, 0.27059805007309845, 0.6532814824381882)
        double3 xformOp:scale = (1, 1, 1)
        double3 xformOp:translate = (0, 0, 0)
        uniform token[] xformOpOrder = ["xformOp:translate", "xformOp:orient", "xformOp:scale"]
    }
}

