#usda 1.0
(
    customLayerData = {
        dictionary cameraSettings = {
            dictionary Front = {
                double3 position = (5, 0, 0)
                double radius = 5
            }
            dictionary Perspective = {
                double3 position = (5, 5, 5)
                double3 target = (-3.978038431995401e-8, -3.978038254359717e-8, 7.956076863990802e-8)
            }
            dictionary Right = {
                double3 position = (0, -5, 0)
                double radius = 5
            }
            dictionary Top = {
                double3 position = (0, 0, 5)
                double radius = 5
            }
            string boundCamera = "/OmniverseKit_Persp"
        }
        dictionary navmeshSettings = {
            double agentHeight = 180
            double agentRadius = 20
            bool excludeRigidBodies = 1
            uint64 ver = 1
            double voxelCeiling = 460
        }
        dictionary omni_layer = {
            dictionary locked = {
            }
            dictionary muteness = {
            }
        }
        dictionary renderSettings = {
            float3 "rtx:debugView:pixelDebug:textColor" = (0, 1e18, 0)
            float3 "rtx:fog:fogColor" = (0.75, 0.75, 0.75)
            float3 "rtx:index:regionOfInterestMax" = (0, 0, 0)
            float3 "rtx:index:regionOfInterestMin" = (0, 0, 0)
            float3 "rtx:iray:environment_dome_ground_position" = (0, 0, 0)
            float3 "rtx:iray:environment_dome_ground_reflectivity" = (0, 0, 0)
            float3 "rtx:iray:environment_dome_rotation_axis" = (3.4028235e38, 3.4028235e38, 3.4028235e38)
            float3 "rtx:post:backgroundZeroAlpha:backgroundDefaultColor" = (0, 0, 0)
            float3 "rtx:post:colorcorr:contrast" = (1, 1, 1)
            float3 "rtx:post:colorcorr:gain" = (1, 1, 1)
            float3 "rtx:post:colorcorr:gamma" = (1, 1, 1)
            float3 "rtx:post:colorcorr:offset" = (0, 0, 0)
            float3 "rtx:post:colorcorr:saturation" = (1, 1, 1)
            float3 "rtx:post:colorgrad:blackpoint" = (0, 0, 0)
            float3 "rtx:post:colorgrad:contrast" = (1, 1, 1)
            float3 "rtx:post:colorgrad:gain" = (1, 1, 1)
            float3 "rtx:post:colorgrad:gamma" = (1, 1, 1)
            float3 "rtx:post:colorgrad:lift" = (0, 0, 0)
            float3 "rtx:post:colorgrad:multiply" = (1, 1, 1)
            float3 "rtx:post:colorgrad:offset" = (0, 0, 0)
            float3 "rtx:post:colorgrad:whitepoint" = (1, 1, 1)
            float3 "rtx:post:lensDistortion:lensFocalLengthArray" = (10, 30, 50)
            float3 "rtx:post:lensFlares:anisoFlareFalloffX" = (450, 475, 500)
            float3 "rtx:post:lensFlares:anisoFlareFalloffY" = (10, 10, 10)
            float3 "rtx:post:lensFlares:cutoffPoint" = (2, 2, 2)
            float3 "rtx:post:lensFlares:haloFlareFalloff" = (10, 10, 10)
            float3 "rtx:post:lensFlares:haloFlareRadius" = (75, 75, 75)
            float3 "rtx:post:lensFlares:isotropicFlareFalloff" = (50, 50, 50)
            float3 "rtx:post:tonemap:whitepoint" = (1, 1, 1)
            float3 "rtx:raytracing:inscattering:singleScatteringAlbedo" = (0.9, 0.9, 0.9)
            float3 "rtx:raytracing:inscattering:transmittanceColor" = (0.5, 0.5, 0.5)
            float3 "rtx:sceneDb:ambientLightColor" = (0.1, 0.1, 0.1)
            double "rtx:translucency:worldEps" = 0.005
        }
    }
    defaultPrim = "World"
    endTimeCode = 100
    metersPerUnit = 1
    startTimeCode = 0
    timeCodesPerSecond = 60
    upAxis = "Z"
)

over "Render" (
    hide_in_stage_window = true
)
{
}

def Xform "World"
{
    def "garment" (
        prepend payload = @file:/home/ruiqiang/workspaces/isaac_ws/isaac_sim_cloth/OmniIsaacGymEnvs/omniisaacgymenvs/tasks/cloth_manipulation/mesh/garment.usd@
    )
    {
        matrix4d xformOp:transform = ( (1, 0, 0, 0), (0, 7.549790126404353e-8, 1, 0), (0, -1, 7.549790126404353e-8, 0), (0.008443822981795357, 0.0022624282482910374, 0, 1) )

        over "Plane_Plane_002" (
            prepend apiSchemas = ["PhysxParticleClothAPI", "PhysxAutoParticleClothAPI"]
        )
        {
            float physxAutoParticleCloth:springBendStiffness = 100
            float physxAutoParticleCloth:springDamping = 0.2
            float physxAutoParticleCloth:springShearStiffness = 100
            float physxAutoParticleCloth:springStretchStiffness = 10000
            custom uchar[] physxParticle:clothDataInputCrc = [238, 79, 176, 79, 93, 119, 226, 151, 150, 239, 198, 18, 234, 230, 158, 31]
            custom uint physxParticle:clothReportFlags = 0
            custom float physxParticle:inflatableVolume = 0
            int physxParticle:particleGroup = 0
            rel physxParticle:particleSystem = </World/ParticleSystem>
            bool physxParticle:selfCollision = 1
            bool physxParticle:selfCollisionFilter = 1
            float[] physxParticle:springDampings = [0.2, 0.2, 0.2, 0.2, 0.2, 0.2, 0.2, 0.2, 0.2, 0.2, 0.2, 0.2, 0.2, 0.2, 0.2, 0.2, 0.2, 0.2, 0.2, 0.2, 0.2, 0.2, 0.2, 0.2, 0.2, 0.2, 0.2, 0.2, 0.2, 0.2, 0.2, 0.2, 0.2, 0.2, 0.2, 0.2, 0.2, 0.2, 0.2, 0.2, 0.2, 0.2, 0.2, 0.2, 0.2, 0.2, 0.2, 0.2, 0.2, 0.2, 0.2, 0.2, 0.2, 0.2, 0.2, 0.2, 0.2, 0.2, 0.2, 0.2, 0.2, 0.2, 0.2, 0.2, 0.2, 0.2, 0.2, 0.2, 0.2, 0.2, 0.2, 0.2, 0.2, 0.2, 0.2, 0.2, 0.2, 0.2, 0.2, 0.2, 0.2, 0.2, 0.2, 0.2, 0.2, 0.2, 0.2, 0.2, 0.2, 0.2, 0.2, 0.2, 0.2, 0.2, 0.2, 0.2, 0.2, 0.2, 0.2, 0.2, 0.2, 0.2, 0.2, 0.2, 0.2, 0.2, 0.2, 0.2, 0.2, 0.2, 0.2, 0.2, 0.2, 0.2, 0.2, 0.2, 0.2, 0.2, 0.2, 0.2, 0.2, 0.2, 0.2, 0.2, 0.2, 0.2, 0.2, 0.2, 0.2, 0.2, 0.2, 0.2, 0.2, 0.2, 0.2, 0.2, 0.2, 0.2, 0.2, 0.2, 0.2, 0.2, 0.2, 0.2, 0.2, 0.2, 0.2, 0.2, 0.2, 0.2, 0.2, 0.2, 0.2, 0.2, 0.2, 0.2, 0.2, 0.2, 0.2, 0.2, 0.2, 0.2, 0.2, 0.2, 0.2, 0.2, 0.2, 0.2, 0.2, 0.2, 0.2, 0.2, 0.2, 0.2, 0.2, 0.2, 0.2, 0.2, 0.2, 0.2, 0.2, 0.2, 0.2, 0.2, 0.2, 0.2, 0.2, 0.2, 0.2, 0.2, 0.2, 0.2, 0.2, 0.2, 0.2, 0.2, 0.2, 0.2, 0.2, 0.2, 0.2, 0.2, 0.2, 0.2, 0.2, 0.2, 0.2, 0.2, 0.2, 0.2, 0.2, 0.2, 0.2, 0.2, 0.2, 0.2, 0.2, 0.2, 0.2, 0.2, 0.2, 0.2, 0.2, 0.2, 0.2, 0.2, 0.2, 0.2, 0.2, 0.2, 0.2, 0.2, 0.2, 0.2, 0.2, 0.2, 0.2, 0.2, 0.2, 0.2, 0.2, 0.2, 0.2, 0.2, 0.2, 0.2, 0.2, 0.2, 0.2, 0.2, 0.2, 0.2, 0.2, 0.2, 0.2, 0.2, 0.2, 0.2, 0.2, 0.2, 0.2, 0.2, 0.2, 0.2, 0.2, 0.2, 0.2, 0.2, 0.2, 0.2, 0.2, 0.2, 0.2, 0.2, 0.2, 0.2, 0.2, 0.2, 0.2, 0.2, 0.2, 0.2, 0.2, 0.2, 0.2, 0.2, 0.2, 0.2, 0.2, 0.2, 0.2, 0.2, 0.2, 0.2, 0.2, 0.2, 0.2, 0.2, 0.2, 0.2, 0.2, 0.2, 0.2, 0.2, 0.2, 0.2, 0.2, 0.2, 0.2, 0.2, 0.2, 0.2, 0.2, 0.2, 0.2, 0.2, 0.2, 0.2, 0.2, 0.2, 0.2, 0.2, 0.2, 0.2, 0.2, 0.2, 0.2, 0.2, 0.2, 0.2, 0.2, 0.2, 0.2, 0.2, 0.2, 0.2, 0.2, 0.2, 0.2, 0.2, 0.2, 0.2, 0.2, 0.2, 0.2, 0.2, 0.2, 0.2, 0.2, 0.2, 0.2, 0.2, 0.2, 0.2, 0.2, 0.2, 0.2, 0.2, 0.2, 0.2, 0.2, 0.2, 0.2, 0.2, 0.2, 0.2, 0.2, 0.2, 0.2, 0.2, 0.2, 0.2, 0.2, 0.2, 0.2, 0.2, 0.2, 0.2, 0.2, 0.2, 0.2, 0.2, 0.2, 0.2, 0.2, 0.2, 0.2, 0.2, 0.2, 0.2, 0.2, 0.2, 0.2, 0.2, 0.2, 0.2, 0.2, 0.2, 0.2, 0.2, 0.2, 0.2, 0.2, 0.2, 0.2, 0.2, 0.2, 0.2, 0.2, 0.2, 0.2, 0.2, 0.2, 0.2, 0.2, 0.2, 0.2, 0.2, 0.2, 0.2, 0.2, 0.2, 0.2, 0.2, 0.2, 0.2, 0.2, 0.2, 0.2, 0.2, 0.2, 0.2, 0.2, 0.2, 0.2, 0.2, 0.2, 0.2, 0.2, 0.2, 0.2, 0.2, 0.2, 0.2, 0.2, 0.2, 0.2, 0.2, 0.2, 0.2, 0.2, 0.2, 0.2, 0.2, 0.2, 0.2, 0.2, 0.2, 0.2, 0.2, 0.2, 0.2, 0.2, 0.2, 0.2, 0.2, 0.2, 0.2, 0.2, 0.2, 0.2, 0.2, 0.2, 0.2, 0.2, 0.2, 0.2, 0.2, 0.2, 0.2, 0.2, 0.2, 0.2, 0.2, 0.2, 0.2, 0.2, 0.2, 0.2, 0.2, 0.2, 0.2, 0.2, 0.2, 0.2, 0.2, 0.2, 0.2, 0.2, 0.2, 0.2, 0.2, 0.2, 0.2, 0.2, 0.2, 0.2, 0.2, 0.2, 0.2, 0.2, 0.2, 0.2, 0.2, 0.2, 0.2, 0.2, 0.2, 0.2, 0.2, 0.2, 0.2, 0.2, 0.2, 0.2, 0.2, 0.2, 0.2, 0.2, 0.2, 0.2, 0.2, 0.2, 0.2, 0.2, 0.2, 0.2, 0.2, 0.2, 0.2, 0.2, 0.2, 0.2, 0.2, 0.2, 0.2, 0.2, 0.2, 0.2, 0.2, 0.2, 0.2, 0.2, 0.2, 0.2, 0.2, 0.2, 0.2, 0.2, 0.2, 0.2, 0.2, 0.2, 0.2, 0.2, 0.2, 0.2, 0.2, 0.2, 0.2, 0.2, 0.2, 0.2, 0.2, 0.2, 0.2, 0.2, 0.2, 0.2, 0.2, 0.2, 0.2, 0.2, 0.2, 0.2, 0.2, 0.2, 0.2, 0.2, 0.2, 0.2, 0.2, 0.2, 0.2, 0.2, 0.2, 0.2, 0.2, 0.2, 0.2, 0.2, 0.2, 0.2, 0.2, 0.2, 0.2, 0.2, 0.2, 0.2, 0.2, 0.2, 0.2, 0.2, 0.2, 0.2, 0.2, 0.2, 0.2, 0.2, 0.2, 0.2, 0.2, 0.2, 0.2, 0.2, 0.2, 0.2, 0.2, 0.2, 0.2, 0.2, 0.2, 0.2, 0.2, 0.2, 0.2, 0.2, 0.2, 0.2, 0.2, 0.2, 0.2, 0.2, 0.2, 0.2, 0.2, 0.2, 0.2, 0.2, 0.2, 0.2, 0.2, 0.2, 0.2, 0.2, 0.2, 0.2, 0.2, 0.2, 0.2, 0.2, 0.2, 0.2, 0.2, 0.2, 0.2, 0.2, 0.2, 0.2, 0.2, 0.2, 0.2, 0.2, 0.2, 0.2, 0.2, 0.2, 0.2, 0.2, 0.2, 0.2, 0.2, 0.2, 0.2, 0.2, 0.2, 0.2, 0.2, 0.2, 0.2, 0.2, 0.2, 0.2, 0.2, 0.2, 0.2, 0.2, 0.2, 0.2, 0.2, 0.2, 0.2, 0.2, 0.2, 0.2, 0.2, 0.2, 0.2, 0.2, 0.2, 0.2, 0.2, 0.2, 0.2, 0.2, 0.2, 0.2, 0.2, 0.2, 0.2, 0.2, 0.2, 0.2, 0.2, 0.2, 0.2, 0.2, 0.2, 0.2, 0.2, 0.2, 0.2, 0.2, 0.2, 0.2, 0.2, 0.2, 0.2, 0.2, 0.2, 0.2, 0.2, 0.2, 0.2, 0.2, 0.2, 0.2, 0.2, 0.2, 0.2, 0.2, 0.2, 0.2, 0.2, 0.2, 0.2, 0.2, 0.2, 0.2, 0.2, 0.2, 0.2, 0.2, 0.2, 0.2, 0.2, 0.2, 0.2, 0.2, 0.2, 0.2, 0.2, 0.2, 0.2, 0.2, 0.2, 0.2, 0.2, 0.2, 0.2, 0.2, 0.2, 0.2, 0.2, 0.2, 0.2, 0.2, 0.2, 0.2, 0.2, 0.2, 0.2, 0.2, 0.2, 0.2, 0.2, 0.2, 0.2, 0.2, 0.2, 0.2, 0.2, 0.2, 0.2, 0.2, 0.2, 0.2, 0.2, 0.2, 0.2, 0.2, 0.2, 0.2, 0.2, 0.2, 0.2, 0.2, 0.2, 0.2, 0.2, 0.2, 0.2, 0.2, 0.2, 0.2, 0.2, 0.2, 0.2, 0.2, 0.2, 0.2, 0.2, 0.2, 0.2, 0.2, 0.2, 0.2, 0.2, 0.2, 0.2, 0.2, 0.2, 0.2, 0.2, 0.2, 0.2, 0.2, 0.2, 0.2, 0.2, 0.2, 0.2, 0.2, 0.2, 0.2, 0.2, 0.2, 0.2, 0.2, 0.2, 0.2, 0.2, 0.2, 0.2, 0.2, 0.2, 0.2, 0.2, 0.2, 0.2, 0.2, 0.2, 0.2, 0.2, 0.2, 0.2, 0.2, 0.2, 0.2, 0.2, 0.2, 0.2, 0.2, 0.2, 0.2, 0.2, 0.2, 0.2, 0.2, 0.2, 0.2, 0.2, 0.2, 0.2, 0.2, 0.2, 0.2, 0.2, 0.2, 0.2, 0.2, 0.2, 0.2, 0.2, 0.2, 0.2, 0.2, 0.2, 0.2, 0.2, 0.2, 0.2, 0.2, 0.2, 0.2, 0.2, 0.2, 0.2, 0.2, 0.2, 0.2, 0.2, 0.2, 0.2, 0.2, 0.2, 0.2, 0.2, 0.2, 0.2, 0.2, 0.2, 0.2, 0.2, 0.2, 0.2, 0.2, 0.2, 0.2, 0.2, 0.2, 0.2, 0.2, 0.2, 0.2, 0.2, 0.2, 0.2, 0.2, 0.2, 0.2, 0.2, 0.2, 0.2, 0.2, 0.2, 0.2, 0.2, 0.2, 0.2, 0.2, 0.2, 0.2, 0.2, 0.2, 0.2, 0.2, 0.2, 0.2, 0.2, 0.2, 0.2, 0.2, 0.2, 0.2, 0.2, 0.2, 0.2, 0.2, 0.2, 0.2, 0.2, 0.2, 0.2, 0.2, 0.2, 0.2, 0.2, 0.2, 0.2, 0.2, 0.2, 0.2, 0.2, 0.2, 0.2, 0.2, 0.2, 0.2, 0.2, 0.2, 0.2, 0.2, 0.2, 0.2, 0.2, 0.2, 0.2, 0.2, 0.2, 0.2, 0.2, 0.2, 0.2, 0.2, 0.2, 0.2, 0.2, 0.2, 0.2, 0.2, 0.2, 0.2, 0.2, 0.2, 0.2, 0.2, 0.2, 0.2, 0.2, 0.2, 0.2, 0.2, 0.2, 0.2, 0.2, 0.2, 0.2, 0.2, 0.2, 0.2, 0.2, 0.2, 0.2, 0.2, 0.2, 0.2, 0.2, 0.2, 0.2, 0.2, 0.2, 0.2, 0.2, 0.2, 0.2, 0.2, 0.2, 0.2, 0.2, 0.2, 0.2, 0.2, 0.2, 0.2, 0.2, 0.2, 0.2, 0.2, 0.2, 0.2, 0.2, 0.2, 0.2, 0.2, 0.2, 0.2, 0.2, 0.2, 0.2, 0.2, 0.2, 0.2, 0.2, 0.2, 0.2, 0.2, 0.2, 0.2, 0.2, 0.2, 0.2, 0.2, 0.2, 0.2, 0.2, 0.2, 0.2, 0.2, 0.2, 0.2, 0.2, 0.2, 0.2, 0.2, 0.2, 0.2, 0.2, 0.2, 0.2, 0.2, 0.2, 0.2, 0.2, 0.2, 0.2, 0.2, 0.2, 0.2, 0.2, 0.2, 0.2, 0.2, 0.2, 0.2, 0.2, 0.2, 0.2, 0.2, 0.2, 0.2, 0.2, 0.2, 0.2, 0.2, 0.2, 0.2, 0.2, 0.2, 0.2, 0.2, 0.2, 0.2, 0.2, 0.2, 0.2, 0.2, 0.2, 0.2, 0.2, 0.2, 0.2, 0.2, 0.2, 0.2, 0.2, 0.2, 0.2, 0.2, 0.2, 0.2, 0.2, 0.2, 0.2, 0.2, 0.2, 0.2, 0.2, 0.2, 0.2, 0.2, 0.2, 0.2, 0.2, 0.2, 0.2, 0.2, 0.2, 0.2, 0.2, 0.2, 0.2, 0.2, 0.2, 0.2, 0.2, 0.2, 0.2, 0.2, 0.2, 0.2, 0.2, 0.2, 0.2, 0.2, 0.2, 0.2, 0.2, 0.2, 0.2, 0.2, 0.2, 0.2, 0.2, 0.2, 0.2, 0.2, 0.2, 0.2, 0.2, 0.2, 0.2, 0.2, 0.2, 0.2, 0.2, 0.2, 0.2, 0.2, 0.2, 0.2, 0.2, 0.2, 0.2, 0.2, 0.2, 0.2, 0.2, 0.2, 0.2, 0.2, 0.2, 0.2, 0.2, 0.2, 0.2, 0.2, 0.2, 0.2, 0.2, 0.2, 0.2, 0.2, 0.2, 0.2, 0.2, 0.2, 0.2, 0.2, 0.2, 0.2, 0.2, 0.2, 0.2, 0.2, 0.2, 0.2, 0.2, 0.2, 0.2, 0.2, 0.2, 0.2, 0.2, 0.2, 0.2, 0.2, 0.2, 0.2, 0.2, 0.2, 0.2, 0.2, 0.2, 0.2, 0.2, 0.2, 0.2, 0.2, 0.2, 0.2, 0.2, 0.2, 0.2, 0.2, 0.2, 0.2, 0.2, 0.2, 0.2, 0.2, 0.2, 0.2, 0.2, 0.2, 0.2, 0.2, 0.2, 0.2, 0.2, 0.2, 0.2, 0.2, 0.2, 0.2, 0.2, 0.2, 0.2, 0.2, 0.2, 0.2, 0.2, 0.2, 0.2, 0.2, 0.2, 0.2, 0.2, 0.2, 0.2, 0.2, 0.2, 0.2, 0.2, 0.2, 0.2, 0.2, 0.2, 0.2, 0.2, 0.2, 0.2, 0.2, 0.2, 0.2, 0.2, 0.2, 0.2, 0.2, 0.2, 0.2, 0.2, 0.2, 0.2, 0.2, 0.2, 0.2, 0.2, 0.2, 0.2, 0.2, 0.2, 0.2, 0.2, 0.2, 0.2, 0.2, 0.2, 0.2, 0.2, 0.2, 0.2, 0.2, 0.2, 0.2, 0.2, 0.2, 0.2, 0.2, 0.2, 0.2, 0.2, 0.2, 0.2, 0.2, 0.2, 0.2, 0.2, 0.2, 0.2, 0.2, 0.2, 0.2, 0.2, 0.2, 0.2, 0.2, 0.2, 0.2, 0.2, 0.2, 0.2, 0.2, 0.2, 0.2, 0.2, 0.2, 0.2, 0.2, 0.2, 0.2, 0.2, 0.2, 0.2, 0.2, 0.2, 0.2, 0.2, 0.2, 0.2, 0.2, 0.2, 0.2, 0.2, 0.2, 0.2, 0.2, 0.2, 0.2, 0.2, 0.2, 0.2, 0.2, 0.2, 0.2, 0.2, 0.2, 0.2, 0.2, 0.2, 0.2, 0.2, 0.2, 0.2, 0.2, 0.2, 0.2, 0.2, 0.2, 0.2, 0.2, 0.2, 0.2, 0.2, 0.2, 0.2, 0.2, 0.2, 0.2, 0.2, 0.2, 0.2, 0.2, 0.2, 0.2, 0.2, 0.2, 0.2, 0.2, 0.2, 0.2, 0.2, 0.2, 0.2, 0.2, 0.2, 0.2, 0.2, 0.2, 0.2, 0.2, 0.2, 0.2, 0.2, 0.2, 0.2, 0.2, 0.2, 0.2, 0.2, 0.2, 0.2, 0.2, 0.2, 0.2, 0.2, 0.2, 0.2, 0.2, 0.2, 0.2, 0.2, 0.2, 0.2, 0.2, 0.2, 0.2, 0.2, 0.2, 0.2, 0.2, 0.2, 0.2, 0.2, 0.2, 0.2, 0.2, 0.2, 0.2, 0.2, 0.2, 0.2, 0.2, 0.2, 0.2, 0.2, 0.2, 0.2, 0.2, 0.2, 0.2, 0.2, 0.2, 0.2, 0.2, 0.2, 0.2, 0.2, 0.2, 0.2, 0.2, 0.2, 0.2, 0.2, 0.2, 0.2, 0.2, 0.2, 0.2, 0.2, 0.2, 0.2, 0.2, 0.2, 0.2, 0.2, 0.2, 0.2, 0.2, 0.2, 0.2, 0.2, 0.2, 0.2, 0.2, 0.2, 0.2, 0.2, 0.2, 0.2, 0.2, 0.2, 0.2, 0.2, 0.2, 0.2, 0.2, 0.2, 0.2, 0.2, 0.2, 0.2, 0.2, 0.2, 0.2, 0.2, 0.2, 0.2, 0.2, 0.2, 0.2, 0.2, 0.2, 0.2, 0.2, 0.2, 0.2, 0.2, 0.2, 0.2, 0.2, 0.2, 0.2, 0.2, 0.2, 0.2, 0.2, 0.2, 0.2, 0.2, 0.2, 0.2, 0.2, 0.2, 0.2, 0.2, 0.2, 0.2, 0.2, 0.2, 0.2, 0.2, 0.2, 0.2, 0.2, 0.2, 0.2, 0.2, 0.2, 0.2, 0.2, 0.2, 0.2, 0.2, 0.2, 0.2, 0.2, 0.2, 0.2, 0.2, 0.2, 0.2, 0.2, 0.2, 0.2, 0.2, 0.2, 0.2, 0.2, 0.2, 0.2, 0.2, 0.2, 0.2, 0.2, 0.2, 0.2, 0.2, 0.2, 0.2, 0.2, 0.2, 0.2, 0.2, 0.2, 0.2, 0.2, 0.2, 0.2, 0.2, 0.2, 0.2, 0.2, 0.2, 0.2, 0.2, 0.2, 0.2, 0.2, 0.2, 0.2, 0.2, 0.2, 0.2, 0.2, 0.2, 0.2, 0.2, 0.2, 0.2, 0.2, 0.2, 0.2, 0.2, 0.2, 0.2, 0.2, 0.2, 0.2, 0.2, 0.2, 0.2, 0.2, 0.2, 0.2, 0.2, 0.2, 0.2, 0.2, 0.2, 0.2, 0.2, 0.2, 0.2, 0.2, 0.2, 0.2, 0.2, 0.2, 0.2, 0.2, 0.2, 0.2, 0.2, 0.2, 0.2, 0.2, 0.2, 0.2, 0.2, 0.2, 0.2, 0.2, 0.2, 0.2, 0.2, 0.2, 0.2, 0.2, 0.2, 0.2, 0.2, 0.2, 0.2, 0.2, 0.2, 0.2, 0.2, 0.2, 0.2, 0.2, 0.2, 0.2, 0.2, 0.2, 0.2, 0.2, 0.2, 0.2, 0.2, 0.2, 0.2, 0.2, 0.2, 0.2, 0.2, 0.2, 0.2, 0.2, 0.2, 0.2, 0.2, 0.2, 0.2, 0.2, 0.2, 0.2, 0.2, 0.2, 0.2, 0.2, 0.2, 0.2, 0.2, 0.2, 0.2, 0.2, 0.2, 0.2, 0.2, 0.2, 0.2, 0.2, 0.2, 0.2, 0.2, 0.2, 0.2, 0.2, 0.2, 0.2, 0.2, 0.2, 0.2, 0.2, 0.2, 0.2, 0.2, 0.2, 0.2, 0.2, 0.2, 0.2, 0.2, 0.2, 0.2, 0.2, 0.2, 0.2, 0.2, 0.2, 0.2, 0.2, 0.2, 0.2, 0.2, 0.2, 0.2, 0.2, 0.2, 0.2, 0.2, 0.2, 0.2, 0.2, 0.2, 0.2, 0.2, 0.2, 0.2, 0.2, 0.2, 0.2, 0.2, 0.2, 0.2, 0.2, 0.2, 0.2, 0.2, 0.2, 0.2, 0.2, 0.2, 0.2, 0.2, 0.2, 0.2, 0.2, 0.2, 0.2, 0.2, 0.2, 0.2, 0.2, 0.2, 0.2, 0.2, 0.2, 0.2, 0.2, 0.2, 0.2, 0.2, 0.2, 0.2, 0.2, 0.2, 0.2, 0.2, 0.2, 0.2, 0.2, 0.2, 0.2, 0.2, 0.2, 0.2, 0.2, 0.2, 0.2, 0.2, 0.2, 0.2, 0.2, 0.2, 0.2, 0.2, 0.2, 0.2, 0.2, 0.2, 0.2, 0.2, 0.2, 0.2, 0.2, 0.2, 0.2, 0.2, 0.2, 0.2, 0.2, 0.2, 0.2, 0.2, 0.2, 0.2, 0.2, 0.2, 0.2, 0.2, 0.2, 0.2, 0.2, 0.2, 0.2, 0.2, 0.2, 0.2, 0.2, 0.2, 0.2, 0.2, 0.2, 0.2, 0.2, 0.2, 0.2, 0.2, 0.2, 0.2, 0.2, 0.2, 0.2, 0.2, 0.2, 0.2, 0.2, 0.2, 0.2, 0.2, 0.2, 0.2, 0.2, 0.2, 0.2, 0.2, 0.2, 0.2, 0.2, 0.2, 0.2, 0.2, 0.2, 0.2, 0.2, 0.2, 0.2, 0.2, 0.2, 0.2, 0.2, 0.2, 0.2, 0.2, 0.2, 0.2, 0.2, 0.2, 0.2, 0.2, 0.2, 0.2, 0.2, 0.2, 0.2, 0.2, 0.2, 0.2, 0.2, 0.2, 0.2, 0.2, 0.2, 0.2, 0.2, 0.2, 0.2, 0.2, 0.2, 0.2, 0.2, 0.2, 0.2, 0.2, 0.2, 0.2, 0.2, 0.2, 0.2, 0.2, 0.2, 0.2, 0.2, 0.2, 0.2, 0.2, 0.2, 0.2, 0.2, 0.2, 0.2, 0.2, 0.2, 0.2, 0.2, 0.2, 0.2, 0.2, 0.2, 0.2, 0.2, 0.2, 0.2, 0.2, 0.2, 0.2, 0.2, 0.2, 0.2, 0.2, 0.2, 0.2, 0.2, 0.2, 0.2, 0.2, 0.2, 0.2, 0.2, 0.2, 0.2, 0.2, 0.2, 0.2, 0.2, 0.2, 0.2, 0.2, 0.2, 0.2, 0.2, 0.2, 0.2, 0.2, 0.2, 0.2, 0.2, 0.2, 0.2, 0.2, 0.2, 0.2, 0.2, 0.2, 0.2, 0.2, 0.2, 0.2, 0.2, 0.2, 0.2, 0.2, 0.2, 0.2, 0.2, 0.2, 0.2, 0.2, 0.2, 0.2, 0.2, 0.2, 0.2, 0.2, 0.2, 0.2, 0.2, 0.2, 0.2, 0.2, 0.2, 0.2, 0.2, 0.2, 0.2, 0.2, 0.2, 0.2, 0.2, 0.2, 0.2, 0.2, 0.2, 0.2, 0.2, 0.2, 0.2, 0.2, 0.2, 0.2, 0.2, 0.2, 0.2, 0.2, 0.2, 0.2, 0.2, 0.2, 0.2, 0.2, 0.2, 0.2, 0.2, 0.2, 0.2, 0.2, 0.2, 0.2, 0.2, 0.2, 0.2, 0.2, 0.2, 0.2, 0.2, 0.2, 0.2, 0.2, 0.2, 0.2, 0.2, 0.2, 0.2, 0.2, 0.2, 0.2, 0.2, 0.2, 0.2, 0.2, 0.2, 0.2, 0.2, 0.2, 0.2, 0.2, 0.2, 0.2, 0.2, 0.2, 0.2, 0.2, 0.2, 0.2, 0.2, 0.2, 0.2, 0.2, 0.2, 0.2, 0.2, 0.2, 0.2, 0.2, 0.2, 0.2, 0.2, 0.2, 0.2, 0.2, 0.2, 0.2, 0.2, 0.2, 0.2, 0.2, 0.2, 0.2, 0.2, 0.2, 0.2, 0.2, 0.2, 0.2, 0.2, 0.2, 0.2, 0.2, 0.2, 0.2, 0.2, 0.2, 0.2, 0.2, 0.2, 0.2, 0.2, 0.2, 0.2, 0.2, 0.2, 0.2, 0.2, 0.2, 0.2, 0.2, 0.2, 0.2, 0.2, 0.2, 0.2, 0.2, 0.2, 0.2, 0.2, 0.2, 0.2, 0.2, 0.2, 0.2, 0.2, 0.2, 0.2, 0.2, 0.2, 0.2, 0.2, 0.2, 0.2, 0.2, 0.2, 0.2, 0.2, 0.2, 0.2, 0.2, 0.2, 0.2, 0.2, 0.2, 0.2, 0.2, 0.2, 0.2, 0.2, 0.2, 0.2, 0.2, 0.2, 0.2, 0.2, 0.2, 0.2, 0.2, 0.2, 0.2, 0.2, 0.2, 0.2, 0.2, 0.2, 0.2, 0.2, 0.2, 0.2, 0.2, 0.2, 0.2, 0.2, 0.2, 0.2, 0.2, 0.2, 0.2, 0.2, 0.2, 0.2, 0.2, 0.2, 0.2, 0.2, 0.2, 0.2, 0.2, 0.2, 0.2, 0.2, 0.2, 0.2, 0.2, 0.2, 0.2, 0.2, 0.2, 0.2, 0.2, 0.2, 0.2, 0.2, 0.2, 0.2, 0.2, 0.2, 0.2, 0.2, 0.2, 0.2, 0.2, 0.2, 0.2, 0.2, 0.2, 0.2, 0.2, 0.2, 0.2, 0.2, 0.2, 0.2, 0.2, 0.2, 0.2, 0.2, 0.2, 0.2, 0.2, 0.2, 0.2, 0.2, 0.2, 0.2, 0.2, 0.2, 0.2, 0.2, 0.2, 0.2, 0.2, 0.2, 0.2, 0.2, 0.2, 0.2, 0.2, 0.2, 0.2, 0.2, 0.2, 0.2, 0.2, 0.2, 0.2, 0.2, 0.2, 0.2, 0.2, 0.2, 0.2, 0.2, 0.2, 0.2, 0.2, 0.2, 0.2, 0.2, 0.2, 0.2, 0.2, 0.2, 0.2, 0.2, 0.2, 0.2, 0.2, 0.2, 0.2, 0.2, 0.2, 0.2, 0.2, 0.2, 0.2, 0.2, 0.2, 0.2, 0.2, 0.2, 0.2, 0.2, 0.2, 0.2, 0.2, 0.2, 0.2, 0.2, 0.2, 0.2, 0.2, 0.2, 0.2, 0.2, 0.2, 0.2, 0.2, 0.2, 0.2, 0.2, 0.2, 0.2, 0.2, 0.2, 0.2, 0.2, 0.2, 0.2, 0.2, 0.2, 0.2, 0.2, 0.2, 0.2, 0.2, 0.2, 0.2, 0.2, 0.2, 0.2, 0.2, 0.2, 0.2, 0.2, 0.2, 0.2, 0.2, 0.2, 0.2, 0.2, 0.2, 0.2, 0.2, 0.2, 0.2, 0.2, 0.2, 0.2, 0.2, 0.2, 0.2, 0.2, 0.2, 0.2, 0.2, 0.2, 0.2, 0.2, 0.2, 0.2, 0.2, 0.2, 0.2, 0.2, 0.2, 0.2, 0.2, 0.2, 0.2, 0.2, 0.2, 0.2, 0.2, 0.2, 0.2, 0.2, 0.2, 0.2, 0.2, 0.2, 0.2, 0.2, 0.2, 0.2, 0.2, 0.2, 0.2, 0.2, 0.2, 0.2, 0.2, 0.2, 0.2, 0.2, 0.2, 0.2, 0.2, 0.2, 0.2, 0.2, 0.2, 0.2, 0.2, 0.2, 0.2, 0.2, 0.2, 0.2, 0.2, 0.2, 0.2, 0.2, 0.2, 0.2, 0.2, 0.2, 0.2, 0.2, 0.2, 0.2, 0.2, 0.2, 0.2, 0.2, 0.2, 0.2, 0.2, 0.2, 0.2, 0.2, 0.2, 0.2, 0.2, 0.2, 0.2, 0.2, 0.2, 0.2, 0.2, 0.2, 0.2, 0.2, 0.2, 0.2, 0.2, 0.2, 0.2, 0.2, 0.2, 0.2, 0.2, 0.2, 0.2, 0.2, 0.2, 0.2, 0.2, 0.2, 0.2, 0.2, 0.2, 0.2, 0.2, 0.2, 0.2, 0.2, 0.2, 0.2, 0.2, 0.2, 0.2, 0.2, 0.2, 0.2, 0.2, 0.2, 0.2, 0.2, 0.2, 0.2, 0.2, 0.2, 0.2, 0.2, 0.2, 0.2, 0.2, 0.2, 0.2, 0.2, 0.2, 0.2, 0.2, 0.2, 0.2, 0.2, 0.2, 0.2, 0.2, 0.2, 0.2, 0.2, 0.2, 0.2, 0.2, 0.2, 0.2, 0.2, 0.2, 0.2, 0.2, 0.2, 0.2, 0.2, 0.2, 0.2, 0.2, 0.2, 0.2, 0.2, 0.2, 0.2, 0.2, 0.2, 0.2, 0.2, 0.2, 0.2, 0.2, 0.2, 0.2, 0.2, 0.2, 0.2, 0.2, 0.2, 0.2, 0.2, 0.2, 0.2, 0.2, 0.2, 0.2, 0.2, 0.2, 0.2, 0.2, 0.2, 0.2, 0.2, 0.2, 0.2, 0.2, 0.2, 0.2, 0.2, 0.2, 0.2, 0.2, 0.2, 0.2, 0.2, 0.2, 0.2, 0.2, 0.2, 0.2, 0.2, 0.2, 0.2, 0.2, 0.2, 0.2, 0.2, 0.2, 0.2, 0.2, 0.2, 0.2, 0.2, 0.2, 0.2, 0.2, 0.2, 0.2, 0.2, 0.2, 0.2, 0.2, 0.2, 0.2, 0.2, 0.2, 0.2, 0.2, 0.2, 0.2, 0.2, 0.2, 0.2, 0.2, 0.2, 0.2, 0.2, 0.2, 0.2, 0.2, 0.2, 0.2, 0.2, 0.2, 0.2, 0.2, 0.2, 0.2, 0.2, 0.2, 0.2, 0.2, 0.2, 0.2, 0.2, 0.2, 0.2, 0.2, 0.2, 0.2, 0.2, 0.2, 0.2, 0.2, 0.2, 0.2, 0.2, 0.2, 0.2, 0.2, 0.2, 0.2, 0.2, 0.2, 0.2, 0.2, 0.2, 0.2, 0.2, 0.2, 0.2, 0.2, 0.2, 0.2, 0.2, 0.2, 0.2, 0.2, 0.2, 0.2, 0.2, 0.2, 0.2, 0.2, 0.2, 0.2, 0.2, 0.2, 0.2, 0.2, 0.2, 0.2, 0.2, 0.2, 0.2, 0.2, 0.2, 0.2, 0.2, 0.2, 0.2, 0.2, 0.2, 0.2, 0.2, 0.2, 0.2, 0.2, 0.2, 0.2, 0.2, 0.2, 0.2, 0.2, 0.2, 0.2, 0.2, 0.2, 0.2, 0.2, 0.2, 0.2, 0.2, 0.2, 0.2, 0.2, 0.2, 0.2, 0.2, 0.2, 0.2, 0.2, 0.2, 0.2, 0.2, 0.2, 0.2, 0.2, 0.2, 0.2, 0.2, 0.2, 0.2, 0.2, 0.2, 0.2, 0.2, 0.2, 0.2, 0.2, 0.2, 0.2, 0.2, 0.2, 0.2, 0.2, 0.2, 0.2, 0.2, 0.2, 0.2, 0.2, 0.2, 0.2, 0.2, 0.2, 0.2, 0.2, 0.2, 0.2, 0.2, 0.2, 0.2, 0.2, 0.2, 0.2, 0.2, 0.2, 0.2, 0.2, 0.2, 0.2, 0.2, 0.2, 0.2, 0.2, 0.2, 0.2, 0.2, 0.2, 0.2, 0.2, 0.2, 0.2, 0.2, 0.2, 0.2, 0.2, 0.2, 0.2, 0.2, 0.2, 0.2, 0.2, 0.2, 0.2, 0.2, 0.2, 0.2, 0.2, 0.2, 0.2, 0.2, 0.2, 0.2, 0.2, 0.2, 0.2, 0.2, 0.2, 0.2, 0.2, 0.2, 0.2, 0.2, 0.2, 0.2, 0.2, 0.2, 0.2, 0.2, 0.2, 0.2, 0.2, 0.2, 0.2, 0.2, 0.2, 0.2, 0.2, 0.2, 0.2, 0.2, 0.2, 0.2, 0.2, 0.2, 0.2, 0.2, 0.2, 0.2, 0.2, 0.2, 0.2, 0.2, 0.2, 0.2, 0.2, 0.2, 0.2, 0.2, 0.2, 0.2, 0.2, 0.2, 0.2, 0.2, 0.2, 0.2, 0.2, 0.2, 0.2, 0.2, 0.2, 0.2, 0.2, 0.2, 0.2, 0.2, 0.2, 0.2, 0.2, 0.2, 0.2, 0.2, 0.2, 0.2, 0.2, 0.2, 0.2, 0.2, 0.2, 0.2, 0.2, 0.2, 0.2, 0.2, 0.2, 0.2, 0.2, 0.2, 0.2, 0.2, 0.2, 0.2, 0.2, 0.2, 0.2, 0.2, 0.2, 0.2, 0.2, 0.2, 0.2, 0.2, 0.2, 0.2, 0.2, 0.2, 0.2, 0.2, 0.2, 0.2, 0.2, 0.2, 0.2, 0.2, 0.2, 0.2, 0.2, 0.2, 0.2, 0.2, 0.2, 0.2, 0.2, 0.2, 0.2, 0.2, 0.2, 0.2, 0.2, 0.2, 0.2, 0.2, 0.2, 0.2, 0.2, 0.2, 0.2, 0.2, 0.2, 0.2, 0.2, 0.2, 0.2, 0.2, 0.2, 0.2, 0.2, 0.2, 0.2, 0.2, 0.2, 0.2, 0.2, 0.2, 0.2, 0.2, 0.2, 0.2, 0.2, 0.2, 0.2, 0.2, 0.2, 0.2, 0.2, 0.2, 0.2, 0.2, 0.2, 0.2, 0.2, 0.2, 0.2, 0.2, 0.2, 0.2, 0.2, 0.2, 0.2, 0.2, 0.2, 0.2, 0.2, 0.2, 0.2, 0.2, 0.2, 0.2, 0.2, 0.2, 0.2, 0.2, 0.2, 0.2, 0.2, 0.2, 0.2, 0.2, 0.2, 0.2, 0.2, 0.2, 0.2, 0.2, 0.2, 0.2, 0.2, 0.2, 0.2, 0.2, 0.2, 0.2, 0.2, 0.2, 0.2, 0.2, 0.2, 0.2, 0.2, 0.2, 0.2, 0.2, 0.2, 0.2, 0.2, 0.2, 0.2, 0.2, 0.2, 0.2, 0.2, 0.2, 0.2, 0.2, 0.2, 0.2, 0.2, 0.2, 0.2, 0.2, 0.2, 0.2, 0.2, 0.2, 0.2, 0.2, 0.2, 0.2, 0.2, 0.2, 0.2, 0.2, 0.2, 0.2, 0.2, 0.2, 0.2, 0.2, 0.2, 0.2, 0.2, 0.2, 0.2, 0.2, 0.2, 0.2, 0.2, 0.2, 0.2, 0.2, 0.2, 0.2, 0.2, 0.2, 0.2, 0.2, 0.2, 0.2, 0.2, 0.2, 0.2, 0.2, 0.2, 0.2, 0.2, 0.2, 0.2, 0.2, 0.2, 0.2, 0.2, 0.2, 0.2, 0.2, 0.2, 0.2, 0.2, 0.2, 0.2, 0.2, 0.2, 0.2, 0.2, 0.2, 0.2, 0.2, 0.2, 0.2, 0.2, 0.2, 0.2, 0.2, 0.2, 0.2, 0.2, 0.2, 0.2, 0.2, 0.2, 0.2, 0.2, 0.2, 0.2, 0.2, 0.2, 0.2, 0.2, 0.2, 0.2, 0.2, 0.2, 0.2, 0.2, 0.2, 0.2, 0.2, 0.2, 0.2, 0.2, 0.2, 0.2, 0.2, 0.2, 0.2, 0.2, 0.2, 0.2, 0.2, 0.2, 0.2, 0.2, 0.2, 0.2, 0.2, 0.2, 0.2, 0.2, 0.2, 0.2, 0.2, 0.2, 0.2, 0.2, 0.2, 0.2, 0.2, 0.2, 0.2, 0.2, 0.2, 0.2, 0.2, 0.2, 0.2, 0.2, 0.2, 0.2, 0.2, 0.2, 0.2, 0.2, 0.2, 0.2, 0.2, 0.2, 0.2, 0.2, 0.2, 0.2, 0.2, 0.2, 0.2, 0.2, 0.2, 0.2, 0.2, 0.2, 0.2, 0.2, 0.2, 0.2, 0.2, 0.2, 0.2, 0.2, 0.2, 0.2, 0.2, 0.2, 0.2, 0.2, 0.2, 0.2, 0.2, 0.2, 0.2, 0.2, 0.2, 0.2, 0.2, 0.2, 0.2, 0.2, 0.2, 0.2, 0.2, 0.2, 0.2, 0.2, 0.2, 0.2, 0.2, 0.2, 0.2, 0.2, 0.2, 0.2, 0.2, 0.2, 0.2, 0.2, 0.2, 0.2, 0.2, 0.2, 0.2, 0.2, 0.2, 0.2, 0.2, 0.2, 0.2, 0.2, 0.2, 0.2, 0.2, 0.2, 0.2, 0.2, 0.2, 0.2, 0.2, 0.2, 0.2, 0.2, 0.2, 0.2, 0.2, 0.2, 0.2, 0.2, 0.2, 0.2, 0.2, 0.2, 0.2, 0.2, 0.2, 0.2, 0.2, 0.2, 0.2, 0.2, 0.2, 0.2, 0.2, 0.2, 0.2, 0.2, 0.2, 0.2, 0.2, 0.2, 0.2, 0.2, 0.2, 0.2, 0.2, 0.2, 0.2, 0.2, 0.2, 0.2, 0.2, 0.2, 0.2, 0.2, 0.2, 0.2, 0.2, 0.2, 0.2, 0.2, 0.2, 0.2, 0.2, 0.2, 0.2, 0.2, 0.2, 0.2, 0.2, 0.2, 0.2, 0.2, 0.2, 0.2, 0.2, 0.2, 0.2, 0.2, 0.2, 0.2, 0.2, 0.2, 0.2, 0.2, 0.2, 0.2, 0.2, 0.2, 0.2, 0.2, 0.2, 0.2, 0.2, 0.2, 0.2, 0.2, 0.2, 0.2, 0.2, 0.2, 0.2, 0.2, 0.2, 0.2, 0.2, 0.2, 0.2, 0.2, 0.2, 0.2, 0.2, 0.2, 0.2, 0.2, 0.2, 0.2, 0.2, 0.2, 0.2, 0.2, 0.2, 0.2, 0.2, 0.2, 0.2, 0.2, 0.2, 0.2, 0.2, 0.2, 0.2, 0.2, 0.2, 0.2, 0.2, 0.2, 0.2, 0.2, 0.2, 0.2, 0.2, 0.2, 0.2, 0.2, 0.2, 0.2, 0.2, 0.2, 0.2, 0.2, 0.2, 0.2, 0.2, 0.2, 0.2, 0.2, 0.2, 0.2, 0.2, 0.2, 0.2, 0.2, 0.2, 0.2, 0.2, 0.2, 0.2, 0.2, 0.2, 0.2, 0.2, 0.2, 0.2, 0.2, 0.2, 0.2, 0.2, 0.2, 0.2, 0.2, 0.2, 0.2, 0.2, 0.2, 0.2, 0.2, 0.2, 0.2, 0.2, 0.2, 0.2, 0.2, 0.2, 0.2, 0.2, 0.2, 0.2, 0.2, 0.2, 0.2, 0.2, 0.2, 0.2, 0.2, 0.2, 0.2, 0.2, 0.2, 0.2, 0.2, 0.2, 0.2, 0.2, 0.2, 0.2, 0.2, 0.2, 0.2, 0.2, 0.2, 0.2, 0.2, 0.2, 0.2, 0.2, 0.2, 0.2, 0.2, 0.2, 0.2, 0.2, 0.2, 0.2, 0.2, 0.2, 0.2, 0.2, 0.2, 0.2, 0.2, 0.2, 0.2, 0.2, 0.2, 0.2, 0.2, 0.2, 0.2, 0.2, 0.2, 0.2, 0.2, 0.2, 0.2, 0.2, 0.2, 0.2, 0.2, 0.2, 0.2, 0.2, 0.2, 0.2, 0.2, 0.2, 0.2, 0.2, 0.2, 0.2, 0.2, 0.2, 0.2, 0.2, 0.2, 0.2, 0.2, 0.2, 0.2, 0.2, 0.2, 0.2, 0.2, 0.2, 0.2, 0.2, 0.2, 0.2, 0.2, 0.2, 0.2, 0.2, 0.2, 0.2, 0.2, 0.2, 0.2, 0.2, 0.2, 0.2, 0.2, 0.2, 0.2, 0.2, 0.2, 0.2, 0.2, 0.2, 0.2, 0.2, 0.2, 0.2, 0.2, 0.2, 0.2, 0.2, 0.2, 0.2, 0.2, 0.2, 0.2, 0.2, 0.2, 0.2, 0.2, 0.2, 0.2, 0.2, 0.2, 0.2, 0.2, 0.2, 0.2, 0.2, 0.2, 0.2, 0.2, 0.2, 0.2, 0.2, 0.2, 0.2, 0.2, 0.2, 0.2, 0.2, 0.2, 0.2, 0.2, 0.2, 0.2, 0.2, 0.2, 0.2, 0.2, 0.2, 0.2, 0.2, 0.2, 0.2, 0.2, 0.2, 0.2, 0.2, 0.2, 0.2, 0.2, 0.2, 0.2, 0.2, 0.2, 0.2, 0.2, 0.2, 0.2, 0.2, 0.2, 0.2, 0.2, 0.2, 0.2, 0.2, 0.2, 0.2, 0.2, 0.2, 0.2, 0.2, 0.2, 0.2, 0.2, 0.2, 0.2, 0.2, 0.2, 0.2, 0.2, 0.2, 0.2, 0.2, 0.2, 0.2, 0.2, 0.2, 0.2, 0.2, 0.2, 0.2, 0.2, 0.2, 0.2, 0.2, 0.2, 0.2, 0.2, 0.2, 0.2, 0.2, 0.2, 0.2, 0.2, 0.2, 0.2, 0.2, 0.2, 0.2, 0.2, 0.2, 0.2, 0.2, 0.2, 0.2, 0.2, 0.2, 0.2, 0.2, 0.2, 0.2, 0.2, 0.2, 0.2, 0.2, 0.2, 0.2, 0.2, 0.2, 0.2, 0.2, 0.2, 0.2, 0.2, 0.2, 0.2, 0.2, 0.2, 0.2, 0.2, 0.2, 0.2, 0.2, 0.2, 0.2, 0.2, 0.2, 0.2, 0.2, 0.2, 0.2, 0.2, 0.2, 0.2, 0.2, 0.2, 0.2, 0.2, 0.2, 0.2, 0.2, 0.2, 0.2, 0.2, 0.2, 0.2, 0.2, 0.2, 0.2, 0.2, 0.2, 0.2, 0.2, 0.2, 0.2, 0.2, 0.2, 0.2, 0.2, 0.2, 0.2, 0.2, 0.2, 0.2, 0.2, 0.2, 0.2, 0.2, 0.2, 0.2, 0.2, 0.2, 0.2, 0.2, 0.2, 0.2, 0.2, 0.2, 0.2, 0.2, 0.2, 0.2, 0.2, 0.2, 0.2, 0.2, 0.2, 0.2, 0.2, 0.2, 0.2, 0.2, 0.2, 0.2, 0.2, 0.2, 0.2, 0.2, 0.2, 0.2, 0.2, 0.2, 0.2, 0.2, 0.2, 0.2, 0.2, 0.2, 0.2, 0.2, 0.2, 0.2, 0.2, 0.2, 0.2, 0.2, 0.2, 0.2, 0.2, 0.2, 0.2, 0.2, 0.2, 0.2, 0.2, 0.2, 0.2, 0.2, 0.2, 0.2, 0.2, 0.2, 0.2, 0.2, 0.2, 0.2, 0.2, 0.2, 0.2, 0.2, 0.2, 0.2, 0.2, 0.2, 0.2, 0.2, 0.2, 0.2, 0.2, 0.2, 0.2, 0.2, 0.2, 0.2, 0.2, 0.2, 0.2, 0.2, 0.2, 0.2, 0.2, 0.2, 0.2, 0.2, 0.2, 0.2, 0.2, 0.2, 0.2, 0.2, 0.2, 0.2, 0.2, 0.2, 0.2, 0.2, 0.2, 0.2, 0.2, 0.2, 0.2, 0.2, 0.2, 0.2, 0.2, 0.2, 0.2, 0.2, 0.2, 0.2, 0.2, 0.2, 0.2, 0.2, 0.2, 0.2, 0.2, 0.2, 0.2, 0.2, 0.2, 0.2, 0.2, 0.2, 0.2, 0.2, 0.2, 0.2, 0.2, 0.2, 0.2, 0.2, 0.2, 0.2, 0.2, 0.2, 0.2, 0.2, 0.2, 0.2, 0.2, 0.2, 0.2, 0.2, 0.2, 0.2, 0.2, 0.2, 0.2, 0.2, 0.2, 0.2, 0.2, 0.2, 0.2, 0.2, 0.2, 0.2, 0.2, 0.2, 0.2, 0.2, 0.2, 0.2, 0.2, 0.2, 0.2, 0.2, 0.2, 0.2, 0.2, 0.2, 0.2, 0.2, 0.2, 0.2, 0.2, 0.2, 0.2, 0.2, 0.2, 0.2, 0.2, 0.2, 0.2, 0.2, 0.2, 0.2, 0.2, 0.2, 0.2, 0.2, 0.2, 0.2, 0.2, 0.2, 0.2, 0.2, 0.2, 0.2, 0.2, 0.2, 0.2, 0.2, 0.2, 0.2, 0.2, 0.2, 0.2, 0.2, 0.2, 0.2, 0.2, 0.2, 0.2, 0.2, 0.2, 0.2, 0.2, 0.2, 0.2, 0.2, 0.2, 0.2, 0.2, 0.2, 0.2, 0.2, 0.2, 0.2, 0.2, 0.2, 0.2, 0.2, 0.2, 0.2, 0.2, 0.2, 0.2, 0.2, 0.2, 0.2, 0.2, 0.2, 0.2, 0.2, 0.2, 0.2, 0.2, 0.2, 0.2, 0.2, 0.2, 0.2, 0.2, 0.2, 0.2, 0.2, 0.2, 0.2, 0.2, 0.2, 0.2, 0.2, 0.2, 0.2, 0.2, 0.2, 0.2, 0.2, 0.2, 0.2, 0.2, 0.2, 0.2, 0.2, 0.2, 0.2, 0.2, 0.2, 0.2, 0.2, 0.2, 0.2, 0.2, 0.2, 0.2, 0.2, 0.2, 0.2, 0.2, 0.2, 0.2, 0.2, 0.2, 0.2, 0.2, 0.2, 0.2, 0.2, 0.2, 0.2, 0.2, 0.2, 0.2, 0.2, 0.2, 0.2, 0.2, 0.2, 0.2, 0.2, 0.2, 0.2, 0.2, 0.2, 0.2, 0.2, 0.2, 0.2, 0.2, 0.2, 0.2, 0.2, 0.2, 0.2, 0.2, 0.2, 0.2, 0.2, 0.2, 0.2, 0.2, 0.2, 0.2, 0.2, 0.2, 0.2, 0.2, 0.2, 0.2, 0.2, 0.2, 0.2, 0.2, 0.2, 0.2, 0.2, 0.2, 0.2, 0.2]
            uniform int2[] physxParticle:springIndices = [(436, 437), (376, 379), (280, 283), (279, 284), (159, 161), (555, 556), (324, 371), (470, 471), (580, 584), (425, 429), (560, 561), (218, 514), (216, 515), (140, 143), (141, 142), (212, 214), (121, 125), (111, 114), (110, 115), (569, 572), (568, 573), (185, 187), (195, 317), (77, 80), (453, 455), (5, 34), (294, 298), (427, 430), (426, 431), (28, 29), (39, 358), (533, 591), (435, 439), (501, 550), (499, 546), (586, 589), (585, 590), (64, 163), (452, 599), (577, 578), (569, 573), (404, 408), (299, 300), (558, 562), (228, 231), (102, 106), (4, 83), (398, 399), (312, 319), (572, 573), (207, 208), (206, 209), (96, 97), (215, 216), (214, 217), (187, 189), (305, 306), (368, 400), (66, 69), (222, 517), (483, 582), (414, 417), (413, 418), (340, 343), (341, 342), (47, 49), (232, 235), (313, 315), (58, 59), (222, 223), (576, 579), (575, 580), (257, 260), (256, 261), (168, 169), (512, 567), (511, 563), (540, 543), (539, 544), (446, 447), (218, 220), (562, 566), (581, 582), (2, 324), (3, 325), (613, 615), (449, 450), (448, 451), (171, 199), (21, 23), (226, 227), (573, 577), (376, 378), (377, 379), (378, 379), (79, 137), (369, 370), (178, 179), (16, 18), (510, 575), (509, 571), (226, 519), (338, 341), (339, 340), (458, 459), (478, 590), (23, 25), (140, 142), (501, 502), (500, 503), (213, 271), (134, 135), (202, 506), (201, 507), (430, 433), (429, 434), (532, 535), (276, 280), (533, 536), (293, 297), (584, 585), (165, 166), (229, 316), (588, 589), (142, 143), (243, 245), (350, 353), (351, 352), (601, 604), (602, 603), (507, 508), (192, 194), (95, 98), (94, 99), (45, 361), (43, 362), (92, 93), (273, 276), (272, 277), (352, 399), (304, 306), (415, 418), (414, 419), (192, 258), (271, 272), (176, 294), (173, 290), (575, 579), (224, 225), (129, 132), (128, 133), (295, 296), (248, 251), (247, 252), (528, 529), (156, 157), (458, 460), (31, 91), (398, 401), (397, 402), (278, 282), (239, 242), (55, 367), (408, 409), (331, 334), (209, 283), (207, 279), (104, 105), (53, 365), (51, 366), (94, 97), (93, 98), (503, 505), (233, 308), (233, 238), (234, 237), (519, 539), (518, 531), (34, 140), (5, 149), (303, 304), (186, 188), (211, 213), (111, 115), (284, 287), (283, 288), (485, 578), (487, 488), (486, 489), (329, 357), (456, 458), (30, 157), (535, 537), (292, 293), (5, 140), (255, 256), (564, 568), (543, 544), (114, 115), (508, 579), (335, 337), (575, 576), (474, 477), (304, 305), (143, 306), (390, 391), (160, 161), (552, 555), (551, 556), (354, 357), (355, 356), (14, 16), (402, 405), (401, 406), (258, 261), (257, 262), (561, 564), (560, 565), (266, 270), (232, 233), (552, 556), (533, 534), (125, 129), (490, 491), (481, 483), (515, 555), (514, 551), (549, 552), (548, 553), (54, 100), (52, 96), (64, 65), (372, 374), (373, 375), (270, 273), (269, 274), (13, 15), (309, 311), (78, 138), (81, 136), (396, 397), (560, 564), (48, 51), (49, 50), (373, 379), (374, 376), (373, 376), (71, 146), (464, 465), (527, 530), (382, 526), (142, 151), (170, 302), (367, 368), (534, 591), (533, 592), (542, 545), (541, 546), (540, 544), (286, 290), (57, 59), (474, 505), (400, 401), (287, 291), (459, 460), (458, 461), (245, 246), (172, 174), (173, 175), (285, 289), (19, 20), (18, 21), (327, 390), (326, 447), (194, 258), (192, 254), (336, 435), (334, 431), (395, 399), (603, 606), (604, 605), (259, 263), (69, 70), (340, 342), (532, 536), (533, 535), (448, 450), (585, 586), (565, 566), (56, 57), (75, 146), (71, 147), (589, 590), (361, 362), (118, 122), (8, 9), (89, 93), (579, 583), (347, 349), (359, 360), (462, 463), (198, 246), (263, 264), (95, 99), (377, 455), (148, 150), (87, 90), (86, 91), (585, 589), (143, 305), (513, 559), (228, 229), (586, 590), (504, 595), (475, 602), (254, 258), (584, 588), (340, 427), (338, 423), (353, 464), (399, 403), (395, 398), (394, 399), (384, 392), (549, 550), (360, 432), (363, 364), (284, 285), (500, 601), (502, 610), (4, 35), (489, 490), (488, 491), (517, 543), (489, 574), (487, 570), (184, 186), (532, 539), (531, 540), (452, 453), (386, 388), (13, 127), (342, 343), (396, 400), (210, 211), (463, 468), (461, 470), (143, 303), (302, 304), (32, 148), (18, 19), (609, 610), (105, 109), (78, 81), (334, 435), (91, 95), (93, 94), (252, 256), (0, 62), (391, 394), (389, 395), (448, 449), (196, 250), (344, 415), (33, 87), (555, 559), (92, 96), (421, 424), (420, 425), (585, 588), (584, 589), (68, 71), (416, 420), (556, 559), (555, 560), (603, 610), (601, 612), (490, 492), (220, 221), (562, 565), (561, 566), (352, 355), (353, 354), (98, 99), (518, 539), (278, 281), (277, 282), (465, 467), (520, 522), (521, 523), (442, 443), (397, 401), (334, 439), (331, 435), (411, 415), (98, 101), (97, 102), (42, 45), (43, 44), (255, 259), (20, 22), (45, 362), (410, 414), (267, 268), (116, 117), (532, 533), (30, 31), (535, 536), (19, 115), (459, 461), (158, 319), (524, 526), (525, 527), (422, 426), (314, 316), (146, 153), (144, 155), (130, 134), (359, 440), (358, 436), (433, 437), (433, 436), (432, 437), (3, 324), (261, 264), (260, 265), (26, 27), (274, 277), (273, 278), (491, 492), (490, 493), (460, 461), (3, 371), (63, 324), (53, 55), (81, 138), (89, 92), (88, 93), (144, 147), (145, 146), (385, 445), (386, 444), (197, 309), (199, 310), (556, 557), (435, 438), (434, 439), (377, 383), (378, 382), (492, 494), (388, 389), (15, 127), (13, 123), (397, 400), (396, 401), (7, 139), (602, 604), (419, 423), (44, 120), (42, 116), (607, 616), (478, 480), (479, 481), (502, 503), (326, 356), (226, 518), (224, 519), (56, 58), (510, 571), (482, 484), (6, 7), (180, 286), (178, 282), (429, 433), (508, 583), (507, 579), (50, 52), (44, 46), (48, 108), (352, 403), (350, 399), (467, 468), (466, 469), (213, 215), (438, 439), (334, 336), (99, 103), (43, 360), (41, 361), (493, 566), (491, 562), (18, 20), (173, 177), (174, 176), (338, 431), (336, 427), (345, 347), (518, 519), (473, 592), (501, 503), (256, 259), (255, 260), (72, 231), (228, 236), (33, 34), (32, 35), (106, 107), (571, 575), (384, 385), (203, 204), (202, 205), (595, 597), (507, 583), (167, 240), (137, 164), (312, 317), (310, 319), (194, 254), (58, 88), (100, 101), (225, 247), (93, 96), (92, 97), (215, 271), (213, 267), (126, 130), (429, 430), (162, 163), (31, 95), (29, 91), (2, 3), (601, 602), (317, 319), (143, 304), (56, 59), (57, 58), (445, 446), (240, 299), (137, 241), (71, 75), (493, 562), (252, 255), (251, 256), (489, 491), (93, 97), (418, 421), (417, 422), (307, 308), (497, 499), (64, 162), (72, 163), (281, 282), (172, 298), (331, 439), (72, 228), (112, 116), (60, 62), (397, 398), (431, 434), (430, 435), (593, 594), (342, 344), (262, 265), (261, 266), (173, 298), (172, 294), (352, 354), (269, 272), (268, 273), (80, 82), (393, 397), (196, 199), (197, 198), (491, 566), (318, 319), (158, 317), (487, 578), (485, 574), (173, 294), (253, 254), (188, 190), (106, 109), (105, 110), (492, 493), (382, 530), (199, 303), (171, 309), (440, 441), (65, 73), (350, 403), (216, 513), (214, 514), (466, 467), (520, 616), (546, 549), (545, 550), (213, 275), (211, 271), (24, 25), (107, 111), (561, 565), (336, 338), (311, 313), (308, 315), (420, 421), (203, 295), (200, 291), (595, 598), (596, 597), (498, 499), (607, 614), (605, 616), (477, 538), (474, 594), (456, 457), (223, 225), (563, 564), (148, 157), (200, 202), (201, 203), (197, 310), (565, 568), (564, 569), (27, 28), (26, 29), (387, 392), (384, 393), (372, 380), (499, 550), (455, 462), (463, 470), (208, 209), (547, 548), (232, 315), (242, 247), (239, 248), (23, 24), (22, 25), (504, 602), (271, 275), (483, 484), (482, 485), (325, 385), (324, 444), (174, 175), (37, 41), (38, 40), (144, 151), (142, 153), (90, 93), (89, 94), (401, 402), (377, 382), (553, 554), (27, 29), (52, 104), (50, 100), (515, 551), (1, 2), (207, 209), (499, 501), (10, 12), (113, 114), (346, 415), (344, 411), (308, 313), (306, 315), (130, 131), (118, 121), (117, 122), (85, 86), (336, 337), (551, 552), (54, 56), (171, 303), (326, 390), (152, 155), (153, 154), (62, 63), (291, 292), (507, 587), (506, 583), (32, 149), (34, 148), (380, 381), (222, 224), (370, 392), (353, 355), (457, 458), (456, 459), (604, 606), (451, 453), (37, 128), (166, 473), (265, 269), (36, 39), (354, 399), (352, 395), (326, 327), (422, 423), (204, 507), (202, 508), (239, 240), (77, 84), (76, 85), (401, 405), (137, 167), (204, 205), (605, 612), (603, 614), (560, 563), (559, 564), (520, 528), (211, 275), (173, 176), (536, 594), (538, 593), (233, 315), (232, 308), (68, 70), (69, 71), (220, 516), (137, 299), (424, 425), (597, 602), (595, 604), (244, 248), (242, 249), (229, 322), (228, 316), (605, 608), (606, 607), (485, 487), (221, 255), (601, 610), (172, 175), (191, 193), (59, 369), (174, 177), (251, 255), (551, 555), (348, 350), (142, 144), (5, 6), (326, 391), (356, 390), (264, 267), (263, 268), (136, 137), (52, 53), (31, 32), (30, 33), (600, 606), (599, 608), (210, 511), (478, 479), (364, 365), (42, 124), (40, 120), (382, 527), (239, 247), (224, 517), (222, 518), (192, 193), (611, 612), (223, 224), (222, 225), (108, 112), (398, 402), (182, 184), (393, 396), (392, 397), (45, 47), (9, 10), (545, 548), (544, 549), (166, 167), (316, 322), (475, 596), (476, 595), (272, 275), (271, 276), (79, 136), (78, 137), (184, 274), (72, 236), (38, 359), (204, 508), (457, 459), (527, 608), (524, 600), (434, 435), (207, 283), (365, 412), (280, 281), (158, 321), (282, 286), (503, 546), (501, 542), (85, 88), (84, 89), (62, 76), (449, 456), (474, 538), (564, 565), (252, 253), (15, 123), (30, 148), (32, 157), (58, 60), (399, 402), (398, 403), (409, 413), (176, 290), (120, 121), (334, 335), (25, 103), (431, 435), (310, 311), (309, 312), (230, 235), (419, 422), (418, 423), (406, 409), (405, 410), (173, 174), (131, 134), (130, 135), (332, 333), (90, 94), (533, 593), (536, 591), (164, 227), (540, 541), (190, 262), (14, 15), (356, 391), (546, 550), (468, 470), (82, 87), (346, 411), (495, 497), (182, 183), (568, 571), (567, 572), (65, 66), (481, 482), (480, 483), (176, 177), (344, 346), (36, 37), (115, 118), (114, 119), (60, 88), (58, 84), (243, 244), (231, 236), (148, 149), (406, 407), (591, 593), (597, 604), (501, 546), (8, 135), (321, 322), (320, 323), (137, 240), (124, 128), (465, 466), (464, 467), (209, 279), (328, 329), (89, 90), (52, 55), (53, 54), (244, 245), (243, 246), (105, 106), (180, 181), (152, 159), (150, 161), (152, 161), (48, 49), (377, 462), (376, 455), (512, 513), (251, 252), (558, 561), (557, 562), (203, 205), (241, 243), (150, 157), (148, 159), (312, 314), (122, 123), (366, 408), (180, 282), (289, 293), (536, 593), (123, 127), (420, 424), (479, 480), (131, 135), (102, 105), (101, 106), (48, 112), (46, 108), (434, 438), (314, 319), (312, 320), (561, 562), (122, 125), (121, 126), (17, 119), (354, 355), (348, 349), (158, 318), (50, 53), (51, 52), (158, 159), (595, 602), (169, 301), (390, 447), (389, 393), (387, 394), (537, 542), (158, 161), (159, 160), (129, 133), (474, 475), (384, 387), (373, 374), (54, 57), (55, 56), (121, 122), (382, 455), (377, 454), (217, 219), (228, 322), (189, 191), (60, 63), (61, 62), (327, 447), (362, 424), (413, 416), (412, 417), (603, 604), (511, 567), (475, 505), (474, 504), (290, 294), (49, 51), (216, 217), (569, 570), (354, 395), (11, 13), (472, 534), (114, 118), (484, 486), (577, 580), (576, 581), (330, 331), (350, 352), (68, 69), (168, 171), (109, 113), (466, 468), (374, 379), (614, 616), (331, 335), (332, 334), (500, 610), (570, 573), (569, 574), (154, 163), (40, 43), (41, 42), (47, 362), (45, 363), (249, 250), (300, 301), (372, 373), (244, 246), (208, 510), (276, 279), (275, 280), (263, 267), (68, 154), (67, 155), (0, 76), (62, 79), (583, 587), (464, 466), (355, 357), (253, 256), (252, 257), (524, 607), (523, 608), (491, 493), (554, 558), (454, 600), (158, 160), (205, 207), (30, 32), (1, 79), (0, 137), (494, 496), (215, 217), (493, 494), (492, 495), (63, 370), (61, 371), (76, 78), (77, 79), (334, 337), (335, 336), (70, 71), (8, 10), (9, 11), (50, 104), (472, 519), (428, 432), (451, 452), (450, 453), (402, 403), (206, 509), (26, 28), (13, 14), (12, 15), (150, 153), (151, 152), (264, 268), (516, 547), (279, 283), (497, 498), (496, 499), (309, 310), (279, 280), (248, 252), (523, 525), (522, 524), (221, 259), (219, 255), (511, 512), (438, 441), (437, 442), (407, 411), (186, 274), (184, 270), (15, 16), (14, 17), (194, 197), (195, 196), (289, 292), (288, 293), (352, 353), (1, 137), (597, 598), (423, 426), (422, 427), (81, 83), (482, 483), (601, 603), (382, 383), (317, 318), (336, 431), (64, 66), (65, 67), (132, 133), (611, 613), (421, 425), (172, 173), (541, 544), (540, 545), (186, 187), (28, 156), (194, 195), (40, 41), (535, 538), (536, 537), (202, 204), (197, 199), (485, 486), (484, 487), (34, 35), (29, 30), (28, 31), (451, 458), (528, 615), (348, 407), (514, 515), (242, 243), (241, 244), (344, 419), (342, 415), (382, 454), (125, 126), (5, 35), (4, 34), (142, 145), (143, 144), (97, 98), (357, 456), (439, 442), (438, 443), (566, 569), (565, 570), (218, 515), (245, 301), (373, 463), (178, 290), (176, 286), (17, 18), (16, 19), (520, 521), (302, 303), (123, 126), (122, 127), (265, 266), (210, 510), (208, 511), (488, 490), (196, 254), (194, 250), (148, 151), (149, 150), (28, 30), (385, 386), (314, 320), (522, 523), (57, 368), (272, 276), (476, 477), (261, 265), (153, 155), (351, 353), (414, 418), (186, 189), (187, 188), (16, 17), (55, 57), (430, 431), (410, 413), (409, 414), (460, 462), (257, 258), (494, 495), (350, 351), (224, 226), (220, 515), (218, 516), (499, 500), (498, 501), (434, 437), (433, 438), (273, 274), (406, 410), (607, 608), (219, 259), (146, 147), (426, 427), (260, 263), (259, 264), (328, 448), (54, 96), (71, 74), (70, 75), (344, 345), (86, 87), (36, 132), (12, 13), (0, 2), (1, 3), (118, 119), (386, 446), (388, 445), (243, 301), (245, 300), (177, 179), (143, 145), (427, 431), (402, 406), (60, 84), (112, 113), (19, 21), (603, 612), (571, 572), (117, 120), (116, 121), (310, 312), (237, 238), (237, 308), (233, 307), (52, 54), (426, 430), (584, 587), (583, 588), (489, 570), (105, 108), (104, 109), (526, 527), (85, 89), (417, 418), (81, 139), (83, 138), (609, 612), (610, 611), (192, 195), (193, 194), (365, 416), (364, 412), (32, 33), (256, 260), (611, 614), (612, 613), (64, 67), (181, 183), (425, 428), (424, 429), (80, 83), (81, 82), (338, 340), (331, 443), (330, 439), (257, 261), (28, 157), (30, 156), (46, 47), (270, 274), (188, 189), (2, 325), (35, 87), (33, 82), (526, 530), (487, 574), (241, 300), (243, 299), (209, 211), (36, 38), (37, 39), (96, 100), (20, 21), (428, 429), (403, 407), (164, 239), (227, 240), (506, 587), (221, 222), (220, 223), (225, 227), (498, 609), (480, 482), (97, 100), (96, 101), (410, 411), (210, 212), (29, 95), (361, 428), (110, 113), (109, 114), (144, 153), (341, 343), (513, 514), (67, 68), (405, 406), (67, 163), (64, 154), (516, 551), (515, 547), (272, 273), (241, 299), (103, 107), (52, 100), (44, 116), (451, 456), (449, 458), (290, 293), (289, 294), (375, 380), (372, 381), (94, 98), (615, 616), (537, 538), (72, 162), (414, 415), (376, 463), (373, 462), (502, 504), (225, 226), (224, 227), (94, 95), (160, 162), (567, 571), (249, 253), (346, 348), (320, 321), (233, 237), (180, 182), (223, 251), (178, 286), (324, 325), (461, 463), (221, 223), (517, 547), (516, 543), (3, 62), (0, 63), (256, 257), (40, 128), (37, 124), (605, 614), (57, 367), (55, 368), (459, 464), (457, 466), (126, 129), (125, 130), (326, 328), (327, 329), (214, 216), (358, 359), (422, 425), (421, 426), (514, 555), (46, 49), (47, 48), (59, 368), (57, 369), (260, 261), (613, 616), (614, 615), (113, 117), (332, 335), (330, 332), (331, 333), (370, 371), (214, 215), (107, 110), (106, 111), (104, 108), (25, 26), (24, 27), (49, 364), (127, 131), (325, 444), (46, 112), (496, 497), (246, 249), (244, 250), (340, 341), (474, 476), (475, 477), (101, 102), (68, 155), (437, 441), (556, 560), (183, 185), (473, 534), (472, 592), (281, 285), (99, 102), (98, 103), (268, 269), (535, 541), (129, 130), (452, 598), (164, 166), (165, 167), (524, 527), (282, 285), (281, 286), (412, 413), (351, 464), (353, 465), (576, 577), (322, 323), (293, 296), (292, 297), (190, 191), (198, 199), (46, 116), (44, 112), (565, 569), (116, 120), (156, 159), (157, 158), (488, 489), (117, 118), (229, 232), (217, 218), (216, 219), (21, 115), (19, 111), (563, 567), (160, 163), (161, 162), (388, 446), (106, 110), (168, 170), (169, 171), (184, 185), (152, 154), (548, 551), (547, 552), (61, 370), (4, 5), (277, 280), (276, 281), (413, 414), (578, 582), (387, 393), (150, 151), (497, 558), (495, 554), (190, 266), (188, 262), (610, 612), (292, 295), (291, 296), (368, 404), (367, 400), (51, 53), (534, 592), (550, 554), (108, 109), (184, 187), (185, 186), (44, 47), (45, 46), (80, 86), (577, 581), (276, 277), (212, 213), (6, 141), (587, 588), (521, 522), (415, 419), (393, 394), (75, 147), (227, 247), (225, 239), (520, 523), (171, 198), (168, 199), (146, 155), (275, 279), (32, 34), (388, 447), (390, 446), (86, 90), (64, 72), (259, 260), (512, 563), (219, 263), (217, 259), (102, 103), (544, 547), (543, 548), (316, 320), (314, 322), (240, 241), (570, 574), (573, 576), (572, 577), (119, 122), (118, 123), (545, 549), (229, 235), (230, 232), (476, 596), (213, 214), (212, 215), (606, 608), (260, 264), (11, 135), (8, 131), (193, 318), (358, 440), (40, 42), (312, 313), (311, 314), (25, 27), (503, 542), (557, 560), (556, 561), (207, 287), (205, 283), (503, 504), (502, 505), (572, 576), (17, 123), (15, 119), (232, 316), (229, 315), (178, 180), (254, 257), (253, 258), (17, 19), (217, 267), (215, 263), (143, 302), (288, 292), (190, 192), (578, 581), (577, 582), (523, 524), (60, 61), (557, 561), (128, 129), (61, 369), (59, 370), (413, 417), (250, 254), (536, 538), (169, 170), (97, 101), (203, 291), (296, 297), (29, 31), (527, 600), (306, 313), (439, 443), (400, 404), (103, 106), (102, 107), (164, 165), (150, 152), (237, 307), (242, 248), (0, 79), (0, 3), (491, 570), (489, 566), (485, 582), (483, 578), (554, 557), (553, 558), (157, 159), (91, 94), (90, 95), (514, 559), (513, 555), (355, 457), (401, 404), (400, 405), (344, 347), (345, 346), (113, 116), (112, 117), (208, 509), (206, 510), (349, 351), (199, 309), (417, 421), (47, 363), (461, 468), (338, 339), (65, 72), (64, 73), (201, 506), (165, 472), (62, 84), (60, 76), (98, 102), (10, 11), (51, 365), (572, 575), (571, 576), (338, 427), (195, 310), (197, 317), (425, 426), (74, 75), (438, 442), (13, 131), (11, 127), (487, 489), (559, 560), (362, 428), (361, 424), (71, 155), (68, 146), (214, 512), (212, 513), (206, 508), (204, 509), (392, 396), (363, 424), (362, 420), (200, 295), (599, 600), (21, 111), (426, 429), (425, 430), (22, 23), (292, 296), (29, 99), (27, 95), (430, 434), (310, 317), (537, 541), (535, 542), (386, 445), (212, 512), (84, 85), (264, 265), (125, 128), (124, 129), (595, 596), (418, 419), (504, 505), (273, 277), (366, 412), (365, 408), (505, 542), (503, 537), (220, 222), (33, 35), (483, 485), (433, 434), (356, 395), (354, 391), (461, 462), (460, 463), (202, 203), (281, 284), (280, 285), (184, 278), (182, 274), (477, 594), (411, 414), (410, 415), (209, 210), (208, 211), (472, 531), (519, 534), (372, 470), (205, 206), (204, 207), (591, 592), (450, 452), (376, 462), (144, 146), (161, 163), (372, 471), (380, 470), (337, 339), (544, 545), (367, 404), (49, 363), (47, 364), (120, 124), (166, 472), (165, 473), (384, 386), (385, 387), (38, 41), (469, 471), (351, 465), (138, 139), (248, 249), (498, 610), (500, 609), (469, 470), (468, 471), (211, 212), (210, 213), (201, 202), (543, 547), (21, 22), (20, 23), (23, 111), (21, 107), (78, 79), (224, 518), (194, 196), (76, 77), (367, 408), (366, 404), (339, 341), (599, 604), (597, 606), (128, 132), (313, 314), (19, 119), (17, 115), (86, 89), (85, 90), (461, 466), (459, 468), (409, 412), (408, 413), (164, 240), (119, 123), (7, 83), (4, 139), (455, 460), (453, 462), (41, 360), (453, 460), (486, 488), (38, 39), (535, 540), (532, 541), (518, 543), (517, 539), (342, 419), (196, 197), (513, 563), (512, 559), (495, 562), (493, 558), (454, 599), (452, 600), (519, 531), (450, 451), (205, 291), (203, 287), (541, 545), (262, 266), (478, 481), (500, 501), (495, 558), (76, 79), (374, 375), (557, 558), (521, 529), (424, 428), (369, 400), (368, 396), (389, 394), (261, 262), (165, 226), (38, 358), (39, 359), (452, 454), (362, 363), (0, 1), (178, 181), (179, 180), (77, 78), (509, 510), (329, 356), (326, 357), (56, 96), (54, 92), (457, 464), (11, 131), (158, 320), (319, 321), (55, 366), (53, 367), (249, 252), (248, 253), (4, 7), (388, 390), (387, 389), (449, 451), (31, 33), (481, 590), (478, 586), (531, 534), (474, 537), (505, 538), (354, 356), (321, 323), (314, 315), (313, 316), (475, 504), (360, 436), (359, 432), (500, 502), (152, 153), (612, 614), (50, 51), (165, 519), (226, 472), (509, 575), (179, 181), (342, 345), (343, 344), (198, 250), (196, 246), (329, 449), (327, 328), (229, 230), (37, 40), (360, 361), (171, 302), (170, 303), (206, 208), (212, 511), (210, 512), (508, 509), (371, 392), (370, 384), (269, 270), (532, 540), (206, 207), (8, 11), (156, 158), (27, 103), (25, 99), (549, 553), (165, 227), (164, 226), (373, 470), (372, 463), (441, 442), (368, 369), (553, 556), (552, 557), (265, 268), (264, 269), (498, 500), (268, 271), (267, 272), (223, 255), (221, 251), (154, 161), (152, 163), (285, 288), (284, 289), (130, 133), (129, 134), (192, 262), (190, 258), (88, 89), (356, 357), (574, 578), (453, 458), (451, 460), (82, 83), (42, 44), (216, 514), (531, 533), (532, 534), (225, 251), (223, 247), (288, 289), (412, 416), (228, 323), (72, 322), (340, 423), (114, 117), (113, 118), (48, 50), (376, 377), (576, 580), (324, 385), (202, 507), (520, 615), (528, 616), (216, 218), (497, 554), (386, 387), (90, 91), (502, 602), (504, 601), (127, 130), (126, 131), (408, 412), (218, 219), (581, 585), (305, 307), (486, 487), (277, 278), (144, 145), (266, 269), (265, 270), (366, 367), (3, 63), (193, 317), (195, 318), (574, 577), (573, 578), (385, 444), (4, 82), (35, 83), (394, 398), (505, 537), (346, 347), (609, 611), (524, 525), (350, 407), (348, 403), (193, 195), (521, 528), (520, 529), (531, 539), (364, 416), (170, 171), (269, 273), (552, 553), (597, 599), (523, 607), (375, 381), (58, 92), (56, 88), (219, 220), (218, 221), (110, 114), (418, 422), (541, 542), (217, 263), (363, 420), (391, 395), (377, 378), (436, 440), (168, 198), (437, 440), (436, 441), (205, 287), (150, 159), (33, 91), (31, 87), (581, 584), (580, 585), (515, 516), (580, 581), (24, 26), (579, 580), (100, 104), (110, 111), (509, 579), (508, 575), (215, 267), (357, 449), (329, 456), (306, 307), (305, 308), (121, 124), (120, 125), (506, 507), (510, 511), (452, 597), (598, 599), (605, 607), (61, 63), (275, 276), (372, 375), (573, 574), (468, 469), (268, 272), (603, 605), (214, 513), (416, 417), (124, 125), (151, 153), (582, 585), (581, 586), (258, 262), (432, 433), (42, 43), (348, 351), (349, 350), (182, 278), (544, 548), (196, 198), (329, 448), (328, 449), (133, 134), (267, 271), (41, 359), (38, 360), (286, 289), (285, 290), (101, 104), (100, 105), (353, 457), (355, 464), (306, 308), (67, 154), (78, 136), (288, 291), (287, 292), (88, 92), (343, 345), (188, 191), (189, 190), (330, 443), (304, 309), (303, 311), (404, 405), (149, 151), (516, 517), (50, 108), (48, 104), (176, 178), (242, 244), (42, 120), (421, 422), (539, 540), (63, 371), (444, 445), (232, 234), (233, 235), (517, 518), (370, 396), (369, 392), (274, 278), (188, 266), (437, 438), (77, 85), (365, 366), (67, 69), (66, 68), (559, 563), (293, 294), (405, 408), (404, 409), (80, 85), (77, 86), (315, 316), (145, 147), (34, 149), (280, 284), (54, 55), (283, 284), (109, 110), (168, 245), (496, 498), (176, 179), (177, 178), (291, 295), (467, 469), (204, 206), (126, 127), (409, 410), (140, 141), (294, 297), (293, 298), (306, 311), (304, 313), (319, 320), (378, 383), (186, 270), (244, 249), (568, 572), (394, 397), (393, 398), (84, 88), (284, 288), (230, 231), (82, 86), (80, 87), (511, 571), (510, 567), (246, 250), (234, 238), (371, 384), (141, 143), (568, 569), (359, 436), (241, 242), (154, 155), (429, 432), (428, 433), (548, 552), (564, 567), (563, 568), (324, 384), (371, 385), (297, 298), (222, 516), (220, 517), (247, 251), (550, 553), (549, 554), (475, 595), (80, 81), (481, 586), (389, 391), (51, 364), (49, 365), (523, 616), (520, 607), (250, 253), (249, 254), (311, 312), (76, 84), (117, 121), (454, 455), (472, 473), (361, 432), (360, 428), (169, 245), (168, 301), (234, 235), (56, 92), (453, 454), (452, 455), (37, 132), (36, 128), (66, 67), (115, 119), (72, 323), (499, 554), (497, 550), (599, 606), (369, 396), (539, 543), (545, 546), (407, 410), (406, 411), (77, 81), (78, 80), (502, 601), (392, 393), (331, 332), (613, 614), (459, 466), (432, 436), (228, 230), (229, 231), (122, 126), (253, 257), (547, 551), (208, 210), (480, 481), (394, 395), (596, 598), (87, 91), (35, 82), (70, 74), (475, 476), (342, 423), (340, 419), (320, 322), (548, 549), (227, 239), (200, 203), (46, 48), (283, 287), (380, 471), (140, 149), (43, 45), (566, 570), (12, 14), (101, 105), (58, 61), (59, 60), (326, 329), (600, 608), (182, 282), (180, 278), (219, 221), (83, 139), (4, 6), (5, 7), (542, 546), (40, 124), (484, 485), (15, 17), (423, 427), (405, 409), (190, 193), (191, 192), (41, 43), (346, 349), (347, 348), (389, 390), (388, 391), (403, 406), (402, 407), (53, 366), (336, 339), (337, 338), (200, 201), (417, 420), (416, 421), (303, 309), (483, 586), (481, 582), (355, 456), (357, 457), (72, 73), (382, 600), (454, 527), (37, 38), (25, 107), (23, 103), (239, 241), (240, 242), (304, 311), (243, 300), (583, 584), (277, 281), (580, 583), (579, 584), (168, 246), (198, 245), (525, 526), (11, 12), (10, 13), (211, 279), (209, 275), (247, 248), (136, 138), (180, 183), (181, 182), (348, 411), (346, 407), (23, 107), (387, 388), (386, 389), (27, 99), (164, 167), (59, 61), (188, 270), (186, 266), (22, 24), (287, 288), (553, 557), (364, 420), (363, 416), (289, 290), (567, 568), (524, 608), (195, 197), (182, 185), (183, 184), (233, 234), (44, 45), (538, 594), (43, 361), (582, 586), (605, 606), (109, 112), (108, 113), (493, 495), (495, 496), (494, 497), (330, 333), (522, 525), (142, 149), (140, 151), (5, 141), (6, 140), (531, 532), (285, 286), (63, 137), (1, 62), (3, 79), (2, 76), (137, 2), (1, 371), (325, 62), (63, 2), (139, 34), (6, 82), (7, 35), (5, 83), (7, 149), (141, 35), (4, 140), (6, 34), (141, 7), (6, 139), (135, 9), (9, 12), (127, 9), (12, 135), (8, 13), (131, 10), (14, 10), (10, 123), (131, 14), (12, 127), (11, 15), (12, 16), (119, 12), (17, 13), (16, 127), (14, 123), (14, 18), (115, 14), (15, 19), (123, 18), (16, 119), (20, 16), (111, 16), (119, 20), (17, 21), (115, 18), (18, 22), (107, 18), (22, 115), (111, 20), (19, 23), (24, 20), (103, 20), (107, 22), (111, 24), (25, 21), (22, 26), (99, 22), (107, 26), (27, 23), (103, 24), (24, 28), (95, 24), (99, 26), (103, 28), (25, 29), (157, 27), (30, 26), (156, 29), (26, 91), (99, 30), (31, 27), (95, 28), (156, 33), (28, 32), (29, 148), (31, 157), (87, 28), (33, 29), (32, 95), (30, 91), (157, 35), (34, 30), (33, 148), (31, 149), (82, 30), (91, 34), (31, 35), (32, 87), (4, 148), (149, 35), (32, 5), (33, 140), (83, 32), (82, 34), (33, 4), (87, 5), (132, 39), (124, 39), (38, 128), (132, 41), (40, 36), (360, 36), (40, 358), (37, 359), (39, 41), (36, 358), (120, 38), (124, 41), (37, 42), (128, 43), (42, 359), (361, 37), (43, 38), (360, 40), (41, 116), (120, 43), (44, 40), (124, 45), (44, 360), (362, 40), (361, 42), (41, 45), (112, 43), (45, 116), (42, 46), (47, 120), (46, 361), (363, 42), (44, 362), (43, 47), (45, 108), (48, 44), (116, 49), (112, 47), (364, 44), (48, 362), (363, 46), (45, 49), (104, 47), (46, 50), (112, 51), (49, 108), (365, 46), (50, 363), (364, 48), (51, 47), (100, 49), (108, 53), (48, 52), (51, 104), (52, 364), (366, 48), (53, 49), (51, 96), (100, 53), (54, 50), (55, 104), (367, 50), (54, 365), (51, 55), (92, 53), (55, 96), (52, 56), (57, 100), (368, 52), (56, 366), (57, 53), (88, 55), (92, 57), (96, 59), (54, 58), (369, 54), (58, 367), (55, 59), (84, 57), (61, 92), (60, 56), (88, 59), (60, 368), (370, 56), (61, 57), (59, 76), (61, 84), (63, 88), (58, 62), (371, 58), (62, 369), (59, 63), (79, 61), (84, 3), (76, 63), (60, 0), (0, 370), (324, 60), (61, 3), (73, 154), (72, 67), (66, 162), (65, 163), (66, 73), (65, 69), (65, 155), (66, 154), (69, 163), (68, 64), (66, 146), (155, 69), (67, 71), (154, 70), (70, 66), (69, 147), (155, 74), (70, 146), (75, 68), (322, 163), (73, 236), (323, 162), (65, 231), (64, 228), (162, 236), (74, 147), (60, 78), (85, 0), (84, 79), (86, 79), (81, 84), (85, 78), (76, 80), (80, 137), (136, 77), (79, 81), (76, 138), (77, 1), (62, 136), (76, 137), (78, 87), (81, 86), (85, 83), (82, 77), (82, 136), (77, 139), (80, 138), (83, 78), (33, 81), (35, 80), (86, 4), (83, 87), (35, 138), (139, 82), (7, 80), (81, 4), (58, 77), (89, 62), (76, 88), (90, 76), (80, 88), (77, 89), (84, 86), (77, 91), (82, 89), (90, 80), (87, 85), (80, 31), (91, 82), (35, 90), (86, 33), (56, 85), (93, 60), (84, 92), (84, 94), (88, 90), (86, 92), (85, 93), (85, 95), (91, 89), (86, 94), (93, 87), (29, 86), (87, 95), (33, 94), (90, 31), (54, 89), (97, 58), (88, 96), (88, 98), (90, 96), (97, 89), (94, 92), (89, 99), (91, 97), (95, 93), (98, 90), (27, 90), (94, 29), (31, 98), (91, 99), (101, 56), (52, 93), (100, 92), (54, 97), (92, 102), (101, 93), (100, 94), (98, 96), (103, 93), (102, 94), (97, 99), (101, 95), (25, 94), (27, 98), (29, 102), (103, 95), (105, 54), (50, 97), (104, 96), (52, 101), (96, 106), (105, 97), (104, 98), (102, 100), (107, 97), (98, 106), (103, 101), (99, 105), (23, 98), (27, 106), (102, 25), (107, 99), (48, 101), (109, 52), (100, 108), (50, 105), (100, 110), (101, 109), (108, 102), (106, 104), (111, 101), (103, 109), (110, 102), (105, 107), (21, 102), (23, 106), (25, 110), (103, 111), (113, 50), (46, 105), (109, 48), (104, 112), (114, 104), (112, 106), (110, 108), (113, 105), (105, 115), (109, 111), (114, 106), (107, 113), (19, 106), (110, 21), (23, 114), (107, 115), (117, 48), (44, 109), (46, 113), (108, 116), (108, 118), (116, 110), (117, 109), (112, 114), (109, 119), (110, 118), (117, 111), (113, 115), (17, 110), (119, 111), (21, 118), (19, 114), (121, 46), (42, 113), (120, 112), (44, 117), (112, 122), (121, 113), (114, 120), (118, 116), (113, 123), (117, 119), (114, 122), (115, 121), (15, 114), (115, 123), (19, 122), (118, 17), (125, 44), (40, 117), (42, 121), (124, 116), (116, 126), (117, 125), (124, 118), (122, 120), (127, 117), (126, 118), (119, 125), (121, 123), (118, 13), (119, 127), (17, 126), (122, 15), (129, 42), (37, 121), (40, 125), (120, 128), (120, 130), (124, 126), (128, 122), (129, 121), (131, 121), (122, 130), (127, 125), (129, 123), (11, 122), (126, 13), (130, 15), (131, 123), (36, 125), (133, 40), (132, 124), (129, 37), (134, 124), (128, 130), (126, 132), (133, 125), (125, 135), (127, 133), (129, 131), (126, 134), (126, 8), (11, 130), (13, 134), (127, 135), (36, 133), (134, 132), (133, 135), (8, 134), (138, 137), (0, 164), (78, 241), (1, 167), (240, 79), (136, 299), (136, 139), (138, 7), (6, 151), (149, 141), (5, 142), (34, 143), (143, 6), (153, 141), (149, 145), (144, 140), (151, 143), (144, 306), (141, 302), (302, 145), (145, 305), (304, 142), (303, 140), (143, 155), (145, 153), (146, 142), (151, 147), (147, 143), (68, 145), (144, 71), (155, 147), (153, 75), (145, 75), (159, 34), (151, 30), (149, 157), (32, 150), (150, 5), (142, 32), (140, 148), (34, 151), (149, 161), (159, 151), (152, 148), (153, 157), (140, 152), (149, 153), (150, 142), (148, 144), (163, 151), (153, 161), (150, 154), (159, 155), (154, 142), (151, 155), (152, 144), (150, 146), (64, 153), (155, 163), (67, 152), (161, 68), (67, 144), (154, 146), (71, 152), (68, 153), (158, 28), (158, 32), (159, 30), (28, 150), (148, 156), (157, 317), (156, 318), (320, 161), (160, 321), (159, 319), (318, 321), (160, 148), (150, 158), (157, 161), (156, 152), (162, 158), (162, 150), (154, 158), (163, 159), (152, 160), (160, 72), (152, 72), (161, 64), (160, 67), (154, 162), (226, 137), (167, 227), (240, 165), (166, 239), (473, 227), (167, 519), (226, 166), (166, 137), (301, 199), (246, 170), (245, 171), (198, 169), (170, 301), (169, 302), (169, 309), (170, 199), (302, 198), (168, 303), (175, 298), (175, 290), (172, 176), (174, 294), (298, 177), (177, 175), (286, 174), (179, 294), (178, 173), (177, 290), (179, 174), (177, 282), (176, 180), (181, 290), (286, 179), (181, 177), (278, 179), (183, 286), (178, 182), (282, 181), (179, 183), (181, 274), (185, 282), (278, 183), (180, 184), (185, 181), (183, 270), (278, 187), (185, 274), (182, 186), (183, 187), (266, 185), (270, 187), (189, 274), (184, 188), (189, 185), (262, 187), (270, 191), (266, 189), (190, 186), (191, 187), (189, 258), (193, 266), (192, 188), (191, 262), (189, 193), (191, 254), (262, 195), (190, 194), (193, 258), (190, 317), (195, 191), (318, 192), (193, 250), (196, 192), (195, 254), (197, 258), (318, 196), (197, 193), (310, 192), (194, 317), (246, 195), (198, 194), (197, 250), (254, 199), (317, 198), (195, 199), (196, 310), (194, 309), (245, 197), (196, 168), (250, 171), (199, 246), (168, 310), (309, 198), (197, 171), (303, 196), (201, 295), (200, 506), (508, 200), (205, 506), (507, 203), (201, 204), (287, 201), (200, 205), (202, 291), (295, 204), (207, 507), (509, 203), (206, 202), (508, 205), (283, 202), (287, 204), (291, 206), (207, 203), (510, 205), (209, 508), (204, 208), (207, 509), (204, 279), (206, 283), (287, 208), (205, 209), (211, 509), (511, 207), (210, 206), (510, 209), (275, 206), (210, 283), (211, 207), (279, 208), (512, 209), (213, 510), (208, 212), (511, 211), (208, 271), (279, 212), (209, 213), (275, 210), (513, 211), (215, 511), (512, 213), (210, 214), (210, 267), (214, 275), (212, 271), (215, 211), (514, 213), (217, 512), (216, 212), (263, 212), (267, 214), (217, 213), (271, 216), (219, 513), (515, 215), (218, 214), (259, 214), (263, 216), (267, 218), (215, 219), (221, 514), (516, 217), (216, 220), (216, 255), (221, 217), (220, 263), (218, 259), (517, 219), (223, 515), (222, 218), (218, 251), (219, 223), (222, 259), (255, 220), (225, 516), (518, 221), (220, 224), (247, 220), (255, 224), (221, 225), (251, 222), (227, 517), (519, 223), (226, 222), (239, 222), (251, 226), (227, 223), (247, 224), (164, 518), (472, 225), (165, 224), (224, 240), (239, 226), (165, 247), (225, 164), (316, 236), (230, 323), (322, 231), (72, 229), (231, 315), (230, 316), (235, 322), (232, 228), (231, 235), (230, 236), (230, 308), (234, 316), (229, 233), (315, 235), (235, 307), (234, 308), (237, 232), (315, 238), (234, 230), (307, 238), (225, 241), (248, 164), (247, 240), (242, 167), (227, 299), (137, 239), (244, 137), (239, 300), (242, 299), (240, 243), (240, 249), (241, 248), (244, 239), (243, 247), (299, 246), (300, 244), (301, 242), (241, 245), (250, 241), (249, 243), (242, 246), (245, 248), (198, 300), (169, 244), (168, 243), (301, 246), (196, 243), (168, 249), (250, 245), (244, 198), (223, 242), (252, 227), (251, 239), (253, 239), (247, 249), (242, 252), (244, 251), (254, 242), (244, 253), (252, 246), (248, 250), (244, 194), (253, 198), (246, 254), (249, 196), (221, 248), (256, 225), (247, 255), (257, 247), (249, 255), (248, 256), (251, 253), (248, 258), (257, 249), (250, 256), (252, 254), (249, 192), (250, 258), (257, 196), (253, 194), (219, 252), (260, 223), (251, 259), (251, 261), (257, 255), (260, 252), (253, 259), (252, 262), (253, 261), (254, 260), (256, 258), (190, 253), (262, 254), (257, 192), (194, 261), (217, 256), (264, 221), (260, 219), (255, 263), (255, 265), (264, 256), (259, 261), (263, 257), (266, 256), (262, 260), (257, 265), (264, 258), (188, 257), (258, 266), (192, 265), (261, 190), (215, 260), (268, 219), (217, 264), (267, 259), (269, 259), (265, 263), (260, 268), (267, 261), (270, 260), (268, 262), (264, 266), (261, 269), (186, 261), (188, 265), (269, 190), (262, 270), (272, 217), (213, 264), (271, 263), (215, 268), (263, 273), (272, 264), (271, 265), (269, 267), (264, 274), (273, 265), (266, 272), (270, 268), (265, 184), (188, 273), (186, 269), (274, 266), (276, 215), (211, 268), (267, 275), (272, 213), (267, 277), (268, 276), (273, 271), (275, 269), (268, 278), (269, 277), (272, 274), (270, 276), (182, 269), (278, 270), (273, 184), (186, 277), (209, 272), (280, 213), (276, 211), (279, 271), (281, 271), (275, 277), (272, 280), (279, 273), (282, 272), (281, 273), (278, 276), (280, 274), (180, 273), (274, 282), (182, 277), (184, 281), (207, 276), (284, 211), (275, 283), (280, 209), (285, 275), (284, 276), (277, 283), (279, 281), (276, 286), (277, 285), (284, 278), (280, 282), (178, 277), (182, 285), (180, 281), (286, 278), (205, 280), (288, 209), (287, 279), (284, 207), (289, 279), (288, 280), (283, 285), (281, 287), (290, 280), (286, 284), (288, 282), (281, 289), (281, 176), (285, 178), (289, 180), (282, 290), (292, 207), (203, 284), (288, 205), (283, 291), (293, 283), (287, 289), (284, 292), (291, 285), (284, 294), (290, 288), (286, 292), (293, 285), (285, 173), (289, 176), (293, 178), (294, 286), (296, 205), (200, 288), (295, 287), (203, 292), (287, 297), (296, 288), (295, 289), (291, 293), (298, 288), (294, 292), (296, 290), (289, 297), (289, 172), (297, 176), (293, 173), (290, 298), (200, 296), (297, 295), (298, 296), (297, 172), (137, 300), (301, 299), (300, 169), (143, 170), (311, 170), (309, 302), (171, 304), (199, 143), (313, 302), (311, 143), (309, 305), (303, 306), (307, 143), (315, 143), (311, 307), (308, 304), (313, 305), (305, 237), (305, 232), (306, 233), (237, 313), (315, 307), (312, 171), (303, 310), (304, 197), (199, 311), (319, 199), (317, 309), (195, 311), (312, 197), (303, 314), (304, 312), (306, 310), (313, 309), (320, 309), (311, 319), (313, 317), (310, 314), (304, 316), (314, 306), (312, 308), (311, 315), (311, 322), (315, 319), (313, 320), (312, 316), (229, 306), (316, 308), (314, 233), (232, 313), (313, 228), (315, 322), (232, 320), (314, 229), (197, 158), (193, 312), (310, 318), (319, 195), (193, 158), (321, 310), (320, 317), (314, 318), (158, 312), (312, 323), (322, 319), (158, 316), (321, 314), (323, 158), (72, 314), (320, 228), (323, 316), (321, 229), (72, 321), (444, 63), (384, 2), (385, 3), (325, 371), (444, 2), (357, 447), (329, 390), (328, 391), (327, 356), (328, 447), (327, 448), (456, 327), (326, 449), (448, 356), (328, 357), (333, 443), (333, 435), (332, 439), (443, 335), (330, 334), (335, 333), (332, 431), (337, 439), (335, 435), (336, 331), (332, 337), (335, 427), (339, 435), (431, 337), (338, 334), (339, 335), (337, 423), (427, 339), (340, 336), (431, 341), (341, 337), (419, 339), (423, 341), (338, 342), (427, 343), (339, 343), (415, 341), (423, 345), (419, 343), (344, 340), (345, 341), (343, 411), (347, 419), (345, 415), (346, 342), (343, 347), (407, 345), (349, 415), (347, 411), (348, 344), (345, 349), (347, 403), (411, 351), (346, 350), (407, 349), (351, 347), (349, 399), (407, 353), (351, 403), (352, 348), (348, 464), (465, 350), (349, 353), (395, 351), (353, 399), (350, 354), (403, 355), (465, 354), (457, 350), (351, 355), (352, 464), (391, 353), (356, 352), (395, 355), (399, 357), (464, 356), (456, 352), (457, 354), (357, 353), (390, 355), (357, 391), (354, 326), (329, 395), (457, 326), (449, 354), (356, 456), (355, 329), (440, 39), (432, 39), (436, 38), (41, 440), (358, 360), (428, 38), (361, 359), (436, 43), (41, 432), (424, 41), (43, 428), (432, 45), (360, 362), (420, 43), (363, 361), (428, 47), (424, 45), (416, 45), (420, 47), (362, 364), (49, 424), (47, 412), (420, 51), (416, 49), (365, 363), (49, 408), (366, 364), (51, 412), (416, 53), (404, 51), (53, 408), (365, 367), (55, 412), (53, 400), (366, 368), (408, 57), (404, 55), (396, 55), (369, 367), (404, 59), (57, 400), (392, 57), (396, 59), (368, 370), (400, 61), (384, 59), (396, 63), (61, 392), (371, 369), (385, 61), (384, 63), (392, 3), (370, 324), (463, 381), (375, 470), (471, 374), (373, 380), (462, 375), (470, 379), (463, 374), (372, 376), (375, 379), (381, 374), (455, 374), (377, 373), (462, 379), (463, 378), (454, 379), (378, 455), (376, 382), (462, 383), (374, 378), (471, 381), (378, 526), (600, 455), (454, 530), (383, 530), (527, 377), (370, 386), (393, 324), (385, 392), (371, 445), (387, 325), (444, 384), (389, 444), (387, 445), (384, 446), (385, 388), (385, 394), (388, 392), (386, 393), (389, 384), (391, 445), (387, 447), (390, 386), (446, 389), (386, 395), (390, 393), (391, 387), (394, 388), (446, 356), (389, 327), (388, 326), (447, 391), (388, 354), (389, 356), (395, 390), (326, 394), (369, 387), (397, 371), (396, 384), (398, 384), (392, 394), (387, 397), (389, 396), (387, 399), (395, 393), (397, 391), (398, 389), (352, 389), (394, 354), (391, 399), (356, 398), (368, 393), (401, 370), (392, 400), (392, 402), (394, 400), (393, 401), (398, 396), (393, 403), (394, 402), (397, 399), (395, 401), (350, 394), (402, 354), (403, 395), (352, 398), (405, 369), (367, 397), (404, 396), (396, 406), (404, 398), (405, 397), (402, 400), (407, 397), (406, 398), (403, 401), (399, 405), (348, 398), (406, 352), (407, 399), (402, 350), (409, 368), (366, 401), (405, 367), (400, 408), (400, 410), (409, 401), (408, 402), (404, 406), (411, 401), (403, 409), (405, 407), (402, 410), (346, 402), (410, 350), (403, 411), (348, 406), (413, 367), (365, 405), (412, 404), (366, 409), (404, 414), (405, 413), (410, 408), (412, 406), (415, 405), (407, 413), (409, 411), (406, 414), (406, 344), (348, 414), (410, 346), (407, 415), (364, 409), (417, 366), (408, 416), (413, 365), (408, 418), (417, 409), (414, 412), (410, 416), (409, 419), (411, 417), (413, 415), (418, 410), (410, 342), (419, 411), (414, 344), (346, 418), (363, 413), (421, 365), (417, 364), (412, 420), (412, 422), (420, 414), (416, 418), (421, 413), (423, 413), (422, 414), (419, 417), (421, 415), (340, 414), (342, 418), (415, 423), (344, 422), (362, 417), (425, 364), (363, 421), (424, 416), (416, 426), (422, 420), (417, 425), (418, 424), (427, 417), (421, 423), (418, 426), (425, 419), (418, 338), (427, 419), (342, 426), (340, 422), (361, 421), (429, 363), (428, 420), (362, 425), (430, 420), (426, 424), (422, 428), (421, 429), (421, 431), (429, 423), (425, 427), (430, 422), (422, 336), (423, 431), (338, 426), (340, 430), (360, 425), (433, 362), (424, 432), (361, 429), (424, 434), (432, 426), (428, 430), (433, 425), (425, 435), (434, 426), (431, 429), (433, 427), (334, 426), (427, 435), (430, 336), (434, 338), (359, 429), (437, 361), (436, 428), (433, 360), (428, 438), (432, 434), (429, 437), (436, 430), (439, 429), (433, 435), (430, 438), (437, 431), (430, 331), (431, 439), (434, 334), (438, 336), (441, 360), (358, 433), (432, 440), (359, 437), (442, 432), (438, 436), (440, 434), (441, 433), (433, 443), (437, 439), (442, 434), (441, 435), (330, 434), (443, 435), (442, 334), (331, 438), (358, 441), (442, 440), (441, 443), (330, 442), (444, 446), (445, 447), (327, 446), (328, 450), (328, 458), (357, 450), (329, 451), (456, 448), (452, 448), (460, 448), (449, 453), (450, 458), (456, 452), (455, 600), (597, 451), (454, 598), (450, 598), (453, 599), (462, 450), (454, 458), (460, 452), (451, 455), (527, 377), (453, 599), (455, 600), (452, 382), (452, 376), (454, 462), (460, 382), (377, 453), (329, 459), (355, 451), (357, 458), (449, 457), (357, 466), (353, 458), (464, 456), (355, 459), (449, 461), (453, 457), (451, 459), (456, 460), (468, 456), (466, 458), (464, 460), (457, 461), (451, 463), (453, 461), (455, 459), (462, 458), (470, 458), (466, 462), (468, 460), (463, 459), (453, 373), (376, 460), (461, 377), (455, 463), (372, 460), (461, 373), (376, 468), (470, 462), (355, 467), (457, 465), (351, 459), (466, 353), (351, 467), (457, 469), (459, 467), (461, 465), (464, 468), (469, 465), (459, 471), (469, 461), (466, 470), (467, 463), (467, 471), (380, 461), (373, 469), (372, 468), (463, 471), (380, 469), (226, 592), (473, 519), (166, 531), (165, 534), (166, 592), (504, 594), (537, 476), (475, 538), (505, 477), (477, 602), (476, 504), (595, 474), (505, 596), (596, 477), (594, 476), (479, 590), (482, 479), (582, 479), (480, 586), (590, 482), (478, 483), (480, 484), (578, 480), (586, 484), (485, 481), (482, 582), (486, 482), (482, 574), (484, 578), (483, 487), (582, 486), (488, 484), (484, 570), (486, 574), (489, 485), (578, 488), (486, 490), (566, 486), (487, 491), (488, 570), (574, 490), (488, 492), (562, 488), (570, 492), (493, 489), (566, 490), (494, 490), (558, 490), (495, 491), (494, 566), (492, 562), (496, 492), (554, 492), (496, 562), (493, 497), (558, 494), (498, 494), (494, 550), (554, 496), (558, 498), (495, 499), (496, 500), (610, 497), (609, 499), (496, 546), (554, 500), (501, 497), (550, 498), (609, 503), (498, 502), (501, 610), (499, 601), (498, 542), (500, 546), (499, 503), (502, 550), (505, 610), (601, 503), (602, 501), (500, 504), (537, 500), (504, 546), (542, 502), (501, 505), (601, 474), (475, 502), (505, 602), (503, 595), (538, 502), (537, 504), (542, 475), (474, 503), (201, 587), (579, 201), (506, 508), (202, 583), (204, 587), (575, 202), (509, 507), (206, 583), (204, 579), (204, 571), (579, 208), (508, 510), (575, 206), (567, 206), (511, 509), (210, 575), (208, 571), (208, 563), (571, 212), (510, 512), (567, 210), (210, 559), (212, 563), (214, 567), (511, 513), (212, 555), (214, 559), (563, 216), (514, 512), (214, 551), (216, 555), (559, 218), (513, 515), (547, 216), (516, 514), (220, 555), (218, 551), (543, 218), (222, 551), (517, 515), (547, 220), (220, 539), (518, 516), (547, 224), (543, 222), (222, 531), (517, 519), (543, 226), (224, 539), (534, 224), (165, 539), (531, 226), (472, 518), (607, 529), (615, 522), (523, 528), (521, 616), (529, 522), (525, 521), (608, 521), (616, 525), (607, 522), (524, 520), (522, 600), (608, 525), (523, 527), (607, 526), (522, 526), (454, 525), (600, 526), (524, 382), (608, 530), (615, 529), (540, 472), (518, 533), (539, 534), (534, 541), (531, 535), (540, 533), (539, 536), (535, 592), (531, 593), (532, 591), (534, 536), (532, 473), (519, 591), (531, 592), (542, 533), (540, 538), (541, 536), (537, 532), (537, 591), (538, 533), (593, 535), (594, 532), (503, 536), (505, 535), (474, 541), (538, 542), (505, 593), (594, 537), (536, 474), (535, 477), (517, 532), (544, 519), (543, 531), (545, 531), (539, 541), (532, 544), (535, 543), (532, 546), (542, 540), (545, 535), (537, 544), (535, 501), (546, 537), (541, 503), (505, 545), (548, 518), (516, 540), (539, 547), (549, 539), (548, 540), (545, 543), (547, 541), (540, 550), (546, 544), (541, 549), (548, 542), (541, 499), (542, 550), (545, 501), (503, 549), (552, 517), (515, 544), (551, 543), (543, 553), (549, 547), (552, 544), (551, 545), (554, 544), (548, 550), (553, 545), (546, 552), (497, 545), (553, 501), (554, 546), (499, 549), (514, 548), (556, 516), (547, 555), (552, 515), (557, 547), (548, 556), (553, 551), (549, 555), (558, 548), (557, 549), (550, 556), (552, 554), (549, 495), (499, 557), (497, 553), (550, 558), (513, 552), (560, 515), (514, 556), (551, 559), (561, 551), (553, 559), (560, 552), (557, 555), (552, 562), (553, 561), (558, 556), (554, 560), (493, 553), (557, 495), (497, 561), (554, 562), (512, 556), (564, 514), (563, 555), (560, 513), (555, 565), (559, 561), (557, 563), (556, 564), (556, 566), (557, 565), (562, 560), (558, 564), (557, 491), (495, 565), (561, 493), (566, 558), (568, 513), (511, 560), (559, 567), (512, 564), (559, 569), (567, 561), (565, 563), (560, 568), (570, 560), (569, 561), (564, 566), (568, 562), (489, 561), (570, 562), (569, 493), (491, 565), (510, 564), (572, 512), (568, 511), (563, 571), (563, 573), (567, 569), (572, 564), (571, 565), (574, 564), (568, 570), (565, 573), (566, 572), (565, 487), (566, 574), (491, 573), (489, 569), (576, 511), (509, 568), (567, 575), (572, 510), (577, 567), (568, 576), (575, 569), (571, 573), (578, 568), (574, 572), (576, 570), (577, 569), (569, 485), (573, 487), (577, 489), (578, 570), (508, 572), (580, 510), (509, 576), (571, 579), (571, 581), (580, 572), (573, 579), (577, 575), (582, 572), (574, 580), (581, 573), (576, 578), (573, 483), (574, 582), (581, 487), (485, 577), (584, 509), (507, 576), (580, 508), (583, 575), (585, 575), (583, 577), (579, 581), (576, 584), (586, 576), (580, 582), (584, 578), (585, 577), (481, 577), (586, 578), (585, 485), (581, 483), (588, 508), (506, 580), (584, 507), (587, 579), (579, 589), (583, 585), (581, 587), (588, 580), (580, 590), (582, 588), (581, 589), (586, 584), (581, 478), (582, 590), (483, 589), (481, 585), (588, 506), (587, 589), (590, 588), (589, 478), (592, 593), (591, 594), (477, 593), (476, 604), (475, 597), (596, 602), (598, 504), (598, 476), (606, 596), (452, 602), (599, 595), (598, 604), (596, 452), (598, 608), (606, 452), (597, 600), (454, 604), (452, 524), (382, 606), (608, 454), (599, 527), (504, 612), (502, 603), (610, 602), (500, 604), (475, 603), (502, 597), (595, 601), (504, 604), (614, 602), (605, 601), (612, 604), (610, 606), (595, 605), (599, 601), (603, 597), (606, 602), (616, 604), (606, 614), (603, 607), (608, 612), (597, 607), (605, 599), (608, 604), (600, 603), (520, 606), (605, 523), (608, 616), (524, 614), (523, 599), (524, 606), (600, 607), (527, 605), (611, 498), (611, 502), (498, 603), (612, 500), (601, 609), (609, 613), (613, 601), (614, 610), (609, 605), (603, 611), (611, 615), (615, 603), (613, 605), (612, 616), (611, 607), (528, 613), (528, 605), (523, 613), (615, 607), (614, 520)]
            float[] physxParticle:springRestLengths = [0.017968955, 0.016785717, 0.027479285, 0.028058551, 0.016734269, 0.01804335, 0.020805553, 0.019240275, 0.021083035, 0.021082008, 0.01801438, 0.02278967, 0.028214386, 0.024574827, 0.028097514, 0.02041936, 0.021077251, 0.026990356, 0.028066337, 0.027279397, 0.02807053, 0.020605111, 0.016714571, 0.018143887, 0.016824285, 0.020943046, 0.020844007, 0.027283035, 0.027886886, 0.018135635, 0.014722009, 0.02114208, 0.020848026, 0.02603348, 0.02938722, 0.027550647, 0.027619759, 0.016721142, 0.019705268, 0.017998608, 0.020964101, 0.021354584, 0.018165106, 0.020844001, 0.016786525, 0.020964447, 0.018157827, 0.018262805, 0.020094581, 0.017999265, 0.02422181, 0.02653102, 0.018036544, 0.023048582, 0.027974265, 0.02060703, 0.019658608, 0.01547299, 0.018357977, 0.015570906, 0.017993985, 0.027100585, 0.028252607, 0.026916808, 0.027874855, 0.02032459, 0.016813913, 0.016793072, 0.015566166, 0.015568506, 0.027560202, 0.027961552, 0.02535191, 0.027737645, 0.020994779, 0.023988228, 0.027612813, 0.026106466, 0.029558212, 0.018163938, 0.020359507, 0.020844052, 0.017997593, 0.021087738, 0.030354116, 0.016687939, 0.024579803, 0.028108805, 0.020950032, 0.020729017, 0.015847074, 0.020966006, 0.023623567, 0.026377734, 0.018380592, 0.021179045, 0.020800365, 0.01795856, 0.02060412, 0.02463645, 0.026913613, 0.015849221, 0.027002405, 0.027785156, 0.020073349, 0.017997, 0.02072703, 0.016825225, 0.025960322, 0.029438678, 0.015260597, 0.017992029, 0.025164964, 0.025499074, 0.02746312, 0.027884094, 0.018153427, 0.021081703, 0.018155493, 0.020965068, 0.017995467, 0.020402402, 0.016764162, 0.017997, 0.02009434, 0.018155219, 0.025888203, 0.029212547, 0.025208091, 0.027396455, 0.020802518, 0.02099805, 0.024556201, 0.026872398, 0.024255637, 0.02652014, 0.018143984, 0.02720021, 0.02816844, 0.018240208, 0.016822418, 0.027009515, 0.028161673, 0.018126747, 0.017959448, 0.02736715, 0.027620737, 0.021201046, 0.01570276, 0.027744008, 0.027796268, 0.017961849, 0.0260977, 0.029529976, 0.01672054, 0.020531503, 0.01675335, 0.018127332, 0.026072422, 0.029484734, 0.020784039, 0.018122045, 0.0153222475, 0.01793406, 0.020727111, 0.024625244, 0.026951252, 0.018015893, 0.023173034, 0.027938189, 0.025353886, 0.02773313, 0.020995675, 0.016842514, 0.023406502, 0.02669813, 0.02189471, 0.030007124, 0.025223667, 0.028075086, 0.016852159, 0.02072614, 0.020805113, 0.020847093, 0.027564025, 0.027972776, 0.01799663, 0.027014714, 0.027769608, 0.020931762, 0.016781399, 0.016718866, 0.01815246, 0.0179944, 0.016837582, 0.018097615, 0.021082118, 0.018135546, 0.017927216, 0.014959184, 0.020610098, 0.017990783, 0.020980231, 0.024303446, 0.027672648, 0.02104501, 0.019663693, 0.027024444, 0.028530803, 0.025879389, 0.029608289, 0.020613315, 0.025315192, 0.027884321, 0.024557816, 0.026874004, 0.027099658, 0.028258529, 0.02084502, 0.018851886, 0.021063026, 0.01816291, 0.021088518, 0.017992955, 0.020725016, 0.023111392, 0.02861917, 0.025356296, 0.027738128, 0.023072874, 0.02859985, 0.016717944, 0.024293885, 0.025732052, 0.027024087, 0.028145986, 0.020831246, 0.016779376, 0.02592375, 0.02963039, 0.018111246, 0.021085108, 0.023345632, 0.027651088, 0.023987487, 0.026043104, 0.018793883, 0.016832694, 0.020522693, 0.023368021, 0.026436597, 0.020083433, 0.01689673, 0.020806719, 0.02599396, 0.029680813, 0.026026279, 0.02947761, 0.021153035, 0.02078401, 0.020405484, 0.020995185, 0.018029466, 0.021206157, 0.02492279, 0.027005568, 0.021043038, 0.027363483, 0.02742527, 0.02097114, 0.026911067, 0.0278596, 0.025846198, 0.02956396, 0.02602419, 0.029396484, 0.027287595, 0.027701328, 0.02105413, 0.024854504, 0.027059937, 0.021202115, 0.018356854, 0.020727012, 0.02598393, 0.029607173, 0.016886963, 0.01799864, 0.018013038, 0.015442764, 0.02370583, 0.02706633, 0.017998287, 0.020803036, 0.02091438, 0.01797167, 0.021150004, 0.021197014, 0.020614943, 0.02080427, 0.01925683, 0.018149333, 0.017982336, 0.017758042, 0.016835889, 0.016746655, 0.026008887, 0.029488543, 0.02096403, 0.016864793, 0.015191704, 0.018811483, 0.02084615, 0.025261033, 0.028156824, 0.021047013, 0.021085095, 0.027109398, 0.027878258, 0.016711537, 0.021045009, 0.02601399, 0.029494852, 0.021202035, 0.018124346, 0.01495834, 0.020726092, 0.018001515, 0.025881601, 0.027419914, 0.021005027, 0.026927993, 0.027864432, 0.01558666, 0.027105223, 0.027887907, 0.020722194, 0.02606726, 0.02960349, 0.019673506, 0.018155802, 0.017921071, 0.017991923, 0.021187013, 0.014932566, 0.024941936, 0.026412237, 0.024673762, 0.028022068, 0.016774774, 0.017972667, 0.02052958, 0.02108742, 0.018156102, 0.018002465, 0.02104101, 0.018128434, 0.021151125, 0.020807998, 0.025985148, 0.029505342, 0.020480677, 0.018140612, 0.018012676, 0.018139536, 0.02120193, 0.021207105, 0.02734033, 0.028151412, 0.027638374, 0.027711093, 0.018811649, 0.021168062, 0.02711939, 0.028441558, 0.02555626, 0.027060272, 0.020608006, 0.015444425, 0.027012331, 0.028165512, 0.025904791, 0.0293949, 0.01802604, 0.015708309, 0.02722914, 0.027970703, 0.016700584, 0.024298688, 0.025748344, 0.017996063, 0.021046182, 0.027385892, 0.02761013, 0.020844003, 0.026933823, 0.028427623, 0.024224622, 0.02652739, 0.021200102, 0.020607032, 0.014912512, 0.020966012, 0.017954044, 0.0180224, 0.021152087, 0.01813641, 0.021099115, 0.017998595, 0.016749796, 0.020071173, 0.023703398, 0.02642377, 0.020966029, 0.016761564, 0.02425986, 0.026982017, 0.020973045, 0.025597844, 0.025952548, 0.021083018, 0.027603988, 0.027890883, 0.01599775, 0.02692479, 0.028438842, 0.01800591, 0.027109154, 0.028067807, 0.026833165, 0.027963888, 0.019672591, 0.021341266, 0.029997604, 0.020404285, 0.0210721, 0.026114995, 0.02955448, 0.023810416, 0.027449893, 0.025939034, 0.029688971, 0.025566323, 0.027730245, 0.018017104, 0.027467405, 0.027703159, 0.02263827, 0.026763162, 0.020606032, 0.021101015, 0.027293485, 0.027712207, 0.026083583, 0.029402126, 0.01816899, 0.016791323, 0.020847008, 0.024632458, 0.026883226, 0.019231597, 0.027355758, 0.027406372, 0.018177029, 0.020991163, 0.021619277, 0.029655738, 0.020804096, 0.0150159765, 0.020609101, 0.018170694, 0.027270319, 0.027789999, 0.021088019, 0.025271816, 0.026272256, 0.020813055, 0.020767005, 0.015248609, 0.025967231, 0.029417735, 0.025558464, 0.026407273, 0.020880917, 0.017994449, 0.020726006, 0.020845033, 0.024560202, 0.026162116, 0.026921757, 0.028075544, 0.020606028, 0.027257092, 0.027516952, 0.027198449, 0.027788201, 0.020609066, 0.020804206, 0.016108062, 0.020996736, 0.02616093, 0.028588306, 0.024540411, 0.025447248, 0.025899589, 0.029452376, 0.018008418, 0.021202229, 0.021204093, 0.024841398, 0.02581975, 0.016915552, 0.014941155, 0.021332517, 0.030655265, 0.025530063, 0.027082497, 0.018136745, 0.01557644, 0.01803807, 0.015698165, 0.026168888, 0.02864195, 0.02375521, 0.028026573, 0.0209671, 0.017994523, 0.019259242, 0.025990674, 0.029410196, 0.020404076, 0.020511363, 0.016725147, 0.020071765, 0.022184657, 0.028942257, 0.018164154, 0.025989825, 0.029698437, 0.018857978, 0.018015226, 0.02612819, 0.029492166, 0.020727016, 0.020056073, 0.027194336, 0.028158443, 0.019246005, 0.016605759, 0.024823429, 0.025781365, 0.018086279, 0.017993102, 0.017999442, 0.01876036, 0.021197202, 0.02080507, 0.018014457, 0.027372472, 0.027792895, 0.01816465, 0.020726005, 0.026837084, 0.028347336, 0.027455105, 0.027529597, 0.02109729, 0.027139306, 0.02823521, 0.01814913, 0.021149201, 0.025910513, 0.029425757, 0.018011121, 0.025853945, 0.026744798, 0.027191028, 0.027799724, 0.017994395, 0.01813625, 0.020721072, 0.027106382, 0.028247055, 0.017999096, 0.016834294, 0.02525586, 0.028060129, 0.01797102, 0.01840075, 0.018133644, 0.023129769, 0.027902316, 0.020110676, 0.016674459, 0.026065364, 0.029434009, 0.024021568, 0.027747825, 0.017995957, 0.020849077, 0.020963084, 0.020726046, 0.016783379, 0.019264894, 0.017972762, 0.025597524, 0.025916079, 0.024709826, 0.028150506, 0.01815932, 0.024897592, 0.02634498, 0.025846887, 0.029573333, 0.02051258, 0.020801026, 0.01802128, 0.020507473, 0.02515496, 0.02550199, 0.016731841, 0.027190696, 0.028162543, 0.023071159, 0.025196088, 0.02602358, 0.029603468, 0.018810645, 0.018120555, 0.019250074, 0.019264935, 0.014889123, 0.018128203, 0.016801165, 0.026058478, 0.029567068, 0.026740855, 0.02804492, 0.016844269, 0.021284752, 0.027190976, 0.027587445, 0.021303156, 0.030689368, 0.020608494, 0.024839604, 0.025864882, 0.024572551, 0.027409075, 0.02607846, 0.02948853, 0.018234298, 0.01883936, 0.018024273, 0.016614087, 0.023389189, 0.028290858, 0.015385637, 0.01617139, 0.020805478, 0.021001048, 0.020592438, 0.01809544, 0.02683975, 0.028156513, 0.024322968, 0.02705185, 0.01798349, 0.027295774, 0.027982546, 0.018133793, 0.017979197, 0.018048344, 0.020799417, 0.016827391, 0.018150168, 0.024602192, 0.026598481, 0.015842183, 0.01799817, 0.02559569, 0.025948673, 0.025541725, 0.027725188, 0.016711274, 0.02040502, 0.015701946, 0.020834316, 0.025180815, 0.027341066, 0.016761646, 0.016849883, 0.014959608, 0.016165605, 0.020965029, 0.01472448, 0.025948476, 0.029613005, 0.020987201, 0.018001834, 0.02485197, 0.025833808, 0.021196065, 0.026049927, 0.029635822, 0.02014193, 0.016094744, 0.014748185, 0.025208881, 0.026715204, 0.02720397, 0.028339755, 0.018830305, 0.015115193, 0.02072914, 0.025894256, 0.029610822, 0.024015767, 0.026740648, 0.023535259, 0.026403641, 0.015442381, 0.018168833, 0.017976053, 0.024907438, 0.027863862, 0.026025463, 0.029556146, 0.024610566, 0.026070213, 0.024614688, 0.02668164, 0.020729104, 0.015480342, 0.020532722, 0.017981408, 0.0154373655, 0.015562767, 0.020608004, 0.021203117, 0.02121322, 0.0166033, 0.016843235, 0.020942831, 0.0258892, 0.029526697, 0.02703422, 0.02840591, 0.01817926, 0.015215812, 0.025932953, 0.029413827, 0.024257563, 0.027052093, 0.014917562, 0.0179663, 0.02081001, 0.024943784, 0.026613286, 0.018788835, 0.021198066, 0.021904187, 0.029299026, 0.018141015, 0.020082332, 0.021887425, 0.02930504, 0.02128709, 0.0211951, 0.020725025, 0.026050298, 0.02956987, 0.020405047, 0.020607742, 0.026103918, 0.02948095, 0.016161028, 0.019253833, 0.024908315, 0.028405227, 0.027325744, 0.028255608, 0.025956295, 0.02968666, 0.018010238, 0.016736014, 0.014743837, 0.014786347, 0.016715085, 0.023933956, 0.026709642, 0.017996766, 0.014990279, 0.015165709, 0.017983202, 0.01669636, 0.020962475, 0.025988206, 0.02943171, 0.026083259, 0.029593704, 0.015824612, 0.020591212, 0.018164063, 0.018011117, 0.018136127, 0.018085659, 0.025903791, 0.027368307, 0.020807846, 0.026038023, 0.029610997, 0.021088017, 0.017998504, 0.017976442, 0.01796972, 0.018013434, 0.020843104, 0.025249071, 0.027420813, 0.018401608, 0.027102392, 0.02806904, 0.026923075, 0.028436916, 0.01797862, 0.027548477, 0.027617699, 0.020608025, 0.02109405, 0.025930751, 0.029649144, 0.020806272, 0.018143715, 0.018028095, 0.017956695, 0.018143238, 0.021049025, 0.016738517, 0.02105003, 0.01801423, 0.020724075, 0.017991997, 0.027385604, 0.02816558, 0.018391186, 0.027276501, 0.02749322, 0.017969077, 0.02073, 0.020805161, 0.027262168, 0.027990445, 0.022181842, 0.029653791, 0.021097025, 0.018386219, 0.020482158, 0.01802103, 0.018164456, 0.020096574, 0.018135414, 0.017996084, 0.025252786, 0.026015598, 0.02123543, 0.021198856, 0.025879988, 0.026710257, 0.015029109, 0.020929059, 0.018131295, 0.022738261, 0.028226867, 0.025947781, 0.029555578, 0.018003516, 0.017984755, 0.025253884, 0.026705885, 0.019661825, 0.015036178, 0.023893282, 0.026761657, 0.020804027, 0.01811096, 0.026920438, 0.028259007, 0.020802751, 0.018154705, 0.025540473, 0.027027916, 0.016746975, 0.017911829, 0.015322824, 0.017941175, 0.020963004, 0.021093212, 0.020754773, 0.021192018, 0.0206062, 0.020849079, 0.02701198, 0.028332893, 0.02401957, 0.027690949, 0.020967001, 0.025196662, 0.026708275, 0.018016148, 0.027450789, 0.027887492, 0.017948864, 0.018231202, 0.018011281, 0.016743025, 0.023005098, 0.028042117, 0.020100739, 0.020617843, 0.018165193, 0.021030137, 0.026028438, 0.029544981, 0.021048037, 0.025585007, 0.026366265, 0.02109303, 0.018148582, 0.018127322, 0.016764427, 0.022444317, 0.028574573, 0.017995711, 0.023653148, 0.02706502, 0.020756733, 0.016747408, 0.02060431, 0.021612579, 0.029656012, 0.018163158, 0.015029855, 0.0271794, 0.02829819, 0.020066008, 0.015078445, 0.025885306, 0.02948403, 0.020843161, 0.020406334, 0.015219446, 0.018007759, 0.018155431, 0.02063505, 0.01597373, 0.021105519, 0.020608012, 0.027458495, 0.027892547, 0.020733107, 0.020864168, 0.0167769, 0.018142737, 0.02108787, 0.01672752, 0.018381828, 0.0167237, 0.027264317, 0.02751279, 0.016741505, 0.02719418, 0.027981393, 0.019240078, 0.024534825, 0.026197731, 0.02394559, 0.026876217, 0.018141886, 0.01816596, 0.018812926, 0.018147083, 0.014864801, 0.027382411, 0.028152326, 0.02115418, 0.02410682, 0.02636485, 0.021560527, 0.03035559, 0.02120104, 0.016714398, 0.021082817, 0.026098618, 0.02948028, 0.024208467, 0.026392361, 0.020727005, 0.020844148, 0.019281166, 0.016710298, 0.02080902, 0.020947145, 0.021275608, 0.03071388, 0.02059632, 0.020808242, 0.026739296, 0.028057013, 0.021623394, 0.029645847, 0.026028575, 0.029659396, 0.027174992, 0.027604524, 0.016834859, 0.027383365, 0.027398331, 0.015246463, 0.020803895, 0.02120501, 0.024302058, 0.027748894, 0.01814376, 0.014828168, 0.01547401, 0.027292253, 0.027617794, 0.024925308, 0.026988372, 0.021084106, 0.015478023, 0.021201853, 0.023042649, 0.025212169, 0.020546123, 0.01800769, 0.021151034, 0.023973776, 0.026074389, 0.022788618, 0.028957237, 0.020797055, 0.027638808, 0.027705222, 0.020849016, 0.026933221, 0.028054772, 0.027076868, 0.027680958, 0.025930852, 0.029405626, 0.027543651, 0.027802186, 0.01799143, 0.01612854, 0.020221798, 0.027188798, 0.027979271, 0.018153522, 0.01796871, 0.016760683, 0.016939187, 0.020520812, 0.017997276, 0.024279287, 0.025533637, 0.018010434, 0.016718976, 0.02108901, 0.02072811, 0.026062403, 0.029521547, 0.017996656, 0.016712775, 0.018130463, 0.014811006, 0.025947189, 0.029566986, 0.020402117, 0.020957034, 0.027097967, 0.027680019, 0.018156946, 0.02593465, 0.029368782, 0.020103123, 0.016709175, 0.018023638, 0.020786276, 0.025984498, 0.029595908, 0.026932608, 0.028063256, 0.016878597, 0.017994089, 0.025872037, 0.029502459, 0.024285171, 0.027753774, 0.018025203, 0.016844366, 0.027560884, 0.027611896, 0.027105795, 0.028070915, 0.015347183, 0.021051338, 0.016775114, 0.027325835, 0.027681211, 0.026999371, 0.027773159, 0.016736085, 0.020494195, 0.027237711, 0.02779834, 0.018021286, 0.023933485, 0.02683013, 0.02060807, 0.02598737, 0.02943544, 0.025167016, 0.027394526, 0.020951245, 0.018138615, 0.01967741, 0.016751751, 0.015418234, 0.021084672, 0.018157506, 0.020964012, 0.016789591, 0.020942919, 0.020965038, 0.026752809, 0.028042989, 0.017973643, 0.020382317, 0.017997466, 0.027009008, 0.028346416, 0.016798623, 0.018131716, 0.018001648, 0.018124186, 0.020405058, 0.022480441, 0.028565923, 0.026000867, 0.029386215, 0.027553728, 0.027791684, 0.018009633, 0.020968018, 0.019230243, 0.015369827, 0.019271111, 0.01799928, 0.026996864, 0.028501898, 0.016876156, 0.01537195, 0.023425886, 0.026743716, 0.017993702, 0.018138887, 0.014927799, 0.018050263, 0.021065762, 0.030368391, 0.018090367, 0.02592026, 0.029645255, 0.025907027, 0.029612422, 0.020609273, 0.016899437, 0.020846026, 0.018917732, 0.015697462, 0.018028079, 0.02072602, 0.020081326, 0.018006131, 0.027431566, 0.028065223, 0.016744941, 0.016905103, 0.023674356, 0.027059412, 0.020787338, 0.020967066, 0.027738813, 0.02779071, 0.018004805, 0.027166083, 0.028351856, 0.01683824, 0.021151012, 0.01800512, 0.025891287, 0.029585285, 0.02590229, 0.026704349, 0.02597004, 0.029371463, 0.023648586, 0.027957482, 0.018147271, 0.02005633, 0.025506422, 0.026409127, 0.018818183, 0.020606177, 0.02742543, 0.028072571, 0.025954306, 0.029571481, 0.020727046, 0.027474426, 0.02752212, 0.018906794, 0.026256857, 0.027012557, 0.014925739, 0.020842036, 0.018001148, 0.01616723, 0.025940055, 0.029486015, 0.018392097, 0.017999312, 0.025944667, 0.029652346, 0.020768428, 0.02515625, 0.025502935, 0.021201393, 0.017977335, 0.017977973, 0.01776001, 0.021600533, 0.030340113, 0.0149366865, 0.022172458, 0.028949002, 0.020803018, 0.016743237, 0.020611046, 0.027016912, 0.028545462, 0.018012332, 0.02038201, 0.018132484, 0.014987163, 0.027207676, 0.028142476, 0.019665515, 0.020608013, 0.020828737, 0.018754741, 0.018008495, 0.024599275, 0.026053483, 0.022806415, 0.028972406, 0.018032521, 0.021154625, 0.020844443, 0.015250316, 0.014984893, 0.024928497, 0.02781189, 0.02745308, 0.027711133, 0.024624173, 0.025379576, 0.018907018, 0.01925687, 0.021047436, 0.01676871, 0.018009286, 0.024272028, 0.02643827, 0.020983158, 0.021615377, 0.029655559, 0.018129861, 0.0167157, 0.021209275, 0.021100065, 0.020717101, 0.01966743, 0.01881492, 0.020729017, 0.01557987, 0.01807068, 0.02080446, 0.01676774, 0.020801166, 0.02248938, 0.029311836, 0.021313895, 0.030016389, 0.018130817, 0.025248904, 0.026306307, 0.019629411, 0.02242451, 0.028596012, 0.025500765, 0.027022935, 0.027559144, 0.027788881, 0.025793621, 0.02951716, 0.020468077, 0.020806277, 0.027284654, 0.028069913, 0.015319756, 0.023648228, 0.027091257, 0.022133552, 0.028947208, 0.018026998, 0.02521647, 0.02604593, 0.021091282, 0.020611042, 0.027359817, 0.027422328, 0.020801796, 0.015181226, 0.027016409, 0.02815868, 0.021175891, 0.02665769, 0.028138995, 0.015031223, 0.020853056, 0.016099725, 0.01506352, 0.018008595, 0.025988724, 0.02951566, 0.01798688, 0.025789494, 0.029521272, 0.018017957, 0.016787581, 0.021081038, 0.021087565, 0.020607045, 0.021332765, 0.03065944, 0.020928068, 0.026840962, 0.028336715, 0.018010354, 0.021101035, 0.017989453, 0.01696004, 0.02109051, 0.030346312, 0.018850299, 0.027366182, 0.027892942, 0.017959798, 0.026222257, 0.027011475, 0.017997524, 0.019226462, 0.02763538, 0.02771211, 0.018015092, 0.018130537, 0.02431253, 0.027216822, 0.020963052, 0.021160034, 0.025930768, 0.026698112, 0.017986394, 0.017955896, 0.018869413, 0.02275448, 0.028183045, 0.027012218, 0.027973052, 0.021205015, 0.025267541, 0.025922498, 0.021084575, 0.020967428, 0.025822535, 0.029513631, 0.017993635, 0.016753644, 0.02618755, 0.028653339, 0.015699295, 0.018173179, 0.027280541, 0.028079193, 0.018010283, 0.020849014, 0.02114909, 0.020070393, 0.026737224, 0.028261209, 0.026747525, 0.028251946, 0.01673246, 0.02771605, 0.027789615, 0.02268923, 0.02896573, 0.02050748, 0.021210928, 0.017757446, 0.018007353, 0.026840582, 0.027949944, 0.023940254, 0.026808, 0.021106038, 0.020968007, 0.018012062, 0.015033027, 0.01690359, 0.017996151, 0.018412152, 0.020846019, 0.018134404, 0.016895337, 0.02188345, 0.030002415, 0.018813664, 0.02587905, 0.029459173, 0.019242186, 0.02117994, 0.020937132, 0.025882727, 0.029603284, 0.021100013, 0.01884579, 0.017993681, 0.015117535, 0.023092257, 0.028564159, 0.018014388, 0.026144141, 0.029520055, 0.024935894, 0.026365511, 0.018141396, 0.020848038, 0.027368303, 0.02798134, 0.027343366, 0.027897768, 0.02110332, 0.024016995, 0.026101787, 0.016868182, 0.023352448, 0.027637793, 0.016799796, 0.021084044, 0.027469939, 0.027519919, 0.016720155, 0.014939506, 0.020802414, 0.024941457, 0.027090244, 0.020727124, 0.01813629, 0.02700253, 0.028356073, 0.02495646, 0.026609786, 0.025935262, 0.029464718, 0.021084016, 0.027311455, 0.027799161, 0.024344767, 0.026446633, 0.02069386, 0.026060287, 0.02944026, 0.020730024, 0.023401888, 0.028221462, 0.016951045, 0.021084199, 0.016610516, 0.027369631, 0.027804488, 0.018816477, 0.015702955, 0.020962084, 0.01797944, 0.02188187, 0.029301068, 0.02108503, 0.021048026, 0.018160176, 0.018164618, 0.021085167, 0.014900234, 0.017995004, 0.020985149, 0.016820347, 0.019673044, 0.020847047, 0.021127524, 0.026927564, 0.028243793, 0.015999055, 0.016754601, 0.01690011, 0.021150028, 0.015975544, 0.015999109, 0.027015591, 0.027979314, 0.027280543, 0.027712047, 0.026828771, 0.028353035, 0.016733078, 0.026034541, 0.029450342, 0.023414463, 0.02829176, 0.01666463, 0.02612882, 0.028672582, 0.026731638, 0.028068962, 0.027413797, 0.028149702, 0.024242902, 0.026497804, 0.015469518, 0.016777396, 0.02108604, 0.014977573, 0.019692171, 0.017982602, 0.024633428, 0.025374139, 0.014726909, 0.016005574, 0.021886583, 0.030001784, 0.020963054, 0.017977994, 0.015115211, 0.027467206, 0.028062297, 0.017997961, 0.025857836, 0.027413558, 0.018000115, 0.016891219, 0.020971138, 0.027275737, 0.027595736, 0.020728126, 0.018021546, 0.0246351, 0.026938269, 0.023946486, 0.026727542, 0.023336437, 0.027558899, 0.02452223, 0.026195195, 0.02120302, 0.024319362, 0.027267905, 0.014931018, 0.016837586, 0.018001396, 0.027371224, 0.027976373, 0.017987013, 0.021084046, 0.023794826, 0.026028069, 0.020964013, 0.020546654, 0.025986739, 0.029523928, 0.021132397, 0.015021742, 0.018158745, 0.018020215, 0.027634086, 0.027868133, 0.02055021, 0.018005205, 0.01816188, 0.02096603, 0.023443962, 0.028295824, 0.02595772, 0.02947346, 0.02040211, 0.020997029, 0.020733025, 0.017993469, 0.025935568, 0.029508267, 0.024615223, 0.026727678, 0.014745047, 0.027340075, 0.027971147, 0.027019747, 0.027973926, 0.018163374, 0.026914762, 0.028256055, 0.023901116, 0.026851771, 0.021600872, 0.030352803, 0.016764453, 0.024533572, 0.026168032, 0.018165935, 0.016930606, 0.016822018, 0.016830223, 0.016735278, 0.024920378, 0.025757667, 0.020606002, 0.01813602, 0.015336882, 0.02351422, 0.027199605, 0.021202017, 0.021078853, 0.030364977, 0.025988746, 0.029651258, 0.020408077, 0.01675135, 0.016701382, 0.018170038, 0.018141614, 0.026200218, 0.027080307, 0.025239283, 0.026091516, 0.023620747, 0.027186908, 0.020406095, 0.02120625, 0.026825659, 0.027954033, 0.026923312, 0.028067816, 0.018160315, 0.015704721, 0.020994019, 0.018168211, 0.023193765, 0.028654365, 0.020607011, 0.024561938, 0.02738915, 0.021210607, 0.019707749, 0.027034137, 0.027887553, 0.02604574, 0.029525766, 0.025226532, 0.026742343, 0.027087227, 0.02835881, 0.015953703, 0.020987626, 0.025856227, 0.029550062, 0.024333192, 0.027004087, 0.014776363, 0.019654267, 0.02060702, 0.020407137, 0.026022097, 0.029568449, 0.02219106, 0.029658541, 0.018009618, 0.018122995, 0.023667954, 0.027944224, 0.026830904, 0.028166737, 0.0239505, 0.027426803, 0.015837962, 0.020101083, 0.025276331, 0.026249647, 0.021100078, 0.020845013, 0.020722069, 0.018171981, 0.018019123, 0.0212097, 0.018385781, 0.018023185, 0.018402709, 0.021200012, 0.022465229, 0.029291853, 0.021094032, 0.018028967, 0.020406213, 0.025164986, 0.025495756, 0.016900558, 0.02080401, 0.020797355, 0.027069427, 0.027679926, 0.021164019, 0.020802233, 0.025814068, 0.029482527, 0.022765955, 0.02896932, 0.02048429, 0.017992357, 0.025486194, 0.026408536, 0.022782164, 0.028238716, 0.026063778, 0.029517666, 0.02097643, 0.018152656, 0.018146466, 0.016904129, 0.020992003, 0.027454978, 0.027528651, 0.02119603, 0.02591608, 0.029526649, 0.02102101, 0.016717024, 0.024654867, 0.026763842, 0.020966861, 0.025273718, 0.026275236, 0.020956026, 0.019614901, 0.016728649, 0.015184444, 0.0213428, 0.030015144, 0.014958231, 0.02060939, 0.026819453, 0.02797069, 0.025953434, 0.029476006, 0.016796215, 0.018158272, 0.0167763, 0.020803107, 0.020804226, 0.02490845, 0.028389271, 0.020407002, 0.023599051, 0.027185302, 0.020803083, 0.021881085, 0.030008443, 0.018011361, 0.021153025, 0.014829006, 0.020729002, 0.016727738, 0.026753634, 0.028242473, 0.018908037, 0.021344848, 0.030010117, 0.024621587, 0.026094256, 0.017988108, 0.020780887, 0.026908293, 0.028424894, 0.027015492, 0.028342908, 0.020950286, 0.027172163, 0.028335107, 0.022484647, 0.029306838, 0.024877597, 0.02621024, 0.027466102, 0.027888821, 0.027651947, 0.02770398, 0.023786396, 0.02603339, 0.018149711, 0.018121071, 0.020848056, 0.024656575, 0.027328193, 0.021061063, 0.020803705, 0.015237013, 0.026036315, 0.029635437, 0.022174913, 0.029656822, 0.01799573, 0.02121305, 0.024958763, 0.025623843, 0.018003363, 0.027400015, 0.02809371, 0.0209016, 0.018819988, 0.021083035, 0.015969366, 0.0147494115, 0.024890872, 0.02574313, 0.020393047, 0.018025963, 0.02116215, 0.018131426, 0.025541095, 0.027804513, 0.027467648, 0.027696429, 0.021191105, 0.015293092, 0.020964174, 0.016889853, 0.017976485, 0.018008003, 0.019678568, 0.026929513, 0.028249068, 0.020817898, 0.020405328, 0.026165826, 0.027086169, 0.027279371, 0.02789387, 0.02118423, 0.02591328, 0.029534332, 0.020998383, 0.018158903, 0.01800625, 0.016722767, 0.01678623, 0.023794046, 0.026023583, 0.020947121, 0.024617385, 0.02542874, 0.021203006, 0.015099384, 0.020928863, 0.02096122, 0.018015767, 0.016845914, 0.01670293, 0.01838366, 0.022476286, 0.029305898, 0.022467153, 0.02854167, 0.020881126, 0.020966038, 0.018143602, 0.015258413, 0.015076999, 0.021041172, 0.016809188, 0.021206096, 0.02099504, 0.027698733, 0.027797725, 0.01495637, 0.020099469, 0.02596918, 0.029444292, 0.02754543, 0.027802423, 0.020812152, 0.017997613, 0.020613866, 0.017993897, 0.021200012, 0.018005494, 0.02493455, 0.026606154, 0.015198645, 0.02524341, 0.028117415, 0.023825578, 0.02741273, 0.02752779, 0.027967937, 0.020803995, 0.02080617, 0.024309803, 0.027810872, 0.016753051, 0.020404458, 0.018034685, 0.016725373, 0.018002294, 0.0196724, 0.021110574, 0.016762253, 0.01512746, 0.017955583, 0.017974567, 0.016795091, 0.027457757, 0.027709913, 0.017758083, 0.017970866, 0.01483745, 0.023067908, 0.025181161, 0.018005872, 0.021159502, 0.020997055, 0.02492889, 0.028331818, 0.017993085, 0.021229379, 0.024856566, 0.025826275, 0.027298443, 0.027798276, 0.027086537, 0.02845712, 0.025884453, 0.027192596, 0.016834605, 0.016740382, 0.021125346, 0.0276526, 0.027882434, 0.02120203, 0.020606004, 0.026658893, 0.028138436, 0.017997032, 0.024916163, 0.027749134, 0.018130362, 0.016793545, 0.020806195, 0.023705576, 0.028068563, 0.02074894, 0.01814847, 0.014988001, 0.018001776, 0.018145833, 0.015845602, 0.018164312, 0.023641836, 0.026453545, 0.020807019, 0.022182407, 0.02965352, 0.02084502, 0.018020311, 0.017992383, 0.021153014, 0.020893099, 0.023845037, 0.025975345, 0.021192236, 0.01799742, 0.02703372, 0.028649213, 0.0260174, 0.029564174, 0.01931511, 0.01690788, 0.016793434, 0.021082096, 0.015295823, 0.018004838, 0.018006323, 0.018156672, 0.0154460035, 0.027180558, 0.027597282, 0.021198047, 0.016719837, 0.020406054, 0.017991757, 0.018010342, 0.020526774, 0.02754723, 0.027620075, 0.02459276, 0.027396379, 0.016729416, 0.018414387, 0.018008927, 0.021097027, 0.02108306, 0.026057065, 0.029369948, 0.021204008, 0.02108308, 0.018398628, 0.025981845, 0.029528279, 0.024329387, 0.027266713, 0.021049041, 0.01837762, 0.015833607, 0.01689752, 0.018004779, 0.014939311, 0.021144018, 0.019174166, 0.027517887, 0.027986912, 0.020088617, 0.027296942, 0.028257309, 0.021575838, 0.03034067, 0.017995, 0.022187505, 0.028941156, 0.02120305, 0.0245485, 0.026874624, 0.016829738, 0.021109039, 0.017994087, 0.018143253, 0.023332378, 0.02755547, 0.02452344, 0.026061667, 0.026024796, 0.029478632, 0.020140167, 0.021204017, 0.021082014, 0.019216446, 0.020804642, 0.024955636, 0.026606085, 0.025870837, 0.029567959, 0.018450094, 0.015466615, 0.023998491, 0.027353335, 0.025573714, 0.025971007, 0.016743623, 0.020802021, 0.016719446, 0.023774264, 0.026035052, 0.01962595, 0.01558166, 0.02120449, 0.018134953, 0.026836604, 0.028342957, 0.025994662, 0.029607875, 0.016767038, 0.018115882, 0.017971706, 0.019663274, 0.020102281, 0.021203004, 0.024342004, 0.0257373, 0.0209617, 0.021100057, 0.021219656, 0.020406801, 0.017963346, 0.018137554, 0.016904734, 0.021049006, 0.018146422, 0.018447844, 0.020921594, 0.0270267, 0.027968148, 0.016728923, 0.018126093, 0.01583138, 0.020802043, 0.020771066, 0.021205386, 0.016721481, 0.020506155, 0.02040316, 0.020845044, 0.020635867, 0.021074409, 0.021888323, 0.029304614, 0.018126525, 0.019224213, 0.027021755, 0.027885182, 0.020801088, 0.021022141, 0.02582411, 0.029532429, 0.02104804, 0.014960736, 0.017971223, 0.020714035, 0.020844012, 0.021109037, 0.023054557, 0.025196444, 0.020403039, 0.026654165, 0.028143255, 0.025938772, 0.029563809, 0.024555588, 0.026887344, 0.01523611, 0.027089572, 0.027693693, 0.014722137, 0.027259616, 0.028196333, 0.020539556, 0.027362794, 0.027618654, 0.025571862, 0.027785225, 0.016704442, 0.02364461, 0.027072666, 0.014748981, 0.026837101, 0.028152758, 0.026017012, 0.0296137, 0.02009582, 0.021102374, 0.017996171, 0.0209871, 0.02764739, 0.027875757, 0.025913918, 0.029514922, 0.018441543, 0.027276615, 0.027454372, 0.024281058, 0.027279874, 0.018115452, 0.018167216, 0.027016366, 0.027777035, 0.026757851, 0.028235449, 0.018007144, 0.02598483, 0.029610751, 0.018022215, 0.020800486, 0.020401157, 0.026844814, 0.028150974, 0.020606034, 0.017998131, 0.02096441, 0.023911767, 0.027584393, 0.017994612, 0.018020576, 0.016749177, 0.020957023, 0.02692454, 0.027869547, 0.016849183, 0.0148837585, 0.021039167, 0.014845547, 0.020843007, 0.019641561, 0.027332468, 0.028282614, 0.020726003, 0.026636653, 0.028150875, 0.01797344, 0.018394487, 0.024877843, 0.027745841, 0.024909317, 0.028434172, 0.018154405, 0.017956052, 0.060697563, 0.041591454, 0.031949047, 0.042618692, 0.03226937, 0.05127421, 0.051230997, 0.040808387, 0.059050463, 0.05173608, 0.04197985, 0.03633097, 0.057604823, 0.05077241, 0.035009906, 0.041884646, 0.035073638, 0.036339544, 0.035966434, 0.0411914, 0.05499268, 0.054726012, 0.041364007, 0.035966653, 0.04119616, 0.05516089, 0.05455879, 0.03593515, 0.04146608, 0.0412475, 0.05538719, 0.04154517, 0.05436504, 0.03602392, 0.041217115, 0.05555645, 0.041444015, 0.05430515, 0.035911184, 0.04121012, 0.05573859, 0.0539382, 0.04145604, 0.035960093, 0.04121306, 0.05592159, 0.053830806, 0.035969287, 0.041455034, 0.04121306, 0.0561029, 0.035986148, 0.053657714, 0.041456044, 0.041218534, 0.056283835, 0.05348347, 0.04145409, 0.036004134, 0.03608771, 0.054128494, 0.036011606, 0.049650505, 0.03734121, 0.04897614, 0.036391634, 0.034739602, 0.054472405, 0.0496751, 0.03759902, 0.03623701, 0.056422144, 0.041874267, 0.05181233, 0.03482309, 0.05879827, 0.04197706, 0.051923472, 0.036263734, 0.05681707, 0.041884027, 0.034905374, 0.05145569, 0.058899786, 0.051868677, 0.041989032, 0.03628676, 0.05722665, 0.034944832, 0.04188008, 0.05111113, 0.05898654, 0.036303364, 0.04200204, 0.051811963, 0.029623706, 0.051808413, 0.029708564, 0.050411943, 0.041603852, 0.050937023, 0.05099786, 0.029436763, 0.04081501, 0.029366415, 0.052476317, 0.029770872, 0.041604485, 0.049782425, 0.05101311, 0.050976854, 0.040811066, 0.029509235, 0.05307211, 0.029812472, 0.041606113, 0.049160827, 0.05102627, 0.051020313, 0.02953913, 0.04080611, 0.053722512, 0.029831016, 0.041569438, 0.04854762, 0.050995953, 0.05104834, 0.029569373, 0.04080802, 0.05447846, 0.041538052, 0.047936287, 0.029953014, 0.051047713, 0.05094749, 0.029579509, 0.04072922, 0.055143658, 0.041670255, 0.047340553, 0.03025304, 0.051086187, 0.051075336, 0.029617004, 0.04073017, 0.055940166, 0.04670616, 0.041714378, 0.030427506, 0.05125286, 0.051124707, 0.04091311, 0.05664067, 0.030465499, 0.041600008, 0.046124708, 0.051092632, 0.05125111, 0.040911168, 0.05719459, 0.030667126, 0.041583817, 0.045512293, 0.05114964, 0.051152185, 0.040785998, 0.057875488, 0.030905342, 0.044943675, 0.041601203, 0.051167358, 0.05113706, 0.04078701, 0.058593396, 0.044359304, 0.04161056, 0.031137725, 0.051152833, 0.051191863, 0.040806048, 0.05929452, 0.03138394, 0.043775428, 0.0416116, 0.051202927, 0.051198293, 0.040805038, 0.060009997, 0.043189194, 0.03164889, 0.041607972, 0.051254466, 0.05122677, 0.04080812, 0.051350646, 0.037627354, 0.04898818, 0.03334696, 0.03668654, 0.03671999, 0.05189671, 0.033469774, 0.04837329, 0.037298605, 0.052695584, 0.033332415, 0.037563685, 0.047638085, 0.03646434, 0.05304434, 0.046775356, 0.033659827, 0.037347473, 0.0015803105, 0.00026525685, 0.0004313895, 0.0016327306, 0.0021487123, 0.03326436, 0.033784416, 0.055613294, 0.05112099, 0.04240755, 0.059223242, 0.052042022, 0.042317033, 0.03630787, 0.059285276, 0.042284854, 0.03631612, 0.051952254, 0.050826214, 0.055871975, 0.042388175, 0.05913607, 0.04221504, 0.051971596, 0.036292996, 0.059198447, 0.051883396, 0.04217736, 0.03630959, 0.05905742, 0.036295544, 0.05189502, 0.04211104, 0.059117116, 0.042081077, 0.051809374, 0.036311336, 0.055318106, 0.051417183, 0.042408016, 0.059159648, 0.05209804, 0.042304017, 0.036289398, 0.059052676, 0.052027516, 0.04220605, 0.036272675, 0.05897253, 0.042099033, 0.051948868, 0.03627841, 0.05503098, 0.051687393, 0.042406015, 0.05908049, 0.036277547, 0.052158456, 0.042301007, 0.05897605, 0.03626271, 0.042194054, 0.05208727, 0.058898643, 0.04209001, 0.05200361, 0.036258742, 0.05475822, 0.05110302, 0.042409126, 0.0572681, 0.052245915, 0.041206054, 0.03627019, 0.05631975, 0.05138326, 0.03625813, 0.04000105, 0.055402685, 0.036262322, 0.050524313, 0.03879904, 0.051303744, 0.054467555, 0.04240845, 0.033043846, 0.05706839, 0.04114105, 0.052347675, 0.036060963, 0.05606738, 0.039870046, 0.036050946, 0.051437054, 0.055101812, 0.036048226, 0.050540317, 0.03860305, 0.051527187, 0.055102024, 0.042401277, 0.03299968, 0.05687736, 0.042159546, 0.05401959, 0.036054704, 0.056671217, 0.041927163, 0.03603234, 0.053852525, 0.05648928, 0.053680904, 0.036027823, 0.041689232, 0.054973383, 0.051740836, 0.04237535, 0.03304168, 0.05670323, 0.042161826, 0.05417291, 0.036017075, 0.056491315, 0.054033704, 0.041931875, 0.03601193, 0.056310754, 0.036015287, 0.053853255, 0.04169344, 0.051979396, 0.054686733, 0.033059366, 0.042462412, 0.0564916, 0.054432187, 0.03600629, 0.04217473, 0.056312926, 0.036011696, 0.04184841, 0.054223534, 0.05613102, 0.036006723, 0.05391341, 0.041696172, 0.05215524, 0.05440355, 0.03295277, 0.04248412, 0.056360092, 0.054600984, 0.042174052, 0.036098484, 0.05613269, 0.041986175, 0.05438989, 0.036021676, 0.055953335, 0.041649014, 0.05427394, 0.03592533, 0.052354373, 0.054169, 0.042357046, 0.032914344, 0.05612605, 0.04217231, 0.054825675, 0.03596947, 0.05599119, 0.03604557, 0.042019296, 0.054557454, 0.055789214, 0.04178926, 0.0543768, 0.03603881, 0.052575365, 0.053948496, 0.03291228, 0.04236202, 0.055942845, 0.04215919, 0.05481875, 0.035962187, 0.055780496, 0.041876025, 0.054793924, 0.035907418, 0.05560954, 0.041741706, 0.054548323, 0.035996694, 0.052786745, 0.053757362, 0.032914747, 0.04240006, 0.055749957, 0.035959728, 0.055083532, 0.04216574, 0.055583537, 0.041928608, 0.03598577, 0.054796588, 0.055393454, 0.035912722, 0.054760963, 0.04160736, 0.05354295, 0.053010914, 0.042406175, 0.032932032, 0.055568706, 0.035967752, 0.05530079, 0.042181298, 0.055406254, 0.05511934, 0.035972938, 0.04194014, 0.05521599, 0.035975836, 0.05482393, 0.041702107, 0.032928795, 0.03599897, 0.035985105, 0.035988014, 0.03634431, 0.002415132, 0.0020031314, 0.0023646788, 0.002076557, 0.00067403034, 0.036337245, 0.036339026, 0.056177158, 0.041030396, 0.03366226, 0.049795188, 0.03379189, 0.05550385, 0.0491586, 0.03366844, 0.04017704, 0.001715406, 0.0004578961, 0.03383118, 0.00015240205, 0.0016734469, 0.0024736775, 0.054732658, 0.03934347, 0.03355988, 0.04837315, 0.033805996, 0.054100133, 0.0336292, 0.038168106, 0.04766094, 0.033802647, 0.054747496, 0.051066954, 0.04098929, 0.033503573, 0.05545995, 0.050416276, 0.040988304, 0.033586923, 0.054046933, 0.04009551, 0.033479154, 0.05037594, 0.054728277, 0.03357349, 0.040148053, 0.049734395, 0.053193588, 0.03918522, 0.03349715, 0.04978758, 0.053991195, 0.033560827, 0.039222293, 0.048928216, 0.052608546, 0.03835491, 0.03347295, 0.04893061, 0.053343207, 0.03830138, 0.048264645, 0.033518706, 0.033440508, 0.05405691, 0.03345165, 0.051716685, 0.041017745, 0.0021736617, 0.000060540784, 0.0029516825, 0.00025780578, 0.0017402015, 0.033427894, 0.053364128, 0.04011814, 0.03346147, 0.05109992, 0.03342378, 0.052587762, 0.050453477, 0.03340535, 0.039273646, 0.033353508, 0.051989444, 0.0333955, 0.049731586, 0.038302127, 0.060650747, 0.041606743, 0.031952757, 0.042686213, 0.051250737, 0.051217016, 0.040808015, 0.032198336, 0.059023794, 0.05172808, 0.03629871, 0.041979533, 0.036329642, 0.03506063, 0.057560775, 0.04186246, 0.05075892, 0.034969512, 0.035962928, 0.055037748, 0.041457247, 0.03596223, 0.054711577, 0.041213088, 0.055190086, 0.054543436, 0.041477904, 0.03596651, 0.04120567, 0.055383746, 0.041441035, 0.054384198, 0.036016446, 0.041218266, 0.055562396, 0.054280885, 0.041422423, 0.035919826, 0.041215546, 0.05574665, 0.05394142, 0.035990212, 0.041454036, 0.04121305, 0.055919517, 0.0538553, 0.035997495, 0.041447174, 0.041212045, 0.056098346, 0.036001027, 0.053682636, 0.041448057, 0.04121212, 0.056290142, 0.053499974, 0.03601405, 0.041447207, 0.041211147, 0.054128837, 0.04964401, 0.0373311, 0.03603576, 0.036041405, 0.054463066, 0.0497023, 0.037608385, 0.03626477, 0.048959035, 0.03638348, 0.034808666, 0.058805496, 0.041992053, 0.036266726, 0.05195476, 0.05645979, 0.041899715, 0.051801078, 0.034810886, 0.05888142, 0.04199106, 0.0362633, 0.051897604, 0.05683528, 0.04191404, 0.034841184, 0.05147857, 0.058940437, 0.041992094, 0.051831998, 0.036279354, 0.057188492, 0.034902725, 0.041907065, 0.051154032, 0.029650385, 0.029411223, 0.050965387, 0.050961033, 0.029436111, 0.040808212, 0.05174888, 0.041604206, 0.029643752, 0.05043747, 0.050986093, 0.051000908, 0.04080803, 0.029453218, 0.05242198, 0.029697232, 0.04980483, 0.041611485, 0.050994556, 0.05100497, 0.040813014, 0.029524496, 0.053108994, 0.029806593, 0.049171347, 0.041612536, 0.051025584, 0.050993856, 0.04081284, 0.029530589, 0.05380111, 0.048523434, 0.041573144, 0.029916847, 0.051015582, 0.05105446, 0.04078801, 0.02954579, 0.054591816, 0.047899164, 0.04157316, 0.030030863, 0.05108225, 0.051149342, 0.029631317, 0.040801138, 0.055212077, 0.0473615, 0.030267172, 0.04168542, 0.051108826, 0.05119768, 0.040887296, 0.055854514, 0.030373797, 0.04168902, 0.04677249, 0.05116082, 0.051090315, 0.040861078, 0.056524925, 0.030453252, 0.046136428, 0.04156145, 0.051132463, 0.051132265, 0.04075243, 0.057134327, 0.041557156, 0.0455513, 0.03065339, 0.051168445, 0.051165294, 0.040761527, 0.0578425, 0.041602015, 0.044953015, 0.030917222, 0.051194765, 0.051183734, 0.040807016, 0.058603086, 0.04436621, 0.041602127, 0.031145945, 0.051221933, 0.05120256, 0.040810075, 0.059304923, 0.043784324, 0.041604042, 0.031398658, 0.051228233, 0.051231496, 0.040811244, 0.059992455, 0.03167486, 0.04322117, 0.041608114, 0.051442236, 0.048984952, 0.033343047, 0.037549395, 0.052099712, 0.033473592, 0.048588213, 0.03767955, 0.03679901, 0.03677582, 0.05274018, 0.047980163, 0.03772129, 0.033565514, 0.053114396, 0.03368466, 0.037355132, 0.047087118, 0.03683395, 0.033801284, 0.055596117, 0.05107814, 0.042394128, 0.050841425, 0.055851493, 0.042414505, 0.05928733, 0.051958445, 0.042292893, 0.036295395, 0.059169397, 0.042294044, 0.036270026, 0.052042715, 0.059204232, 0.04219299, 0.05188478, 0.03630992, 0.05911153, 0.042194042, 0.03629555, 0.051973198, 0.05912299, 0.051810134, 0.03631189, 0.04208615, 0.059031554, 0.05190258, 0.042092077, 0.036296416, 0.05532163, 0.051335577, 0.04240106, 0.059084278, 0.0362568, 0.042301055, 0.05212277, 0.059034716, 0.042197064, 0.052052427, 0.03628346, 0.058951057, 0.051978182, 0.042097062, 0.03628249, 0.055034213, 0.05160484, 0.042406145, 0.05900993, 0.052191496, 0.04230213, 0.03624669, 0.05895788, 0.042200122, 0.05212333, 0.036272377, 0.058875076, 0.042095035, 0.052047588, 0.036272995, 0.054740854, 0.051039334, 0.042403217, 0.05721079, 0.036228154, 0.041207425, 0.052259184, 0.056312162, 0.04000659, 0.051407415, 0.03626253, 0.05539623, 0.03880451, 0.03625837, 0.050559517, 0.054399356, 0.051259182, 0.032967877, 0.04240221, 0.057026803, 0.041140303, 0.036020365, 0.052323695, 0.056082524, 0.036055923, 0.039870434, 0.051429063, 0.05511275, 0.03860256, 0.050527744, 0.036057062, 0.054996356, 0.05147114, 0.03291082, 0.042356286, 0.05684447, 0.036002234, 0.04216814, 0.053958237, 0.056687694, 0.053852327, 0.03604149, 0.041929036, 0.056497958, 0.036041543, 0.053676803, 0.041690033, 0.051725645, 0.054865576, 0.04237155, 0.03289176, 0.056640737, 0.042184826, 0.05417407, 0.03596412, 0.05648868, 0.041926198, 0.054060064, 0.036021713, 0.05630361, 0.05386868, 0.036020093, 0.041687056, 0.051894743, 0.05465975, 0.042495828, 0.032947216, 0.056475893, 0.042163175, 0.035986412, 0.054457784, 0.05630255, 0.041927107, 0.036033325, 0.054223903, 0.05611966, 0.041687045, 0.03601984, 0.054042093, 0.05442583, 0.052076757, 0.032919727, 0.04246085, 0.056330886, 0.036042724, 0.04216445, 0.054582134, 0.056132164, 0.04195312, 0.036019564, 0.054389395, 0.05595277, 0.041629005, 0.03601387, 0.054248635, 0.05418646, 0.0523043, 0.042378556, 0.032917228, 0.056115054, 0.042163283, 0.05475931, 0.035989504, 0.05597144, 0.04191515, 0.05456899, 0.036069285, 0.055760305, 0.054387722, 0.036027133, 0.041746136, 0.053964358, 0.052560996, 0.042407192, 0.032901663, 0.055946384, 0.042165175, 0.036005873, 0.054903693, 0.05576919, 0.03595748, 0.054831985, 0.0418992, 0.05557347, 0.03602591, 0.0545685, 0.04174619, 0.052785527, 0.053716857, 0.032895703, 0.042411517, 0.055774365, 0.035993725, 0.042167265, 0.055118352, 0.055599656, 0.03599019, 0.05484182, 0.041934095, 0.055418707, 0.035993073, 0.05477851, 0.041627105, 0.05300661, 0.05348986, 0.042404175, 0.032865334, 0.055593915, 0.04216821, 0.05525914, 0.03599205, 0.05542203, 0.035991788, 0.05508824, 0.041928053, 0.055240516, 0.054914147, 0.035991807, 0.041687116, 0.03286422, 0.035956416, 0.035990003, 0.03598806, 0.03633287, 0.03633105, 0.036331154, 0.0338317, 0.056096703, 0.04100111, 0.033654757, 0.04984166, 0.055414945, 0.040148813, 0.04921283, 0.033664964, 0.03375286, 0.054706074, 0.048407577, 0.033556305, 0.0393221, 0.033788458, 0.05407458, 0.03365091, 0.04767403, 0.038366638, 0.055478364, 0.0410852, 0.050468832, 0.033550136, 0.054781973, 0.041087624, 0.05109796, 0.033474687, 0.054832924, 0.04023592, 0.049838327, 0.033561636, 0.05412648, 0.040195506, 0.05045666, 0.03349113, 0.054111097, 0.039380785, 0.049183268, 0.03347254, 0.05344005, 0.049835864, 0.039385017, 0.033418052, 0.05342579, 0.03857854, 0.04864875, 0.03353401, 0.052773047, 0.03855999, 0.049262058, 0.033461835, 0.054137215, 0.05169227, 0.041063815, 0.033435594, 0.033461064, 0.053478997, 0.033377368, 0.05104081, 0.04016178, 0.052678525, 0.033454098, 0.050417975, 0.039281726, 0.03340999, 0.051953077, 0.033476293, 0.038430676, 0.049830016, 0.03335363, 0.06067239, 0.042658992, 0.03195282, 0.04159566, 0.032261483, 0.059027508, 0.036273096, 0.05168004, 0.04197274, 0.036321416, 0.035034083, 0.05763234, 0.03491649, 0.050735593, 0.041856743, 0.03596899, 0.055032164, 0.03596928, 0.054736756, 0.04146002, 0.041218743, 0.055211492, 0.054557458, 0.035968672, 0.04145305, 0.041221134, 0.05538959, 0.05437425, 0.035971362, 0.04145204, 0.041216057, 0.055568926, 0.035976384, 0.04145309, 0.054198172, 0.041213013, 0.055751022, 0.035987034, 0.041454036, 0.054024078, 0.041215025, 0.055935673, 0.05384395, 0.035998415, 0.041453015, 0.041214015, 0.056124978, 0.053661644, 0.036003225, 0.041456003, 0.041215025, 0.056302182, 0.053483706, 0.036016528, 0.041447062, 0.04122162, 0.054124683, 0.049637422, 0.03732006, 0.036016792, 0.03608281, 0.05446135, 0.049627494, 0.036205478, 0.037467197, 0.04893113, 0.03470537, 0.036347475, 0.058793783, 0.03622929, 0.04195663, 0.051863667, 0.056386355, 0.051745832, 0.04172138, 0.034676317, 0.05889304, 0.04210767, 0.036384996, 0.05182737, 0.056795307, 0.05145306, 0.034860548, 0.041916467, 0.059134778, 0.036258623, 0.042011958, 0.051748782, 0.05721269, 0.05109694, 0.034941714, 0.04200114, 0.029614337, 0.051751338, 0.02964649, 0.050431684, 0.041610546, 0.052416142, 0.041608494, 0.049817808, 0.029710319, 0.053089876, 0.02981493, 0.049200762, 0.041607223, 0.05377918, 0.04160703, 0.04857037, 0.029929817, 0.054452766, 0.030041391, 0.0415291, 0.047825318, 0.05513597, 0.047219828, 0.030099772, 0.041535135, 0.055835273, 0.041703038, 0.030246194, 0.046798397, 0.05657488, 0.03052764, 0.041710343, 0.046197783, 0.057192322, 0.0416246, 0.045604933, 0.030642955, 0.057880174, 0.041585162, 0.044814784, 0.030881355, 0.05858508, 0.031110005, 0.041580956, 0.044321995, 0.05928523, 0.043766633, 0.031360228, 0.041601058, 0.05998346, 0.031650595, 0.04320329, 0.04160457, 0.05142498, 0.03348909, 0.0491445, 0.03754591, 0.0521111, 0.048582405, 0.0335391, 0.037550125, 0.03670234, 0.036628347, 0.052767135, 0.03743167, 0.033604678, 0.047594715, 0.053390026, 0.033644974, 0.037635505, 0.046225533, 0.036448244, 0.033432715, 0.0018507038, 0.004012017, 0.03334548, 0.00032913353, 0.0038870384, 0.05558082, 0.051100522, 0.04240014, 0.055841867, 0.0508468, 0.042387888, 0.059296675, 0.042293467, 0.051908318, 0.03629438, 0.059195794, 0.05200524, 0.042311233, 0.036269702, 0.059207007, 0.051865503, 0.03630828, 0.04218335, 0.059115075, 0.051967166, 0.03628969, 0.042195037, 0.059126306, 0.051782828, 0.03630282, 0.04207306, 0.0590693, 0.036285874, 0.042085618, 0.0518743, 0.055288643, 0.05138073, 0.042405054, 0.05897295, 0.03624738, 0.04229739, 0.05207631, 0.059038967, 0.03627149, 0.05204179, 0.042091887, 0.059116524, 0.03629268, 0.04209504, 0.05194954, 0.054989595, 0.051519684, 0.042390034, 0.05905226, 0.05213212, 0.042195313, 0.036118336, 0.058980636, 0.042192843, 0.036276724, 0.052085504, 0.058909897, 0.051984966, 0.0420991, 0.036500983, 0.05110118, 0.05471535, 0.04231373, 0.0572509, 0.052193496, 0.04118753, 0.036250904, 0.05632776, 0.040107816, 0.036377884, 0.05134857, 0.05555765, 0.050500184, 0.038803224, 0.03627686, 0.051330686, 0.054468386, 0.033065736, 0.042480234, 0.05707897, 0.041241646, 0.05230723, 0.036101583, 0.056223024, 0.051423766, 0.036022946, 0.03988309, 0.05510845, 0.05053448, 0.038607392, 0.036044605, 0.0515467, 0.055111308, 0.042545334, 0.032975003, 0.056993857, 0.042192824, 0.035940923, 0.05400697, 0.056688834, 0.05384535, 0.03602265, 0.041934013, 0.05649918, 0.053672303, 0.036026556, 0.041693017, 0.05485765, 0.05173424, 0.04240414, 0.03289165, 0.056609333, 0.042173013, 0.035966203, 0.0541852, 0.056507844, 0.054015048, 0.03601951, 0.04193101, 0.056319077, 0.04169001, 0.036021955, 0.05384907, 0.05461201, 0.051836584, 0.03287803, 0.042381044, 0.056453317, 0.054356586, 0.03595577, 0.042171013, 0.056321442, 0.041931015, 0.036010325, 0.054203622, 0.056129582, 0.036014777, 0.041693017, 0.05403479, 0.054392017, 0.0520536, 0.0329328, 0.04236005, 0.056263506, 0.035970658, 0.042175036, 0.05453202, 0.056137465, 0.036003593, 0.041932017, 0.05438679, 0.055947043, 0.041691016, 0.05421525, 0.036005184, 0.05416168, 0.052381705, 0.042392027, 0.032926984, 0.056124855, 0.03597252, 0.054707117, 0.042171016, 0.055956546, 0.054559775, 0.035999365, 0.041933015, 0.055767234, 0.041690037, 0.035997204, 0.054392207, 0.053931467, 0.052605435, 0.042405017, 0.03291721, 0.05595393, 0.05488683, 0.035968445, 0.04217003, 0.055769034, 0.041931037, 0.03599199, 0.054745924, 0.055587936, 0.041689117, 0.03599474, 0.05457068, 0.053709872, 0.052821048, 0.042408008, 0.03290325, 0.055776156, 0.03596128, 0.04217102, 0.055064812, 0.05558702, 0.035990108, 0.04193101, 0.054925967, 0.055402454, 0.041691016, 0.03599896, 0.0547546, 0.053034365, 0.05348777, 0.042409062, 0.032893334, 0.055592835, 0.03595779, 0.055249434, 0.042164024, 0.05540336, 0.035986815, 0.04193808, 0.055105895, 0.055225, 0.041695073, 0.05494654, 0.03599365, 0.032895003, 0.035954695, 0.035984002, 0.035993014, 0.036327332, 0.036328077, 0.036327023, 0.03375012, 0.056132786, 0.04981872, 0.033690844, 0.04106714, 0.033797853, 0.05543203, 0.033752345, 0.040203903, 0.04918756, 0.004012017, 0.0024775849, 0.033849083, 0.00011173801, 0.0014959425, 0.054746844, 0.048557557, 0.039307162, 0.03365496, 0.0038870384, 0.0014959425, 0.004012017, 0.033778682, 0.0541128, 0.03844543, 0.047884967, 0.03362096, 0.055445343, 0.050475508, 0.033605807, 0.041077662, 0.054800414, 0.051062252, 0.040965408, 0.03335878, 0.05481184, 0.049833924, 0.04016814, 0.033516925, 0.054079413, 0.04014967, 0.0504155, 0.033436347, 0.054042485, 0.039326526, 0.049227085, 0.03355156, 0.053412825, 0.049837682, 0.0393647, 0.033470478, 0.053419642, 0.03361756, 0.04840755, 0.03847824, 0.05280819, 0.033542637, 0.04919512, 0.038497027, 0.05389383, 0.041005734, 0.051705483, 0.033404, 0.033400767, 0.053405408, 0.040143955, 0.051078983, 0.033434432, 0.03341979, 0.0527703, 0.039340045, 0.033463266, 0.05042993, 0.03346607, 0.05214406, 0.049796898, 0.03350288, 0.03845717, 0.033472013, 0.060648113, 0.041608524, 0.042672627, 0.031977404, 0.03220498, 0.059057318, 0.051693995, 0.036309894, 0.04196343, 0.057656605, 0.041874956, 0.03497717, 0.050729167, 0.035024542, 0.036320865, 0.035950374, 0.041216835, 0.05501806, 0.03595196, 0.054725394, 0.041447073, 0.04122014, 0.05520048, 0.054550625, 0.04145804, 0.035956815, 0.041217033, 0.055382725, 0.03596161, 0.041462116, 0.054374292, 0.041215032, 0.05556307, 0.035967536, 0.04145723, 0.054199062, 0.04121503, 0.05574245, 0.04145511, 0.03597997, 0.054025814, 0.041216027, 0.055933405, 0.053841166, 0.041454017, 0.03599423, 0.041214008, 0.056124583, 0.041453004, 0.05365433, 0.03600476, 0.041201442, 0.0563134, 0.05346537, 0.041450024, 0.03601263, 0.036036637, 0.05414885, 0.03603126, 0.049621504, 0.03732961, 0.036393985, 0.04898736, 0.034819715, 0.05446777, 0.049721386, 0.037606373, 0.036279723, 0.056463797, 0.04190231, 0.034868434, 0.0518526, 0.05881785, 0.036300868, 0.041996937, 0.051989045, 0.056875408, 0.034928933, 0.051480614, 0.04193522, 0.05891202, 0.05191808, 0.036313068, 0.041990183, 0.05726154, 0.04193301, 0.03496893, 0.051169604, 0.05899059, 0.03630653, 0.05184117, 0.041990783, 0.029663445, 0.05177054, 0.04160622, 0.029690553, 0.050446562, 0.052438315, 0.04160521, 0.049792536, 0.029744899, 0.053106908, 0.04917559, 0.041605074, 0.029785728, 0.053760353, 0.041607194, 0.048563994, 0.0298769, 0.05444196, 0.047925703, 0.041602757, 0.029993089, 0.055125274, 0.030136688, 0.047321934, 0.041601077, 0.055838436, 0.030315526, 0.046794783, 0.041631497, 0.056520257, 0.030555189, 0.04620086, 0.041614857, 0.05718219, 0.041593436, 0.045587923, 0.03073147, 0.057876196, 0.04498972, 0.041617904, 0.030920329, 0.05859829, 0.041612487, 0.044387754, 0.031156784, 0.05930494, 0.041611165, 0.043806113, 0.031412967, 0.060007226, 0.04323375, 0.03168709, 0.04160798, 0.05147721, 0.04918638, 0.03763641, 0.03341014, 0.03680808, 0.03680224, 0.05213534, 0.048494004, 0.03345222, 0.037628118, 0.05269603, 0.033508763, 0.037664678, 0.047907986, 0.03683326, 0.053134575, 0.03359518, 0.037427176, 0.046588995, 0.03342968, 0.051118232, 0.0556182, 0.04239903, 0.059203554, 0.03630755, 0.042305097, 0.052051064, 0.059279054, 0.05196112, 0.042285286, 0.036317803, 0.050863758, 0.055866107, 0.0423864, 0.05913104, 0.05196922, 0.042200137, 0.036305804, 0.05921109, 0.036315665, 0.042182606, 0.051869962, 0.059040327, 0.036311366, 0.051902745, 0.04209534, 0.059132617, 0.04207794, 0.036324028, 0.051786132, 0.05532895, 0.051379725, 0.042407267, 0.05912475, 0.03628931, 0.042306058, 0.052127942, 0.05904599, 0.03628726, 0.04220111, 0.052049052, 0.05895539, 0.042096075, 0.03627962, 0.05198394, 0.05164612, 0.05504789, 0.04241065, 0.059038673, 0.042312384, 0.036270604, 0.05220461, 0.058955528, 0.03627097, 0.04220335, 0.052129954, 0.058864534, 0.042097054, 0.03627015, 0.052052904, 0.051111225, 0.05477398, 0.042425774, 0.057239726, 0.036252894, 0.04124469, 0.052288607, 0.05631223, 0.036250383, 0.040011097, 0.051413976, 0.05539012, 0.050560486, 0.03880623, 0.0362449, 0.054469857, 0.05127597, 0.0424322, 0.033046473, 0.0570663, 0.041130014, 0.036057524, 0.05235505, 0.056088686, 0.039872352, 0.051404092, 0.036036033, 0.055123355, 0.050507344, 0.036050215, 0.038601544, 0.055072308, 0.05150208, 0.033001393, 0.042410348, 0.056884695, 0.054026935, 0.042147286, 0.036054775, 0.056679215, 0.041926432, 0.03604027, 0.053831074, 0.056519363, 0.036042307, 0.053657446, 0.041688085, 0.054859836, 0.051733296, 0.042393, 0.0329472, 0.05669392, 0.036034256, 0.054206, 0.04217258, 0.056521267, 0.041925166, 0.03603053, 0.054019842, 0.056334354, 0.053842947, 0.03603137, 0.041688036, 0.0519046, 0.054642774, 0.04239674, 0.03294613, 0.056500893, 0.0543959, 0.036031887, 0.042167224, 0.056329228, 0.041926134, 0.036024157, 0.054202802, 0.05614463, 0.041689098, 0.05402733, 0.03602416, 0.054403223, 0.05212989, 0.032954622, 0.042414196, 0.05632723, 0.03602437, 0.042165175, 0.054575667, 0.05614374, 0.03601253, 0.04192715, 0.054384947, 0.055958636, 0.041693084, 0.05420953, 0.03601256, 0.052367467, 0.054166548, 0.042411506, 0.032915536, 0.056146026, 0.04216707, 0.054746106, 0.03600488, 0.055964187, 0.03600155, 0.05456223, 0.041930076, 0.05578089, 0.036001574, 0.054384362, 0.041696094, 0.0539655, 0.052565165, 0.03288552, 0.04240323, 0.055954255, 0.042167053, 0.054928157, 0.03598805, 0.05578562, 0.054737646, 0.041934013, 0.03599612, 0.055605695, 0.04169701, 0.054560438, 0.035995226, 0.05277138, 0.053745892, 0.03291243, 0.042398043, 0.055763695, 0.055105414, 0.03599121, 0.04216607, 0.05560222, 0.035995204, 0.05491481, 0.04193212, 0.05542278, 0.04169202, 0.05473783, 0.03599139, 0.05301181, 0.053524204, 0.032914422, 0.042398036, 0.05558656, 0.035991393, 0.05528341, 0.04216812, 0.055421937, 0.055095877, 0.041928157, 0.03599384, 0.055237908, 0.041688513, 0.054912657, 0.035991848, 0.032909054, 0.03599211, 0.035995156, 0.035995115, 0.03632972, 0.03632908, 0.036328, 0.056168724, 0.033710297, 0.04109583, 0.04986405, 0.03375985, 0.055485465, 0.049207497, 0.033759467, 0.040248163, 0.03382477, 0.054810975, 0.039331205, 0.03336343, 0.048442975, 0.05406404, 0.047777154, 0.038450126, 0.03364166, 0.054859303, 0.033511747, 0.04104209, 0.051075757, 0.055535525, 0.050432622, 0.041129127, 0.033628203, 0.05410518, 0.033516936, 0.040147133, 0.05040219, 0.054920018, 0.04976502, 0.04016225, 0.033552907, 0.053346403, 0.03926984, 0.03330491, 0.04959097, 0.053982705, 0.039262746, 0.033319965, 0.048935097, 0.05263836, 0.03338419, 0.038461484, 0.049101353, 0.053273886, 0.03347966, 0.038440365, 0.0485339, 0.03344149, 0.054105833, 0.0517506, 0.03347377, 0.041048814, 0.033439465, 0.05346273, 0.033444386, 0.05104734, 0.040149655, 0.033404015, 0.052736513, 0.039292663, 0.033351585, 0.050327137, 0.033395432, 0.052052815, 0.04973678, 0.03848828, 0.033376127]
            float[] physxParticle:springStiffnesses = [10000, 10000, 100, 100, 10000, 10000, 10000, 10000, 10000, 10000, 10000, 100, 100, 100, 100, 10000, 10000, 100, 100, 100, 100, 10000, 10000, 10000, 10000, 10000, 10000, 100, 100, 10000, 10000, 10000, 10000, 100, 100, 100, 100, 10000, 10000, 10000, 10000, 10000, 10000, 10000, 10000, 10000, 10000, 10000, 10000, 10000, 100, 100, 10000, 100, 100, 10000, 10000, 10000, 10000, 10000, 10000, 100, 100, 100, 100, 10000, 10000, 10000, 10000, 10000, 100, 100, 100, 100, 10000, 100, 100, 100, 100, 10000, 10000, 10000, 10000, 100, 100, 10000, 100, 100, 10000, 10000, 10000, 10000, 100, 100, 10000, 10000, 10000, 10000, 10000, 100, 100, 10000, 100, 100, 10000, 10000, 10000, 10000, 100, 100, 10000, 10000, 100, 100, 100, 100, 10000, 10000, 10000, 10000, 10000, 10000, 10000, 10000, 10000, 10000, 100, 100, 100, 100, 10000, 10000, 100, 100, 100, 100, 10000, 100, 100, 10000, 10000, 100, 100, 10000, 10000, 100, 100, 10000, 10000, 100, 100, 10000, 100, 100, 10000, 10000, 10000, 10000, 100, 100, 10000, 10000, 10000, 10000, 10000, 100, 100, 10000, 100, 100, 100, 100, 10000, 10000, 100, 100, 100, 100, 100, 100, 10000, 10000, 10000, 10000, 100, 100, 10000, 100, 100, 10000, 10000, 10000, 10000, 10000, 10000, 10000, 10000, 10000, 10000, 10000, 10000, 10000, 10000, 100, 100, 10000, 10000, 100, 100, 100, 100, 10000, 100, 100, 100, 100, 100, 100, 10000, 10000, 10000, 10000, 10000, 10000, 10000, 100, 100, 100, 100, 100, 100, 10000, 100, 100, 100, 100, 10000, 10000, 100, 100, 10000, 10000, 100, 100, 100, 100, 10000, 10000, 10000, 100, 100, 10000, 10000, 10000, 100, 100, 100, 100, 10000, 10000, 10000, 10000, 10000, 10000, 100, 100, 10000, 100, 100, 10000, 100, 100, 100, 100, 100, 100, 100, 100, 10000, 100, 100, 10000, 10000, 10000, 100, 100, 10000, 10000, 10000, 10000, 100, 100, 10000, 10000, 10000, 10000, 10000, 10000, 10000, 10000, 10000, 10000, 10000, 10000, 10000, 10000, 100, 100, 10000, 10000, 10000, 10000, 10000, 100, 100, 10000, 10000, 100, 100, 10000, 10000, 100, 100, 10000, 10000, 10000, 10000, 10000, 100, 100, 10000, 100, 100, 10000, 100, 100, 10000, 100, 100, 10000, 10000, 10000, 10000, 10000, 10000, 100, 100, 100, 100, 10000, 10000, 10000, 10000, 10000, 10000, 10000, 10000, 10000, 10000, 100, 100, 10000, 10000, 10000, 10000, 10000, 10000, 100, 100, 100, 100, 10000, 10000, 100, 100, 100, 100, 10000, 10000, 100, 100, 100, 100, 10000, 10000, 100, 100, 10000, 100, 100, 10000, 10000, 100, 100, 10000, 100, 100, 100, 100, 10000, 10000, 10000, 10000, 10000, 10000, 10000, 10000, 10000, 10000, 10000, 10000, 100, 100, 10000, 10000, 100, 100, 10000, 100, 100, 10000, 100, 100, 10000, 100, 100, 10000, 100, 100, 100, 100, 10000, 100, 100, 10000, 10000, 100, 100, 100, 100, 100, 100, 100, 100, 10000, 100, 100, 100, 100, 10000, 10000, 100, 100, 100, 100, 10000, 10000, 10000, 100, 100, 10000, 100, 100, 10000, 10000, 100, 100, 10000, 10000, 10000, 10000, 100, 100, 10000, 100, 100, 10000, 10000, 10000, 100, 100, 100, 100, 10000, 10000, 10000, 10000, 100, 100, 100, 100, 10000, 100, 100, 100, 100, 10000, 10000, 10000, 10000, 100, 100, 100, 100, 100, 100, 10000, 10000, 10000, 100, 100, 10000, 10000, 100, 100, 100, 100, 10000, 10000, 10000, 10000, 100, 100, 100, 100, 10000, 10000, 10000, 100, 100, 10000, 10000, 10000, 10000, 100, 100, 10000, 100, 100, 10000, 10000, 100, 100, 10000, 10000, 100, 100, 10000, 10000, 100, 100, 10000, 10000, 10000, 10000, 10000, 10000, 10000, 100, 100, 10000, 10000, 100, 100, 100, 100, 10000, 100, 100, 10000, 10000, 100, 100, 10000, 100, 100, 100, 100, 10000, 10000, 10000, 100, 100, 10000, 10000, 100, 100, 10000, 10000, 10000, 100, 100, 10000, 10000, 100, 100, 100, 100, 10000, 10000, 10000, 10000, 10000, 10000, 10000, 100, 100, 100, 100, 10000, 100, 100, 100, 100, 10000, 10000, 10000, 10000, 100, 100, 10000, 100, 100, 100, 100, 100, 100, 10000, 10000, 10000, 10000, 10000, 10000, 10000, 100, 100, 100, 100, 10000, 10000, 100, 100, 100, 100, 10000, 100, 100, 100, 100, 100, 100, 10000, 10000, 10000, 10000, 100, 100, 10000, 10000, 10000, 10000, 10000, 10000, 100, 100, 100, 100, 10000, 100, 100, 10000, 10000, 10000, 10000, 10000, 10000, 100, 100, 10000, 10000, 100, 100, 100, 100, 10000, 10000, 10000, 10000, 100, 100, 10000, 10000, 10000, 10000, 10000, 10000, 100, 100, 10000, 10000, 100, 100, 10000, 100, 100, 10000, 10000, 10000, 100, 100, 100, 100, 10000, 10000, 10000, 100, 100, 100, 100, 100, 100, 10000, 10000, 10000, 100, 100, 100, 100, 100, 100, 100, 100, 10000, 10000, 10000, 10000, 10000, 10000, 10000, 10000, 10000, 10000, 10000, 10000, 100, 100, 100, 100, 10000, 10000, 100, 100, 100, 100, 10000, 10000, 10000, 100, 100, 10000, 10000, 100, 100, 10000, 10000, 100, 100, 10000, 10000, 10000, 100, 100, 10000, 10000, 100, 100, 10000, 10000, 100, 100, 100, 100, 100, 100, 10000, 10000, 10000, 10000, 10000, 100, 100, 10000, 10000, 10000, 10000, 10000, 10000, 100, 100, 100, 100, 10000, 10000, 10000, 10000, 10000, 10000, 100, 100, 10000, 100, 100, 10000, 10000, 10000, 10000, 10000, 10000, 100, 100, 10000, 100, 100, 100, 100, 10000, 100, 100, 10000, 10000, 100, 100, 10000, 10000, 10000, 10000, 10000, 10000, 10000, 10000, 10000, 10000, 10000, 100, 100, 10000, 100, 100, 10000, 10000, 10000, 100, 100, 100, 100, 10000, 10000, 10000, 10000, 10000, 10000, 10000, 10000, 100, 100, 10000, 10000, 100, 100, 10000, 10000, 10000, 100, 100, 100, 100, 10000, 10000, 100, 100, 10000, 10000, 100, 100, 10000, 10000, 100, 100, 10000, 10000, 100, 100, 10000, 10000, 10000, 10000, 10000, 10000, 10000, 10000, 10000, 10000, 100, 100, 100, 100, 10000, 100, 100, 10000, 100, 100, 10000, 10000, 10000, 10000, 100, 100, 10000, 10000, 10000, 10000, 100, 100, 10000, 100, 100, 10000, 10000, 10000, 10000, 100, 100, 10000, 100, 100, 10000, 10000, 10000, 100, 100, 10000, 10000, 100, 100, 10000, 10000, 100, 100, 10000, 10000, 10000, 10000, 10000, 10000, 10000, 10000, 10000, 100, 100, 10000, 10000, 10000, 10000, 10000, 10000, 10000, 10000, 100, 100, 10000, 100, 100, 10000, 100, 100, 100, 100, 10000, 10000, 10000, 10000, 10000, 100, 100, 10000, 100, 100, 100, 100, 10000, 10000, 10000, 100, 100, 100, 100, 10000, 10000, 10000, 10000, 10000, 10000, 100, 100, 10000, 10000, 100, 100, 100, 100, 100, 100, 100, 100, 10000, 100, 100, 10000, 10000, 10000, 100, 100, 10000, 10000, 10000, 100, 100, 100, 100, 10000, 10000, 10000, 100, 100, 10000, 10000, 10000, 100, 100, 100, 100, 10000, 100, 100, 10000, 100, 100, 100, 100, 100, 100, 100, 100, 10000, 10000, 10000, 100, 100, 10000, 10000, 10000, 10000, 10000, 10000, 100, 100, 10000, 10000, 10000, 10000, 100, 100, 10000, 10000, 10000, 10000, 100, 100, 10000, 10000, 100, 100, 10000, 100, 100, 10000, 10000, 10000, 10000, 100, 100, 100, 100, 10000, 10000, 100, 100, 100, 100, 10000, 10000, 100, 100, 100, 100, 10000, 10000, 10000, 100, 100, 100, 100, 10000, 10000, 100, 100, 10000, 100, 100, 10000, 100, 100, 100, 100, 10000, 10000, 10000, 10000, 10000, 10000, 10000, 10000, 10000, 10000, 10000, 100, 100, 10000, 10000, 10000, 100, 100, 10000, 10000, 10000, 10000, 10000, 100, 100, 100, 100, 100, 100, 10000, 10000, 10000, 10000, 10000, 10000, 100, 100, 10000, 10000, 100, 100, 10000, 10000, 10000, 10000, 100, 100, 10000, 100, 100, 100, 100, 10000, 10000, 10000, 10000, 10000, 10000, 10000, 10000, 10000, 100, 100, 10000, 10000, 100, 100, 10000, 10000, 100, 100, 10000, 100, 100, 10000, 10000, 10000, 100, 100, 100, 100, 100, 100, 100, 100, 10000, 10000, 100, 100, 10000, 10000, 100, 100, 100, 100, 10000, 100, 100, 10000, 100, 100, 10000, 10000, 10000, 10000, 100, 100, 10000, 10000, 100, 100, 10000, 100, 100, 10000, 10000, 10000, 10000, 100, 100, 10000, 100, 100, 10000, 10000, 10000, 100, 100, 10000, 10000, 10000, 10000, 100, 100, 10000, 10000, 10000, 10000, 10000, 100, 100, 100, 100, 10000, 10000, 10000, 10000, 10000, 100, 100, 100, 100, 100, 100, 10000, 10000, 10000, 10000, 10000, 100, 100, 10000, 100, 100, 10000, 10000, 10000, 10000, 10000, 10000, 10000, 10000, 10000, 10000, 10000, 10000, 10000, 100, 100, 100, 100, 10000, 100, 100, 10000, 100, 100, 100, 100, 100, 100, 100, 100, 10000, 10000, 100, 100, 10000, 100, 100, 100, 100, 10000, 100, 100, 10000, 10000, 100, 100, 10000, 10000, 100, 100, 10000, 100, 100, 10000, 10000, 10000, 10000, 10000, 100, 100, 10000, 100, 100, 10000, 10000, 10000, 10000, 10000, 100, 100, 10000, 100, 100, 10000, 10000, 10000, 10000, 100, 100, 10000, 100, 100, 10000, 100, 100, 10000, 10000, 100, 100, 10000, 10000, 100, 100, 10000, 10000, 100, 100, 10000, 10000, 10000, 100, 100, 100, 100, 10000, 100, 100, 10000, 10000, 100, 100, 10000, 10000, 100, 100, 10000, 10000, 100, 100, 10000, 10000, 10000, 10000, 100, 100, 100, 100, 10000, 100, 100, 100, 100, 10000, 10000, 10000, 10000, 100, 100, 100, 100, 10000, 10000, 10000, 10000, 10000, 10000, 10000, 10000, 10000, 10000, 100, 100, 10000, 100, 100, 10000, 10000, 10000, 100, 100, 10000, 10000, 10000, 10000, 100, 100, 10000, 100, 100, 100, 100, 10000, 10000, 100, 100, 100, 100, 10000, 100, 100, 10000, 100, 100, 10000, 10000, 100, 100, 10000, 10000, 10000, 100, 100, 10000, 10000, 100, 100, 100, 100, 100, 100, 10000, 100, 100, 100, 100, 10000, 100, 100, 10000, 100, 100, 10000, 10000, 10000, 100, 100, 10000, 10000, 10000, 10000, 100, 100, 10000, 10000, 10000, 10000, 10000, 10000, 10000, 10000, 10000, 10000, 10000, 10000, 100, 100, 10000, 10000, 10000, 10000, 10000, 10000, 100, 100, 100, 100, 100, 100, 10000, 100, 100, 100, 100, 10000, 100, 100, 100, 100, 100, 100, 100, 100, 10000, 10000, 10000, 10000, 10000, 10000, 100, 100, 10000, 10000, 100, 100, 10000, 10000, 10000, 100, 100, 10000, 100, 100, 10000, 10000, 10000, 100, 100, 10000, 10000, 100, 100, 100, 100, 100, 100, 100, 100, 10000, 100, 100, 10000, 10000, 10000, 100, 100, 10000, 10000, 100, 100, 10000, 10000, 100, 100, 10000, 10000, 10000, 10000, 100, 100, 10000, 10000, 10000, 10000, 100, 100, 100, 100, 10000, 10000, 10000, 10000, 100, 100, 100, 100, 10000, 100, 100, 100, 100, 10000, 100, 100, 100, 100, 100, 100, 10000, 100, 100, 10000, 10000, 10000, 10000, 10000, 100, 100, 10000, 10000, 10000, 100, 100, 10000, 100, 100, 100, 100, 10000, 10000, 10000, 10000, 10000, 100, 100, 100, 100, 100, 100, 10000, 10000, 100, 100, 100, 100, 10000, 10000, 10000, 10000, 100, 100, 10000, 100, 100, 10000, 10000, 100, 100, 100, 100, 100, 100, 100, 100, 10000, 10000, 100, 100, 100, 100, 10000, 10000, 10000, 10000, 100, 100, 100, 100, 10000, 10000, 100, 100, 100, 100, 100, 100, 10000, 10000, 100, 100, 10000, 10000, 10000, 10000, 10000, 10000, 10000, 10000, 10000, 10000, 100, 100, 10000, 10000, 10000, 100, 100, 10000, 10000, 10000, 100, 100, 10000, 10000, 100, 100, 100, 100, 10000, 10000, 100, 100, 100, 100, 100, 100, 10000, 10000, 10000, 10000, 10000, 100, 100, 10000, 100, 100, 10000, 10000, 100, 100, 10000, 100, 100, 10000, 10000, 10000, 10000, 100, 100, 10000, 10000, 100, 100, 100, 100, 10000, 10000, 10000, 10000, 10000, 100, 100, 10000, 100, 100, 10000, 100, 100, 10000, 10000, 10000, 10000, 10000, 100, 100, 10000, 100, 100, 100, 100, 10000, 10000, 100, 100, 100, 100, 10000, 100, 100, 100, 100, 100, 100, 100, 100, 100, 100, 100, 100, 10000, 10000, 10000, 100, 100, 10000, 10000, 10000, 100, 100, 100, 100, 10000, 10000, 100, 100, 10000, 100, 100, 10000, 10000, 10000, 10000, 10000, 100, 100, 10000, 10000, 10000, 10000, 100, 100, 100, 100, 10000, 10000, 10000, 10000, 10000, 10000, 10000, 100, 100, 10000, 10000, 100, 100, 100, 100, 10000, 100, 100, 10000, 10000, 10000, 10000, 10000, 100, 100, 10000, 100, 100, 10000, 10000, 10000, 10000, 10000, 10000, 10000, 10000, 100, 100, 100, 100, 10000, 10000, 10000, 10000, 10000, 10000, 10000, 10000, 10000, 100, 100, 10000, 10000, 100, 100, 100, 100, 10000, 10000, 10000, 10000, 10000, 10000, 100, 100, 10000, 100, 100, 100, 100, 100, 100, 10000, 10000, 100, 100, 10000, 10000, 10000, 10000, 10000, 10000, 10000, 10000, 10000, 10000, 10000, 10000, 100, 100, 10000, 10000, 10000, 100, 100, 10000, 10000, 10000, 100, 100, 10000, 10000, 100, 100, 100, 100, 100, 100, 100, 100, 10000, 10000, 10000, 100, 100, 10000, 10000, 100, 100, 10000, 100, 100, 10000, 10000, 10000, 100, 100, 10000, 10000, 10000, 10000, 10000, 10000, 10000, 100, 100, 10000, 100, 100, 10000, 10000, 10000, 10000, 10000, 100, 100, 10000, 10000, 100, 100, 100, 100, 10000, 10000, 10000, 10000, 10000, 10000, 10000, 10000, 10000, 100, 100, 10000, 10000, 10000, 10000, 10000, 10000, 100, 100, 100, 100, 10000, 10000, 10000, 10000, 10000, 100, 100, 10000, 10000, 10000, 100, 100, 100, 100, 10000, 10000, 10000, 10000, 10000, 10000, 10000, 10000, 100, 100, 10000, 100, 100, 100, 100, 10000, 100, 100, 10000, 100, 100, 10000, 10000, 10000, 10000, 100, 100, 100, 100, 100, 100, 10000, 10000, 10000, 10000, 10000, 100, 100, 100, 100, 10000, 10000, 100, 100, 100, 100, 10000, 10000, 10000, 100, 100, 10000, 10000, 10000, 10000, 100, 100, 100, 100, 10000, 10000, 10000, 10000, 10000, 10000, 100, 100, 10000, 10000, 10000, 10000, 10000, 10000, 10000, 10000, 10000, 10000, 10000, 100, 100, 10000, 10000, 10000, 10000, 10000, 10000, 10000, 10000, 10000, 10000, 10000, 10000, 100, 100, 10000, 10000, 100, 100, 10000, 10000, 100, 100, 10000, 10000, 10000, 10000, 10000, 10000, 100, 100, 10000, 100, 100, 100, 100, 100, 100, 10000, 100, 100, 10000, 100, 100, 10000, 100, 100, 100, 100, 10000, 100, 100, 10000, 100, 100, 100, 100, 10000, 10000, 10000, 10000, 100, 100, 100, 100, 10000, 100, 100, 100, 100, 10000, 10000, 100, 100, 100, 100, 10000, 100, 100, 10000, 10000, 10000, 100, 100, 10000, 10000, 10000, 100, 100, 10000, 10000, 10000, 10000, 100, 100, 10000, 10000, 10000, 10000, 10000, 10000, 100, 100, 10000, 100, 100, 10000, 10000, 100, 100, 100, 100, 10000, 10000, 100, 100, 100, 100, 100, 100, 100, 100, 100, 100, 100, 100, 100, 100, 100, 100, 100, 100, 100, 100, 100, 100, 100, 100, 100, 100, 100, 100, 100, 100, 100, 100, 100, 100, 100, 100, 100, 100, 100, 100, 100, 100, 100, 100, 100, 100, 100, 100, 100, 100, 100, 100, 100, 100, 100, 100, 100, 100, 100, 100, 100, 100, 100, 100, 100, 100, 100, 100, 100, 100, 100, 100, 100, 100, 100, 100, 100, 100, 100, 100, 100, 100, 100, 100, 100, 100, 100, 100, 100, 100, 100, 100, 100, 100, 100, 100, 100, 100, 100, 100, 100, 100, 100, 100, 100, 100, 100, 100, 100, 100, 100, 100, 100, 100, 100, 100, 100, 100, 100, 100, 100, 100, 100, 100, 100, 100, 100, 100, 100, 100, 100, 100, 100, 100, 100, 100, 100, 100, 100, 100, 100, 100, 100, 100, 100, 100, 100, 100, 100, 100, 100, 100, 100, 100, 100, 100, 100, 100, 100, 100, 100, 100, 100, 100, 100, 100, 100, 100, 100, 100, 100, 100, 100, 100, 100, 100, 100, 100, 100, 100, 100, 100, 100, 100, 100, 100, 100, 100, 100, 100, 100, 100, 100, 100, 100, 100, 100, 100, 100, 100, 100, 100, 100, 100, 100, 100, 100, 100, 100, 100, 100, 100, 100, 100, 100, 100, 100, 100, 100, 100, 100, 100, 100, 100, 100, 100, 100, 100, 100, 100, 100, 100, 100, 100, 100, 100, 100, 100, 100, 100, 100, 100, 100, 100, 100, 100, 100, 100, 100, 100, 100, 100, 100, 100, 100, 100, 100, 100, 100, 100, 100, 100, 100, 100, 100, 100, 100, 100, 100, 100, 100, 100, 100, 100, 100, 100, 100, 100, 100, 100, 100, 100, 100, 100, 100, 100, 100, 100, 100, 100, 100, 100, 100, 100, 100, 100, 100, 100, 100, 100, 100, 100, 100, 100, 100, 100, 100, 100, 100, 100, 100, 100, 100, 100, 100, 100, 100, 100, 100, 100, 100, 100, 100, 100, 100, 100, 100, 100, 100, 100, 100, 100, 100, 100, 100, 100, 100, 100, 100, 100, 100, 100, 100, 100, 100, 100, 100, 100, 100, 100, 100, 100, 100, 100, 100, 100, 100, 100, 100, 100, 100, 100, 100, 100, 100, 100, 100, 100, 100, 100, 100, 100, 100, 100, 100, 100, 100, 100, 100, 100, 100, 100, 100, 100, 100, 100, 100, 100, 100, 100, 100, 100, 100, 100, 100, 100, 100, 100, 100, 100, 100, 100, 100, 100, 100, 100, 100, 100, 100, 100, 100, 100, 100, 100, 100, 100, 100, 100, 100, 100, 100, 100, 100, 100, 100, 100, 100, 100, 100, 100, 100, 100, 100, 100, 100, 100, 100, 100, 100, 100, 100, 100, 100, 100, 100, 100, 100, 100, 100, 100, 100, 100, 100, 100, 100, 100, 100, 100, 100, 100, 100, 100, 100, 100, 100, 100, 100, 100, 100, 100, 100, 100, 100, 100, 100, 100, 100, 100, 100, 100, 100, 100, 100, 100, 100, 100, 100, 100, 100, 100, 100, 100, 100, 100, 100, 100, 100, 100, 100, 100, 100, 100, 100, 100, 100, 100, 100, 100, 100, 100, 100, 100, 100, 100, 100, 100, 100, 100, 100, 100, 100, 100, 100, 100, 100, 100, 100, 100, 100, 100, 100, 100, 100, 100, 100, 100, 100, 100, 100, 100, 100, 100, 100, 100, 100, 100, 100, 100, 100, 100, 100, 100, 100, 100, 100, 100, 100, 100, 100, 100, 100, 100, 100, 100, 100, 100, 100, 100, 100, 100, 100, 100, 100, 100, 100, 100, 100, 100, 100, 100, 100, 100, 100, 100, 100, 100, 100, 100, 100, 100, 100, 100, 100, 100, 100, 100, 100, 100, 100, 100, 100, 100, 100, 100, 100, 100, 100, 100, 100, 100, 100, 100, 100, 100, 100, 100, 100, 100, 100, 100, 100, 100, 100, 100, 100, 100, 100, 100, 100, 100, 100, 100, 100, 100, 100, 100, 100, 100, 100, 100, 100, 100, 100, 100, 100, 100, 100, 100, 100, 100, 100, 100, 100, 100, 100, 100, 100, 100, 100, 100, 100, 100, 100, 100, 100, 100, 100, 100, 100, 100, 100, 100, 100, 100, 100, 100, 100, 100, 100, 100, 100, 100, 100, 100, 100, 100, 100, 100, 100, 100, 100, 100, 100, 100, 100, 100, 100, 100, 100, 100, 100, 100, 100, 100, 100, 100, 100, 100, 100, 100, 100, 100, 100, 100, 100, 100, 100, 100, 100, 100, 100, 100, 100, 100, 100, 100, 100, 100, 100, 100, 100, 100, 100, 100, 100, 100, 100, 100, 100, 100, 100, 100, 100, 100, 100, 100, 100, 100, 100, 100, 100, 100, 100, 100, 100, 100, 100, 100, 100, 100, 100, 100, 100, 100, 100, 100, 100, 100, 100, 100, 100, 100, 100, 100, 100, 100, 100, 100, 100, 100, 100, 100, 100, 100, 100, 100, 100, 100, 100, 100, 100, 100, 100, 100, 100, 100, 100, 100, 100, 100, 100, 100, 100, 100, 100, 100, 100, 100, 100, 100, 100, 100, 100, 100, 100, 100, 100, 100, 100, 100, 100, 100, 100, 100, 100, 100, 100, 100, 100, 100, 100, 100, 100, 100, 100, 100, 100, 100, 100, 100, 100, 100, 100, 100, 100, 100, 100, 100, 100, 100, 100, 100, 100, 100, 100, 100, 100, 100, 100, 100, 100, 100, 100, 100, 100, 100, 100, 100, 100, 100, 100, 100, 100, 100, 100, 100, 100, 100, 100, 100, 100, 100, 100, 100, 100, 100, 100, 100, 100, 100, 100, 100, 100, 100, 100, 100, 100, 100, 100, 100, 100, 100, 100, 100, 100, 100, 100, 100, 100, 100, 100, 100, 100, 100, 100, 100, 100, 100, 100, 100, 100, 100, 100, 100, 100, 100, 100, 100, 100, 100, 100, 100, 100, 100, 100, 100, 100, 100, 100, 100, 100, 100, 100, 100, 100, 100, 100, 100, 100, 100, 100, 100, 100, 100, 100, 100, 100, 100, 100, 100, 100, 100, 100, 100, 100, 100, 100, 100, 100, 100, 100, 100, 100, 100, 100, 100, 100, 100, 100, 100, 100, 100, 100, 100, 100, 100, 100, 100, 100, 100, 100, 100, 100, 100, 100, 100, 100, 100, 100, 100, 100, 100, 100, 100, 100, 100, 100, 100, 100, 100, 100, 100, 100, 100, 100, 100, 100, 100, 100, 100, 100, 100, 100, 100, 100, 100, 100, 100, 100, 100, 100, 100, 100, 100, 100, 100, 100, 100, 100, 100, 100, 100, 100, 100, 100, 100, 100, 100, 100, 100, 100, 100, 100, 100, 100, 100, 100, 100, 100, 100, 100, 100, 100, 100, 100, 100, 100, 100, 100, 100, 100, 100, 100, 100, 100, 100, 100, 100, 100, 100, 100, 100, 100, 100, 100, 100, 100, 100, 100, 100, 100, 100, 100, 100, 100, 100, 100, 100, 100, 100, 100, 100, 100, 100, 100, 100, 100, 100, 100, 100, 100, 100, 100, 100, 100, 100, 100, 100, 100, 100, 100, 100, 100, 100, 100, 100, 100, 100, 100, 100, 100, 100, 100, 100, 100, 100, 100, 100, 100, 100, 100, 100, 100, 100, 100, 100, 100, 100, 100, 100, 100, 100, 100, 100, 100, 100, 100, 100, 100, 100, 100, 100, 100, 100, 100, 100, 100, 100, 100, 100, 100, 100, 100, 100, 100, 100, 100, 100, 100, 100, 100, 100, 100, 100, 100, 100, 100, 100, 100, 100, 100, 100, 100, 100, 100, 100, 100, 100, 100, 100, 100, 100, 100, 100, 100, 100, 100, 100, 100, 100, 100, 100, 100, 100, 100, 100, 100, 100, 100, 100, 100, 100, 100, 100, 100, 100, 100, 100, 100, 100, 100, 100, 100, 100, 100, 100, 100, 100, 100, 100, 100, 100, 100, 100, 100, 100, 100, 100, 100, 100, 100, 100, 100, 100, 100, 100, 100, 100, 100, 100, 100, 100, 100, 100, 100, 100, 100, 100, 100, 100, 100, 100, 100, 100, 100, 100, 100, 100, 100, 100, 100, 100, 100, 100, 100, 100, 100, 100, 100, 100, 100, 100, 100, 100, 100, 100, 100, 100, 100, 100, 100, 100, 100, 100, 100, 100, 100, 100, 100, 100, 100, 100, 100, 100, 100, 100, 100, 100, 100, 100, 100, 100, 100, 100, 100, 100, 100, 100, 100, 100, 100, 100, 100, 100, 100, 100, 100, 100, 100, 100, 100, 100, 100, 100, 100, 100, 100, 100, 100, 100, 100, 100, 100, 100, 100, 100, 100, 100, 100, 100, 100, 100, 100, 100, 100, 100, 100, 100, 100, 100, 100, 100, 100, 100, 100, 100, 100, 100, 100, 100, 100, 100, 100, 100, 100, 100, 100, 100, 100, 100, 100, 100, 100, 100, 100, 100, 100, 100, 100, 100, 100, 100, 100, 100, 100, 100, 100, 100, 100, 100, 100, 100, 100, 100, 100, 100, 100, 100, 100, 100, 100, 100, 100, 100, 100, 100, 100, 100, 100, 100, 100, 100, 100, 100, 100, 100, 100, 100, 100, 100, 100, 100, 100, 100, 100, 100, 100, 100, 100, 100, 100, 100, 100, 100, 100, 100, 100, 100, 100, 100, 100, 100, 100, 100, 100, 100, 100, 100, 100, 100, 100, 100, 100, 100, 100, 100, 100, 100, 100, 100, 100, 100, 100, 100, 100, 100, 100, 100, 100, 100, 100, 100, 100, 100, 100, 100, 100, 100, 100, 100, 100, 100, 100, 100, 100, 100, 100, 100, 100, 100, 100, 100, 100, 100, 100, 100, 100, 100, 100, 100, 100, 100, 100, 100, 100, 100, 100, 100, 100, 100, 100, 100, 100, 100, 100, 100, 100, 100, 100, 100, 100, 100, 100, 100, 100, 100, 100, 100, 100, 100, 100, 100, 100, 100, 100, 100, 100, 100, 100, 100, 100, 100, 100, 100, 100, 100, 100, 100, 100, 100, 100, 100, 100, 100, 100, 100, 100, 100, 100, 100, 100, 100, 100, 100, 100, 100, 100, 100, 100, 100, 100, 100, 100, 100, 100, 100, 100, 100, 100, 100, 100, 100, 100, 100, 100, 100, 100, 100, 100, 100, 100, 100, 100, 100, 100, 100, 100, 100, 100, 100, 100, 100, 100, 100, 100, 100, 100, 100, 100, 100, 100, 100, 100, 100, 100, 100, 100, 100, 100, 100, 100, 100, 100, 100, 100, 100, 100, 100, 100, 100, 100, 100, 100, 100, 100, 100, 100, 100, 100, 100, 100, 100, 100, 100, 100, 100, 100, 100, 100, 100, 100, 100, 100, 100, 100, 100, 100, 100, 100, 100, 100, 100, 100, 100, 100, 100, 100, 100, 100, 100, 100, 100, 100, 100, 100, 100, 100, 100, 100, 100, 100, 100, 100, 100, 100, 100, 100, 100, 100, 100, 100, 100, 100, 100, 100, 100, 100, 100, 100, 100, 100, 100, 100, 100, 100, 100, 100, 100, 100, 100, 100, 100, 100, 100, 100, 100, 100, 100, 100, 100, 100, 100, 100, 100, 100, 100, 100, 100, 100, 100, 100, 100, 100, 100, 100, 100, 100, 100, 100, 100, 100, 100, 100, 100, 100, 100, 100, 100, 100, 100, 100, 100, 100, 100, 100, 100, 100, 100, 100, 100, 100, 100, 100, 100, 100, 100, 100, 100, 100, 100, 100, 100, 100, 100, 100, 100, 100, 100, 100, 100, 100, 100, 100, 100, 100, 100, 100, 100, 100, 100, 100, 100, 100, 100, 100, 100, 100, 100, 100, 100, 100, 100, 100, 100, 100, 100, 100, 100, 100, 100, 100, 100, 100, 100, 100, 100, 100, 100, 100, 100, 100, 100, 100, 100, 100, 100, 100, 100, 100, 100, 100, 100, 100, 100, 100, 100, 100, 100, 100, 100, 100, 100, 100, 100, 100, 100, 100, 100, 100, 100, 100, 100, 100, 100, 100, 100, 100, 100, 100, 100, 100, 100, 100, 100, 100, 100, 100, 100, 100, 100, 100, 100, 100, 100, 100, 100, 100, 100, 100, 100, 100, 100, 100, 100, 100, 100, 100, 100, 100, 100, 100, 100, 100, 100, 100, 100, 100, 100, 100, 100, 100, 100, 100, 100, 100, 100, 100, 100, 100, 100, 100, 100, 100, 100, 100, 100, 100, 100, 100, 100, 100, 100, 100, 100, 100, 100, 100, 100, 100, 100, 100, 100, 100, 100, 100, 100, 100, 100, 100, 100, 100, 100, 100, 100, 100, 100, 100, 100, 100, 100, 100, 100, 100, 100, 100, 100, 100, 100, 100]
            custom uint[] physxParticle:weldedTriangleIndices = [0, 1, 2, 0, 2, 3, 4, 5, 6, 4, 6, 7, 8, 9, 10, 8, 10, 11, 11, 10, 12, 11, 12, 13, 13, 12, 14, 13, 14, 15, 15, 14, 16, 15, 16, 17, 17, 16, 18, 17, 18, 19, 19, 18, 20, 19, 20, 21, 21, 20, 22, 21, 22, 23, 23, 22, 24, 23, 24, 25, 25, 24, 26, 25, 26, 27, 27, 26, 28, 27, 28, 29, 29, 28, 30, 29, 30, 31, 31, 30, 32, 31, 32, 33, 33, 32, 34, 33, 34, 35, 35, 34, 5, 35, 5, 4, 36, 37, 38, 36, 38, 39, 37, 40, 41, 37, 41, 38, 40, 42, 43, 40, 43, 41, 42, 44, 45, 42, 45, 43, 44, 46, 47, 44, 47, 45, 46, 48, 49, 46, 49, 47, 48, 50, 51, 48, 51, 49, 50, 52, 53, 50, 53, 51, 52, 54, 55, 52, 55, 53, 54, 56, 57, 54, 57, 55, 56, 58, 59, 56, 59, 57, 58, 60, 61, 58, 61, 59, 60, 62, 63, 60, 63, 61, 62, 0, 3, 62, 3, 63, 64, 65, 66, 64, 66, 67, 68, 69, 70, 68, 70, 71, 72, 73, 65, 72, 65, 64, 67, 66, 69, 67, 69, 68, 71, 70, 74, 71, 74, 75, 76, 77, 78, 76, 78, 79, 77, 80, 81, 77, 81, 78, 80, 82, 83, 80, 83, 81, 82, 35, 4, 82, 4, 83, 84, 85, 77, 84, 77, 76, 85, 86, 80, 85, 80, 77, 86, 87, 82, 86, 82, 80, 87, 33, 35, 87, 35, 82, 88, 89, 85, 88, 85, 84, 89, 90, 86, 89, 86, 85, 90, 91, 87, 90, 87, 86, 91, 31, 33, 91, 33, 87, 92, 93, 89, 92, 89, 88, 93, 94, 90, 93, 90, 89, 94, 95, 91, 94, 91, 90, 95, 29, 31, 95, 31, 91, 96, 97, 93, 96, 93, 92, 97, 98, 94, 97, 94, 93, 98, 99, 95, 98, 95, 94, 99, 27, 29, 99, 29, 95, 100, 101, 97, 100, 97, 96, 101, 102, 98, 101, 98, 97, 102, 103, 99, 102, 99, 98, 103, 25, 27, 103, 27, 99, 104, 105, 101, 104, 101, 100, 105, 106, 102, 105, 102, 101, 106, 107, 103, 106, 103, 102, 107, 23, 25, 107, 25, 103, 108, 109, 105, 108, 105, 104, 109, 110, 106, 109, 106, 105, 110, 111, 107, 110, 107, 106, 111, 21, 23, 111, 23, 107, 112, 113, 109, 112, 109, 108, 113, 114, 110, 113, 110, 109, 114, 115, 111, 114, 111, 110, 115, 19, 21, 115, 21, 111, 116, 117, 113, 116, 113, 112, 117, 118, 114, 117, 114, 113, 118, 119, 115, 118, 115, 114, 119, 17, 19, 119, 19, 115, 120, 121, 117, 120, 117, 116, 121, 122, 118, 121, 118, 117, 122, 123, 119, 122, 119, 118, 123, 15, 17, 123, 17, 119, 124, 125, 121, 124, 121, 120, 125, 126, 122, 125, 122, 121, 126, 127, 123, 126, 123, 122, 127, 13, 15, 127, 15, 123, 128, 129, 125, 128, 125, 124, 129, 130, 126, 129, 126, 125, 130, 131, 127, 130, 127, 126, 131, 11, 13, 131, 13, 127, 132, 133, 129, 132, 129, 128, 133, 134, 130, 133, 130, 129, 134, 135, 131, 134, 131, 130, 135, 8, 11, 135, 11, 131, 79, 78, 136, 79, 136, 137, 78, 81, 138, 78, 138, 136, 81, 83, 139, 81, 139, 138, 83, 4, 7, 83, 7, 139, 76, 79, 0, 76, 0, 62, 84, 76, 62, 84, 62, 60, 88, 84, 60, 88, 60, 58, 92, 88, 58, 92, 58, 56, 96, 92, 56, 96, 56, 54, 100, 96, 54, 100, 54, 52, 104, 100, 52, 104, 52, 50, 108, 104, 50, 108, 50, 48, 112, 108, 48, 112, 48, 46, 116, 112, 46, 116, 46, 44, 120, 116, 44, 120, 44, 42, 124, 120, 42, 124, 42, 40, 128, 124, 40, 128, 40, 37, 132, 128, 37, 132, 37, 36, 79, 137, 1, 79, 1, 0, 5, 140, 141, 5, 141, 6, 140, 142, 143, 140, 143, 141, 142, 144, 145, 142, 145, 143, 144, 146, 147, 144, 147, 145, 146, 71, 75, 146, 75, 147, 32, 148, 149, 32, 149, 34, 148, 150, 151, 148, 151, 149, 150, 152, 153, 150, 153, 151, 152, 154, 155, 152, 155, 153, 154, 67, 68, 154, 68, 155, 28, 156, 157, 28, 157, 30, 156, 158, 159, 156, 159, 157, 158, 160, 161, 158, 161, 159, 160, 162, 163, 160, 163, 161, 162, 72, 64, 162, 64, 163, 34, 149, 140, 34, 140, 5, 149, 151, 142, 149, 142, 140, 151, 153, 144, 151, 144, 142, 153, 155, 146, 153, 146, 144, 155, 68, 71, 155, 71, 146, 30, 157, 148, 30, 148, 32, 157, 159, 150, 157, 150, 148, 159, 161, 152, 159, 152, 150, 161, 163, 154, 161, 154, 152, 163, 64, 67, 163, 67, 154, 164, 165, 166, 164, 166, 167, 168, 169, 170, 168, 170, 171, 172, 173, 174, 172, 174, 175, 173, 176, 177, 173, 177, 174, 176, 178, 179, 176, 179, 177, 178, 180, 181, 178, 181, 179, 180, 182, 183, 180, 183, 181, 182, 184, 185, 182, 185, 183, 184, 186, 187, 184, 187, 185, 186, 188, 189, 186, 189, 187, 188, 190, 191, 188, 191, 189, 190, 192, 193, 190, 193, 191, 192, 194, 195, 192, 195, 193, 194, 196, 197, 194, 197, 195, 196, 198, 199, 196, 199, 197, 198, 168, 171, 198, 171, 199, 200, 201, 202, 200, 202, 203, 203, 202, 204, 203, 204, 205, 205, 204, 206, 205, 206, 207, 207, 206, 208, 207, 208, 209, 209, 208, 210, 209, 210, 211, 211, 210, 212, 211, 212, 213, 213, 212, 214, 213, 214, 215, 215, 214, 216, 215, 216, 217, 217, 216, 218, 217, 218, 219, 219, 218, 220, 219, 220, 221, 221, 220, 222, 221, 222, 223, 223, 222, 224, 223, 224, 225, 225, 224, 226, 225, 226, 227, 227, 226, 165, 227, 165, 164, 228, 229, 230, 228, 230, 231, 232, 233, 234, 232, 234, 235, 72, 228, 231, 72, 231, 236, 229, 232, 235, 229, 235, 230, 233, 237, 238, 233, 238, 234, 239, 240, 241, 239, 241, 242, 242, 241, 243, 242, 243, 244, 244, 243, 245, 244, 245, 246, 246, 245, 168, 246, 168, 198, 247, 239, 242, 247, 242, 248, 248, 242, 244, 248, 244, 249, 249, 244, 246, 249, 246, 250, 250, 246, 198, 250, 198, 196, 251, 247, 248, 251, 248, 252, 252, 248, 249, 252, 249, 253, 253, 249, 250, 253, 250, 254, 254, 250, 196, 254, 196, 194, 255, 251, 252, 255, 252, 256, 256, 252, 253, 256, 253, 257, 257, 253, 254, 257, 254, 258, 258, 254, 194, 258, 194, 192, 259, 255, 256, 259, 256, 260, 260, 256, 257, 260, 257, 261, 261, 257, 258, 261, 258, 262, 262, 258, 192, 262, 192, 190, 263, 259, 260, 263, 260, 264, 264, 260, 261, 264, 261, 265, 265, 261, 262, 265, 262, 266, 266, 262, 190, 266, 190, 188, 267, 263, 264, 267, 264, 268, 268, 264, 265, 268, 265, 269, 269, 265, 266, 269, 266, 270, 270, 266, 188, 270, 188, 186, 271, 267, 268, 271, 268, 272, 272, 268, 269, 272, 269, 273, 273, 269, 270, 273, 270, 274, 274, 270, 186, 274, 186, 184, 275, 271, 272, 275, 272, 276, 276, 272, 273, 276, 273, 277, 277, 273, 274, 277, 274, 278, 278, 274, 184, 278, 184, 182, 279, 275, 276, 279, 276, 280, 280, 276, 277, 280, 277, 281, 281, 277, 278, 281, 278, 282, 282, 278, 182, 282, 182, 180, 283, 279, 280, 283, 280, 284, 284, 280, 281, 284, 281, 285, 285, 281, 282, 285, 282, 286, 286, 282, 180, 286, 180, 178, 287, 283, 284, 287, 284, 288, 288, 284, 285, 288, 285, 289, 289, 285, 286, 289, 286, 290, 290, 286, 178, 290, 178, 176, 291, 287, 288, 291, 288, 292, 292, 288, 289, 292, 289, 293, 293, 289, 290, 293, 290, 294, 294, 290, 176, 294, 176, 173, 295, 291, 292, 295, 292, 296, 296, 292, 293, 296, 293, 297, 297, 293, 294, 297, 294, 298, 298, 294, 173, 298, 173, 172, 240, 137, 299, 240, 299, 241, 241, 299, 300, 241, 300, 243, 243, 300, 301, 243, 301, 245, 245, 301, 169, 245, 169, 168, 239, 227, 164, 239, 164, 240, 247, 225, 227, 247, 227, 239, 251, 223, 225, 251, 225, 247, 255, 221, 223, 255, 223, 251, 259, 219, 221, 259, 221, 255, 263, 217, 219, 263, 219, 259, 267, 215, 217, 267, 217, 263, 271, 213, 215, 271, 215, 267, 275, 211, 213, 275, 213, 271, 279, 209, 211, 279, 211, 275, 283, 207, 209, 283, 209, 279, 287, 205, 207, 287, 207, 283, 291, 203, 205, 291, 205, 287, 295, 200, 203, 295, 203, 291, 240, 164, 167, 240, 167, 137, 171, 170, 302, 171, 302, 303, 303, 302, 143, 303, 143, 304, 304, 143, 305, 304, 305, 306, 306, 305, 307, 306, 307, 308, 308, 307, 237, 308, 237, 233, 197, 199, 309, 197, 309, 310, 310, 309, 311, 310, 311, 312, 312, 311, 313, 312, 313, 314, 314, 313, 315, 314, 315, 316, 316, 315, 232, 316, 232, 229, 193, 195, 317, 193, 317, 318, 318, 317, 319, 318, 319, 158, 158, 319, 320, 158, 320, 321, 321, 320, 322, 321, 322, 323, 323, 322, 228, 323, 228, 72, 199, 171, 303, 199, 303, 309, 309, 303, 304, 309, 304, 311, 311, 304, 306, 311, 306, 313, 313, 306, 308, 313, 308, 315, 315, 308, 233, 315, 233, 232, 195, 197, 310, 195, 310, 317, 317, 310, 312, 317, 312, 319, 319, 312, 314, 319, 314, 320, 320, 314, 316, 320, 316, 322, 322, 316, 229, 322, 229, 228, 324, 3, 2, 324, 2, 325, 326, 327, 328, 326, 328, 329, 330, 331, 332, 330, 332, 333, 331, 334, 335, 331, 335, 332, 334, 336, 337, 334, 337, 335, 336, 338, 339, 336, 339, 337, 338, 340, 341, 338, 341, 339, 340, 342, 343, 340, 343, 341, 342, 344, 345, 342, 345, 343, 344, 346, 347, 344, 347, 345, 346, 348, 349, 346, 349, 347, 348, 350, 351, 348, 351, 349, 350, 352, 353, 350, 353, 351, 352, 354, 355, 352, 355, 353, 354, 356, 357, 354, 357, 355, 356, 326, 329, 356, 329, 357, 358, 39, 38, 358, 38, 359, 359, 38, 41, 359, 41, 360, 360, 41, 43, 360, 43, 361, 361, 43, 45, 361, 45, 362, 362, 45, 47, 362, 47, 363, 363, 47, 49, 363, 49, 364, 364, 49, 51, 364, 51, 365, 365, 51, 53, 365, 53, 366, 366, 53, 55, 366, 55, 367, 367, 55, 57, 367, 57, 368, 368, 57, 59, 368, 59, 369, 369, 59, 61, 369, 61, 370, 370, 61, 63, 370, 63, 371, 371, 63, 3, 371, 3, 324, 372, 373, 374, 372, 374, 375, 376, 377, 378, 376, 378, 379, 380, 372, 375, 380, 375, 381, 373, 376, 379, 373, 379, 374, 377, 382, 383, 377, 383, 378, 384, 385, 386, 384, 386, 387, 387, 386, 388, 387, 388, 389, 389, 388, 390, 389, 390, 391, 391, 390, 326, 391, 326, 356, 392, 384, 387, 392, 387, 393, 393, 387, 389, 393, 389, 394, 394, 389, 391, 394, 391, 395, 395, 391, 356, 395, 356, 354, 396, 392, 393, 396, 393, 397, 397, 393, 394, 397, 394, 398, 398, 394, 395, 398, 395, 399, 399, 395, 354, 399, 354, 352, 400, 396, 397, 400, 397, 401, 401, 397, 398, 401, 398, 402, 402, 398, 399, 402, 399, 403, 403, 399, 352, 403, 352, 350, 404, 400, 401, 404, 401, 405, 405, 401, 402, 405, 402, 406, 406, 402, 403, 406, 403, 407, 407, 403, 350, 407, 350, 348, 408, 404, 405, 408, 405, 409, 409, 405, 406, 409, 406, 410, 410, 406, 407, 410, 407, 411, 411, 407, 348, 411, 348, 346, 412, 408, 409, 412, 409, 413, 413, 409, 410, 413, 410, 414, 414, 410, 411, 414, 411, 415, 415, 411, 346, 415, 346, 344, 416, 412, 413, 416, 413, 417, 417, 413, 414, 417, 414, 418, 418, 414, 415, 418, 415, 419, 419, 415, 344, 419, 344, 342, 420, 416, 417, 420, 417, 421, 421, 417, 418, 421, 418, 422, 422, 418, 419, 422, 419, 423, 423, 419, 342, 423, 342, 340, 424, 420, 421, 424, 421, 425, 425, 421, 422, 425, 422, 426, 426, 422, 423, 426, 423, 427, 427, 423, 340, 427, 340, 338, 428, 424, 425, 428, 425, 429, 429, 425, 426, 429, 426, 430, 430, 426, 427, 430, 427, 431, 431, 427, 338, 431, 338, 336, 432, 428, 429, 432, 429, 433, 433, 429, 430, 433, 430, 434, 434, 430, 431, 434, 431, 435, 435, 431, 336, 435, 336, 334, 436, 432, 433, 436, 433, 437, 437, 433, 434, 437, 434, 438, 438, 434, 435, 438, 435, 439, 439, 435, 334, 439, 334, 331, 440, 436, 437, 440, 437, 441, 441, 437, 438, 441, 438, 442, 442, 438, 439, 442, 439, 443, 443, 439, 331, 443, 331, 330, 385, 444, 445, 385, 445, 386, 386, 445, 446, 386, 446, 388, 388, 446, 447, 388, 447, 390, 390, 447, 327, 390, 327, 326, 384, 371, 324, 384, 324, 385, 392, 370, 371, 392, 371, 384, 396, 369, 370, 396, 370, 392, 400, 368, 369, 400, 369, 396, 404, 367, 368, 404, 368, 400, 408, 366, 367, 408, 367, 404, 412, 365, 366, 412, 366, 408, 416, 364, 365, 416, 365, 412, 420, 363, 364, 420, 364, 416, 424, 362, 363, 424, 363, 420, 428, 361, 362, 428, 362, 424, 432, 360, 361, 432, 361, 428, 436, 359, 360, 436, 360, 432, 440, 358, 359, 440, 359, 436, 385, 324, 325, 385, 325, 444, 329, 328, 448, 329, 448, 449, 449, 448, 450, 449, 450, 451, 451, 450, 452, 451, 452, 453, 453, 452, 454, 453, 454, 455, 455, 454, 382, 455, 382, 377, 355, 357, 456, 355, 456, 457, 457, 456, 458, 457, 458, 459, 459, 458, 460, 459, 460, 461, 461, 460, 462, 461, 462, 463, 463, 462, 376, 463, 376, 373, 351, 353, 464, 351, 464, 465, 465, 464, 466, 465, 466, 467, 467, 466, 468, 467, 468, 469, 469, 468, 470, 469, 470, 471, 471, 470, 372, 471, 372, 380, 357, 329, 449, 357, 449, 456, 456, 449, 451, 456, 451, 458, 458, 451, 453, 458, 453, 460, 460, 453, 455, 460, 455, 462, 462, 455, 377, 462, 377, 376, 353, 355, 457, 353, 457, 464, 464, 457, 459, 464, 459, 466, 466, 459, 461, 466, 461, 468, 468, 461, 463, 468, 463, 470, 470, 463, 373, 470, 373, 372, 472, 473, 166, 472, 166, 165, 474, 475, 476, 474, 476, 477, 478, 479, 480, 478, 480, 481, 481, 480, 482, 481, 482, 483, 483, 482, 484, 483, 484, 485, 485, 484, 486, 485, 486, 487, 487, 486, 488, 487, 488, 489, 489, 488, 490, 489, 490, 491, 491, 490, 492, 491, 492, 493, 493, 492, 494, 493, 494, 495, 495, 494, 496, 495, 496, 497, 497, 496, 498, 497, 498, 499, 499, 498, 500, 499, 500, 501, 501, 500, 502, 501, 502, 503, 503, 502, 504, 503, 504, 505, 505, 504, 475, 505, 475, 474, 506, 507, 202, 506, 202, 201, 507, 508, 204, 507, 204, 202, 508, 509, 206, 508, 206, 204, 509, 510, 208, 509, 208, 206, 510, 511, 210, 510, 210, 208, 511, 512, 212, 511, 212, 210, 512, 513, 214, 512, 214, 212, 513, 514, 216, 513, 216, 214, 514, 515, 218, 514, 218, 216, 515, 516, 220, 515, 220, 218, 516, 517, 222, 516, 222, 220, 517, 518, 224, 517, 224, 222, 518, 519, 226, 518, 226, 224, 519, 472, 165, 519, 165, 226, 520, 521, 522, 520, 522, 523, 524, 525, 526, 524, 526, 527, 528, 529, 521, 528, 521, 520, 523, 522, 525, 523, 525, 524, 527, 526, 530, 527, 530, 382, 531, 532, 533, 531, 533, 534, 532, 535, 536, 532, 536, 533, 535, 537, 538, 535, 538, 536, 537, 505, 474, 537, 474, 538, 539, 540, 532, 539, 532, 531, 540, 541, 535, 540, 535, 532, 541, 542, 537, 541, 537, 535, 542, 503, 505, 542, 505, 537, 543, 544, 540, 543, 540, 539, 544, 545, 541, 544, 541, 540, 545, 546, 542, 545, 542, 541, 546, 501, 503, 546, 503, 542, 547, 548, 544, 547, 544, 543, 548, 549, 545, 548, 545, 544, 549, 550, 546, 549, 546, 545, 550, 499, 501, 550, 501, 546, 551, 552, 548, 551, 548, 547, 552, 553, 549, 552, 549, 548, 553, 554, 550, 553, 550, 549, 554, 497, 499, 554, 499, 550, 555, 556, 552, 555, 552, 551, 556, 557, 553, 556, 553, 552, 557, 558, 554, 557, 554, 553, 558, 495, 497, 558, 497, 554, 559, 560, 556, 559, 556, 555, 560, 561, 557, 560, 557, 556, 561, 562, 558, 561, 558, 557, 562, 493, 495, 562, 495, 558, 563, 564, 560, 563, 560, 559, 564, 565, 561, 564, 561, 560, 565, 566, 562, 565, 562, 561, 566, 491, 493, 566, 493, 562, 567, 568, 564, 567, 564, 563, 568, 569, 565, 568, 565, 564, 569, 570, 566, 569, 566, 565, 570, 489, 491, 570, 491, 566, 571, 572, 568, 571, 568, 567, 572, 573, 569, 572, 569, 568, 573, 574, 570, 573, 570, 569, 574, 487, 489, 574, 489, 570, 575, 576, 572, 575, 572, 571, 576, 577, 573, 576, 573, 572, 577, 578, 574, 577, 574, 573, 578, 485, 487, 578, 487, 574, 579, 580, 576, 579, 576, 575, 580, 581, 577, 580, 577, 576, 581, 582, 578, 581, 578, 577, 582, 483, 485, 582, 485, 578, 583, 584, 580, 583, 580, 579, 584, 585, 581, 584, 581, 580, 585, 586, 582, 585, 582, 581, 586, 481, 483, 586, 483, 582, 587, 588, 584, 587, 584, 583, 588, 589, 585, 588, 585, 584, 589, 590, 586, 589, 586, 585, 590, 478, 481, 590, 481, 586, 534, 533, 591, 534, 591, 592, 533, 536, 593, 533, 593, 591, 536, 538, 594, 536, 594, 593, 538, 474, 477, 538, 477, 594, 531, 534, 472, 531, 472, 519, 539, 531, 519, 539, 519, 518, 543, 539, 518, 543, 518, 517, 547, 543, 517, 547, 517, 516, 551, 547, 516, 551, 516, 515, 555, 551, 515, 555, 515, 514, 559, 555, 514, 559, 514, 513, 563, 559, 513, 563, 513, 512, 567, 563, 512, 567, 512, 511, 571, 567, 511, 571, 511, 510, 575, 571, 510, 575, 510, 509, 579, 575, 509, 579, 509, 508, 583, 579, 508, 583, 508, 507, 587, 583, 507, 587, 507, 506, 534, 592, 473, 534, 473, 472, 475, 595, 596, 475, 596, 476, 595, 597, 598, 595, 598, 596, 597, 599, 452, 597, 452, 598, 599, 600, 454, 599, 454, 452, 600, 527, 382, 600, 382, 454, 502, 601, 602, 502, 602, 504, 601, 603, 604, 601, 604, 602, 603, 605, 606, 603, 606, 604, 605, 607, 608, 605, 608, 606, 607, 523, 524, 607, 524, 608, 498, 609, 610, 498, 610, 500, 609, 611, 612, 609, 612, 610, 611, 613, 614, 611, 614, 612, 613, 615, 616, 613, 616, 614, 615, 528, 520, 615, 520, 616, 504, 602, 595, 504, 595, 475, 602, 604, 597, 602, 597, 595, 604, 606, 599, 604, 599, 597, 606, 608, 600, 606, 600, 599, 608, 524, 527, 608, 527, 600, 500, 610, 601, 500, 601, 502, 610, 612, 603, 610, 603, 601, 612, 614, 605, 612, 605, 603, 614, 616, 607, 614, 607, 605, 616, 520, 523, 616, 523, 607]
            custom uint[] physxParticle:weldedVerticesRemapToOrig = [0, 1, 2, 3, 4, 5, 6, 7, 8, 9, 10, 11, 12, 13, 14, 15, 16, 17, 18, 19, 20, 21, 22, 23, 24, 25, 26, 27, 28, 29, 30, 31, 32, 33, 34, 35, 36, 37, 38, 39, 40, 41, 42, 43, 44, 45, 46, 47, 48, 49, 50, 51, 52, 53, 54, 55, 56, 57, 58, 59, 60, 61, 62, 63, 64, 65, 66, 67, 68, 69, 70, 71, 72, 73, 74, 75, 76, 77, 78, 79, 80, 81, 82, 83, 84, 85, 86, 87, 88, 89, 90, 91, 92, 93, 94, 95, 96, 97, 98, 99, 100, 101, 102, 103, 104, 105, 106, 107, 108, 109, 110, 111, 112, 113, 114, 115, 116, 117, 118, 119, 120, 121, 122, 123, 124, 125, 126, 127, 128, 129, 130, 131, 132, 133, 134, 135, 136, 137, 138, 139, 140, 141, 142, 143, 144, 145, 146, 147, 148, 149, 150, 151, 152, 153, 154, 155, 156, 157, 158, 159, 160, 161, 162, 163, 164, 165, 166, 167, 168, 169, 170, 171, 172, 173, 174, 175, 176, 177, 178, 179, 180, 181, 182, 183, 184, 185, 186, 187, 188, 189, 190, 191, 192, 193, 194, 195, 196, 197, 198, 199, 200, 201, 202, 203, 204, 205, 206, 207, 208, 209, 210, 211, 212, 213, 214, 215, 216, 217, 218, 219, 220, 221, 222, 223, 224, 225, 226, 227, 228, 229, 230, 231, 232, 233, 234, 235, 237, 238, 239, 240, 241, 242, 243, 244, 245, 246, 247, 248, 249, 250, 251, 252, 253, 254, 255, 256, 257, 258, 259, 260, 261, 262, 263, 264, 265, 266, 267, 268, 269, 270, 271, 272, 273, 274, 275, 276, 277, 278, 279, 280, 281, 282, 283, 284, 285, 286, 287, 288, 289, 290, 291, 292, 293, 294, 295, 296, 297, 298, 299, 301, 302, 303, 304, 305, 307, 308, 309, 310, 311, 312, 313, 314, 315, 316, 317, 318, 319, 320, 321, 322, 324, 325, 326, 327, 328, 329, 330, 331, 332, 333, 334, 335, 336, 337, 338, 339, 340, 341, 342, 343, 344, 345, 346, 347, 348, 349, 350, 351, 352, 353, 354, 355, 356, 357, 358, 359, 360, 361, 362, 363, 364, 365, 366, 367, 368, 369, 370, 371, 372, 373, 374, 375, 376, 377, 378, 379, 380, 381, 382, 383, 384, 385, 386, 387, 388, 389, 390, 391, 392, 393, 394, 395, 396, 397, 398, 399, 400, 401, 402, 403, 404, 405, 406, 407, 408, 409, 410, 411, 412, 413, 414, 415, 416, 417, 418, 419, 420, 421, 422, 423, 424, 425, 426, 427, 428, 429, 430, 431, 432, 433, 434, 435, 436, 437, 438, 439, 440, 441, 442, 443, 444, 445, 446, 447, 448, 449, 450, 451, 452, 453, 454, 455, 456, 457, 458, 459, 460, 461, 462, 463, 464, 465, 466, 467, 468, 469, 470, 471, 472, 473, 474, 475, 476, 477, 478, 479, 480, 481, 482, 483, 484, 485, 486, 487, 488, 489, 490, 491, 492, 493, 494, 495, 496, 497, 498, 499, 500, 501, 502, 503, 504, 505, 506, 507, 508, 509, 510, 511, 512, 513, 514, 515, 516, 517, 518, 519, 520, 521, 522, 523, 524, 525, 526, 527, 528, 529, 530, 531, 532, 533, 534, 536, 537, 538, 539, 540, 541, 542, 543, 544, 545, 546, 547, 548, 549, 550, 551, 552, 553, 554, 555, 556, 557, 558, 559, 560, 561, 562, 563, 564, 565, 566, 567, 568, 569, 570, 571, 572, 573, 574, 575, 576, 577, 578, 579, 580, 581, 582, 583, 584, 585, 586, 587, 588, 589, 590, 591, 592, 593, 594, 595, 596, 597, 598, 599, 600, 601, 602, 603, 604, 606, 608, 609, 610, 611, 612, 613, 614, 615, 616, 617, 618, 619, 620, 621, 622, 623]
            custom uint[] physxParticle:weldedVerticesRemapToWeld = [0, 1, 2, 3, 4, 5, 6, 7, 8, 9, 10, 11, 12, 13, 14, 15, 16, 17, 18, 19, 20, 21, 22, 23, 24, 25, 26, 27, 28, 29, 30, 31, 32, 33, 34, 35, 36, 37, 38, 39, 40, 41, 42, 43, 44, 45, 46, 47, 48, 49, 50, 51, 52, 53, 54, 55, 56, 57, 58, 59, 60, 61, 62, 63, 64, 65, 66, 67, 68, 69, 70, 71, 72, 73, 74, 75, 76, 77, 78, 79, 80, 81, 82, 83, 84, 85, 86, 87, 88, 89, 90, 91, 92, 93, 94, 95, 96, 97, 98, 99, 100, 101, 102, 103, 104, 105, 106, 107, 108, 109, 110, 111, 112, 113, 114, 115, 116, 117, 118, 119, 120, 121, 122, 123, 124, 125, 126, 127, 128, 129, 130, 131, 132, 133, 134, 135, 136, 137, 138, 139, 140, 141, 142, 143, 144, 145, 146, 147, 148, 149, 150, 151, 152, 153, 154, 155, 156, 157, 158, 159, 160, 161, 162, 163, 164, 165, 166, 167, 168, 169, 170, 171, 172, 173, 174, 175, 176, 177, 178, 179, 180, 181, 182, 183, 184, 185, 186, 187, 188, 189, 190, 191, 192, 193, 194, 195, 196, 197, 198, 199, 200, 201, 202, 203, 204, 205, 206, 207, 208, 209, 210, 211, 212, 213, 214, 215, 216, 217, 218, 219, 220, 221, 222, 223, 224, 225, 226, 227, 228, 229, 230, 231, 232, 233, 234, 235, 72, 236, 237, 238, 239, 240, 241, 242, 243, 244, 245, 246, 247, 248, 249, 250, 251, 252, 253, 254, 255, 256, 257, 258, 259, 260, 261, 262, 263, 264, 265, 266, 267, 268, 269, 270, 271, 272, 273, 274, 275, 276, 277, 278, 279, 280, 281, 282, 283, 284, 285, 286, 287, 288, 289, 290, 291, 292, 293, 294, 295, 296, 297, 298, 137, 299, 300, 301, 302, 303, 143, 304, 305, 306, 307, 308, 309, 310, 311, 312, 313, 314, 315, 316, 317, 318, 319, 158, 320, 321, 322, 323, 324, 325, 326, 327, 328, 329, 330, 331, 332, 333, 334, 335, 336, 337, 338, 339, 340, 341, 342, 343, 344, 345, 346, 347, 348, 349, 350, 351, 352, 353, 354, 355, 356, 357, 358, 359, 360, 361, 362, 363, 364, 365, 366, 367, 368, 369, 370, 371, 372, 373, 374, 375, 376, 377, 378, 379, 380, 381, 382, 383, 384, 385, 386, 387, 388, 389, 390, 391, 392, 393, 394, 395, 396, 397, 398, 399, 400, 401, 402, 403, 404, 405, 406, 407, 408, 409, 410, 411, 412, 413, 414, 415, 416, 417, 418, 419, 420, 421, 422, 423, 424, 425, 426, 427, 428, 429, 430, 431, 432, 433, 434, 435, 436, 437, 438, 439, 440, 441, 442, 443, 444, 445, 446, 447, 448, 449, 450, 451, 452, 453, 454, 455, 456, 457, 458, 459, 460, 461, 462, 463, 464, 465, 466, 467, 468, 469, 470, 471, 472, 473, 474, 475, 476, 477, 478, 479, 480, 481, 482, 483, 484, 485, 486, 487, 488, 489, 490, 491, 492, 493, 494, 495, 496, 497, 498, 499, 500, 501, 502, 503, 504, 505, 506, 507, 508, 509, 510, 511, 512, 513, 514, 515, 516, 517, 518, 519, 520, 521, 522, 523, 524, 525, 526, 527, 528, 529, 530, 382, 531, 532, 533, 534, 535, 536, 537, 538, 539, 540, 541, 542, 543, 544, 545, 546, 547, 548, 549, 550, 551, 552, 553, 554, 555, 556, 557, 558, 559, 560, 561, 562, 563, 564, 565, 566, 567, 568, 569, 570, 571, 572, 573, 574, 575, 576, 577, 578, 579, 580, 581, 582, 583, 584, 585, 586, 587, 588, 589, 590, 591, 592, 593, 594, 595, 596, 597, 598, 599, 452, 600, 454, 601, 602, 603, 604, 605, 606, 607, 608, 609, 610, 611, 612, 613, 614, 615, 616]
        }
    }

    def PhysxParticleSystem "ParticleSystem"
    {
    }
}

def Xform "Environment"
{
    quatd xformOp:orient = (1, 0, 0, 0)
    double3 xformOp:scale = (1, 1, 1)
    double3 xformOp:translate = (0, 0, 0)
    uniform token[] xformOpOrder = ["xformOp:translate", "xformOp:orient", "xformOp:scale"]

    def DistantLight "defaultLight" (
        prepend apiSchemas = ["ShapingAPI"]
    )
    {
        float inputs:angle = 1
        float inputs:intensity = 3000
        float inputs:shaping:cone:angle = 180
        float inputs:shaping:cone:softness
        float inputs:shaping:focus
        color3f inputs:shaping:focusTint
        asset inputs:shaping:ies:file
        quatd xformOp:orient = (0.6532814824381883, 0.2705980500730985, 0.27059805007309845, 0.6532814824381882)
        double3 xformOp:scale = (1, 1, 1)
        double3 xformOp:translate = (0, 0, 0)
        uniform token[] xformOpOrder = ["xformOp:translate", "xformOp:orient", "xformOp:scale"]
    }
}

